timestamp,node,socket,core,temperature,frequency,cpu_usage,cpu_power,memory_power,cpu_energy,memory_energy
2026-07-17 12:40:01,cn21,0,0,25.0,1707.63,0.0,35.2671,29.7273,188160.74633789062,157843.78125
2026-07-17 12:40:01,cn21,0,1,27.0,1765.35,0.0,35.2671,29.7273,188160.74633789062,157843.78125
2026-07-17 12:40:01,cn21,0,2,26.0,1777.48,0.0,35.2671,29.7273,188160.74633789062,157843.78125
2026-07-17 12:40:01,cn21,0,3,24.0,1774.4,0.0,35.2671,29.7273,188160.74633789062,157843.78125
2026-07-17 12:40:01,cn21,0,4,25.0,1741.73,0.0,35.2671,29.7273,188160.74633789062,157843.78125
2026-07-17 12:40:01,cn21,0,5,26.0,1743.35,0.0,35.2671,29.7273,188160.74633789062,157843.78125
2026-07-17 12:40:01,cn21,0,6,27.0,1734.14,0.0,35.2671,29.7273,188160.74633789062,157843.78125
2026-07-17 12:40:01,cn21,0,7,23.0,1736.47,0.0,35.2671,29.7273,188160.74633789062,157843.78125
2026-07-17 12:40:01,cn21,0,8,28.0,1693.18,0.0,35.2671,29.7273,188160.74633789062,157843.78125
2026-07-17 12:40:01,cn21,0,9,28.0,1693.96,0.0,35.2671,29.7273,188160.74633789062,157843.78125
2026-07-17 12:40:01,cn21,0,10,28.0,1603.0,0.0,35.2671,29.7273,188160.74633789062,157843.78125
2026-07-17 12:40:01,cn21,0,11,29.0,1705.82,0.0,35.2671,29.7273,188160.74633789062,157843.78125
2026-07-17 12:40:01,cn21,0,12,26.0,1674.74,0.0,35.2671,29.7273,188160.74633789062,157843.78125
2026-07-17 12:40:01,cn21,0,13,23.0,1646.11,0.0,35.2671,29.7273,188160.74633789062,157843.78125
2026-07-17 12:40:01,cn21,0,14,25.0,1628.45,0.0,35.2671,29.7273,188160.74633789062,157843.78125
2026-07-17 12:40:01,cn21,0,15,27.0,1656.17,0.0,35.2671,29.7273,188160.74633789062,157843.78125
2026-07-17 12:40:01,cn21,0,16,26.0,1642.1,0.0,35.2671,29.7273,188160.74633789062,157843.78125
2026-07-17 12:40:01,cn21,0,17,24.0,1646.84,0.0,35.2671,29.7273,188160.74633789062,157843.78125
2026-07-17 12:40:01,cn21,0,18,27.0,1459.84,0.0,35.2671,29.7273,188160.74633789062,157843.78125
2026-07-17 12:40:01,cn21,0,19,23.0,1627.62,0.0,35.2671,29.7273,188160.74633789062,157843.78125
2026-07-17 12:40:01,cn21,0,20,25.0,1660.71,0.0,35.2671,29.7273,188160.74633789062,157843.78125
2026-07-17 12:40:01,cn21,0,21,26.0,1645.09,0.0,35.2671,29.7273,188160.74633789062,157843.78125
2026-07-17 12:40:01,cn21,0,22,27.0,1643.22,0.0,35.2671,29.7273,188160.74633789062,157843.78125
2026-07-17 12:40:01,cn21,0,23,25.0,1630.17,0.0,35.2671,29.7273,188160.74633789062,157843.78125
2026-07-17 12:40:01,cn21,1,0,32.0,1555.36,0.0,39.3367,49.683,131865.52764892578,27062.107421875
2026-07-17 12:40:01,cn21,1,1,29.0,1619.14,0.0,39.3367,49.683,131865.52764892578,27062.107421875
2026-07-17 12:40:01,cn21,1,2,27.0,1621.43,0.0,39.3367,49.683,131865.52764892578,27062.107421875
2026-07-17 12:40:01,cn21,1,3,26.0,1634.75,0.0,39.3367,49.683,131865.52764892578,27062.107421875
2026-07-17 12:40:01,cn21,1,4,26.0,1619.02,0.0,39.3367,49.683,131865.52764892578,27062.107421875
2026-07-17 12:40:01,cn21,1,5,32.0,1578.71,0.0,39.3367,49.683,131865.52764892578,27062.107421875
2026-07-17 12:40:01,cn21,1,6,29.0,1648.73,0.0,39.3367,49.683,131865.52764892578,27062.107421875
2026-07-17 12:40:01,cn21,1,7,26.0,1633.02,0.0,39.3367,49.683,131865.52764892578,27062.107421875
2026-07-17 12:40:01,cn21,1,8,26.0,1549.87,0.0,39.3367,49.683,131865.52764892578,27062.107421875
2026-07-17 12:40:01,cn21,1,9,27.0,1515.47,0.0,39.3367,49.683,131865.52764892578,27062.107421875
2026-07-17 12:40:01,cn21,1,10,28.0,1580.13,0.0,39.3367,49.683,131865.52764892578,27062.107421875
2026-07-17 12:40:01,cn21,1,11,29.0,1546.71,0.0,39.3367,49.683,131865.52764892578,27062.107421875
2026-07-17 12:40:01,cn21,1,12,30.0,1395.22,0.0,39.3367,49.683,131865.52764892578,27062.107421875
2026-07-17 12:40:01,cn21,1,13,28.0,1381.75,0.0,39.3367,49.683,131865.52764892578,27062.107421875
2026-07-17 12:40:01,cn21,1,14,27.0,1553.11,0.0,39.3367,49.683,131865.52764892578,27062.107421875
2026-07-17 12:40:01,cn21,1,15,27.0,1475.94,0.0,39.3367,49.683,131865.52764892578,27062.107421875
2026-07-17 12:40:01,cn21,1,16,28.0,1560.31,0.0,39.3367,49.683,131865.52764892578,27062.107421875
2026-07-17 12:40:01,cn21,1,17,28.0,1546.17,0.0,39.3367,49.683,131865.52764892578,27062.107421875
2026-07-17 12:40:01,cn21,1,18,28.0,1442.64,0.0,39.3367,49.683,131865.52764892578,27062.107421875
2026-07-17 12:40:01,cn21,1,19,26.0,1442.04,0.0,39.3367,49.683,131865.52764892578,27062.107421875
2026-07-17 12:40:01,cn21,1,20,26.0,1277.06,0.0,39.3367,49.683,131865.52764892578,27062.107421875
2026-07-17 12:40:01,cn21,1,21,28.0,1341.47,0.0,39.3367,49.683,131865.52764892578,27062.107421875
2026-07-17 12:40:01,cn21,1,22,30.0,1343.07,0.0,39.3367,49.683,131865.52764892578,27062.107421875
2026-07-17 12:40:01,cn21,1,23,28.0,1458.27,0.0,39.3367,49.683,131865.52764892578,27062.107421875
2026-07-17 12:40:01,gpu45,0,0,29.0,1431.4,0.02,53.8253,41.8399,87885.0606689453,206746.9663696289
2026-07-17 12:40:01,gpu45,0,1,28.0,1431.98,0.0,53.8253,41.8399,87885.0606689453,206746.9663696289
2026-07-17 12:40:01,gpu45,0,2,29.0,1428.34,0.0,53.8253,41.8399,87885.0606689453,206746.9663696289
2026-07-17 12:40:01,gpu45,0,3,26.0,1423.6,0.0,53.8253,41.8399,87885.0606689453,206746.9663696289
2026-07-17 12:40:01,gpu45,0,4,26.0,1419.05,0.0,53.8253,41.8399,87885.0606689453,206746.9663696289
2026-07-17 12:40:01,gpu45,0,5,27.0,1417.47,0.0,53.8253,41.8399,87885.0606689453,206746.9663696289
2026-07-17 12:40:01,gpu45,0,6,28.0,1417.61,0.0,53.8253,41.8399,87885.0606689453,206746.9663696289
2026-07-17 12:40:01,gpu45,0,7,26.0,1421.78,0.0,53.8253,41.8399,87885.0606689453,206746.9663696289
2026-07-17 12:40:01,gpu45,0,8,26.0,1415.47,0.99,53.8253,41.8399,87885.0606689453,206746.9663696289
2026-07-17 12:40:01,gpu45,0,9,26.0,1419.95,0.0,53.8253,41.8399,87885.0606689453,206746.9663696289
2026-07-17 12:40:01,gpu45,0,10,29.0,1415.43,0.0,53.8253,41.8399,87885.0606689453,206746.9663696289
2026-07-17 12:40:01,gpu45,0,11,28.0,1417.25,0.0,53.8253,41.8399,87885.0606689453,206746.9663696289
2026-07-17 12:40:01,gpu45,0,12,27.0,1418.45,0.0,53.8253,41.8399,87885.0606689453,206746.9663696289
2026-07-17 12:40:01,gpu45,0,13,26.0,1412.65,0.0,53.8253,41.8399,87885.0606689453,206746.9663696289
2026-07-17 12:40:01,gpu45,0,14,26.0,1417.41,0.0,53.8253,41.8399,87885.0606689453,206746.9663696289
2026-07-17 12:40:01,gpu45,0,15,28.0,1417.48,0.0,53.8253,41.8399,87885.0606689453,206746.9663696289
2026-07-17 12:40:01,gpu45,0,16,27.0,1417.75,0.0,53.8253,41.8399,87885.0606689453,206746.9663696289
2026-07-17 12:40:01,gpu45,0,17,28.0,1417.01,0.0,53.8253,41.8399,87885.0606689453,206746.9663696289
2026-07-17 12:40:01,gpu45,0,18,28.0,1418.41,0.0,53.8253,41.8399,87885.0606689453,206746.9663696289
2026-07-17 12:40:01,gpu45,0,19,25.0,1417.01,0.0,53.8253,41.8399,87885.0606689453,206746.9663696289
2026-07-17 12:40:01,gpu45,0,20,26.0,1422.58,0.0,53.8253,41.8399,87885.0606689453,206746.9663696289
2026-07-17 12:40:01,gpu45,0,21,26.0,1419.55,0.0,53.8253,41.8399,87885.0606689453,206746.9663696289
2026-07-17 12:40:01,gpu45,0,22,28.0,1416.07,0.0,53.8253,41.8399,87885.0606689453,206746.9663696289
2026-07-17 12:40:01,gpu45,0,23,30.0,1418.78,0.0,53.8253,41.8399,87885.0606689453,206746.9663696289
2026-07-17 12:40:01,gpu45,1,0,31.0,1452.9,0.0,64.7371,38.9315,227022.94311523438,158896.71478271484
2026-07-17 12:40:01,gpu45,1,1,30.0,1457.03,0.0,64.7371,38.9315,227022.94311523438,158896.71478271484
2026-07-17 12:40:01,gpu45,1,2,31.0,1452.83,0.0,64.7371,38.9315,227022.94311523438,158896.71478271484
2026-07-17 12:40:01,gpu45,1,3,28.0,1454.2,0.0,64.7371,38.9315,227022.94311523438,158896.71478271484
2026-07-17 12:40:01,gpu45,1,4,30.0,1458.29,0.0,64.7371,38.9315,227022.94311523438,158896.71478271484
2026-07-17 12:40:01,gpu45,1,5,30.0,1456.06,0.0,64.7371,38.9315,227022.94311523438,158896.71478271484
2026-07-17 12:40:01,gpu45,1,6,30.0,1452.66,0.0,64.7371,38.9315,227022.94311523438,158896.71478271484
2026-07-17 12:40:01,gpu45,1,7,28.0,1455.65,0.0,64.7371,38.9315,227022.94311523438,158896.71478271484
2026-07-17 12:40:01,gpu45,1,8,29.0,1451.6,0.0,64.7371,38.9315,227022.94311523438,158896.71478271484
2026-07-17 12:40:01,gpu45,1,9,31.0,1453.59,0.0,64.7371,38.9315,227022.94311523438,158896.71478271484
2026-07-17 12:40:01,gpu45,1,10,29.0,1452.32,0.0,64.7371,38.9315,227022.94311523438,158896.71478271484
2026-07-17 12:40:01,gpu45,1,11,30.0,1452.73,0.0,64.7371,38.9315,227022.94311523438,158896.71478271484
2026-07-17 12:40:01,gpu45,1,12,30.0,1450.65,0.0,64.7371,38.9315,227022.94311523438,158896.71478271484
2026-07-17 12:40:01,gpu45,1,13,27.0,1453.96,0.0,64.7371,38.9315,227022.94311523438,158896.71478271484
2026-07-17 12:40:01,gpu45,1,14,30.0,1452.82,0.0,64.7371,38.9315,227022.94311523438,158896.71478271484
2026-07-17 12:40:01,gpu45,1,15,31.0,1453.55,0.0,64.7371,38.9315,227022.94311523438,158896.71478271484
2026-07-17 12:40:01,gpu45,1,16,30.0,1453.48,0.0,64.7371,38.9315,227022.94311523438,158896.71478271484
2026-07-17 12:40:01,gpu45,1,17,27.0,1453.44,0.0,64.7371,38.9315,227022.94311523438,158896.71478271484
2026-07-17 12:40:01,gpu45,1,18,30.0,1455.0,0.0,64.7371,38.9315,227022.94311523438,158896.71478271484
2026-07-17 12:40:01,gpu45,1,19,27.0,1454.11,0.0,64.7371,38.9315,227022.94311523438,158896.71478271484
2026-07-17 12:40:01,gpu45,1,20,28.0,1453.3,0.0,64.7371,38.9315,227022.94311523438,158896.71478271484
2026-07-17 12:40:01,gpu45,1,21,29.0,1454.53,0.0,64.7371,38.9315,227022.94311523438,158896.71478271484
2026-07-17 12:40:01,gpu45,1,22,30.0,1451.39,0.0,64.7371,38.9315,227022.94311523438,158896.71478271484
2026-07-17 12:40:01,gpu45,1,23,30.0,1453.35,0.0,64.7371,38.9315,227022.94311523438,158896.71478271484
2026-07-17 12:45:01,cn21,0,0,25.0,1707.62,0.0,34.9945,29.2824,192901.8289794922,163236.5703125
2026-07-17 12:45:01,cn21,0,1,26.0,1765.35,0.0,34.9945,29.2824,192901.8289794922,163236.5703125
2026-07-17 12:45:01,cn21,0,2,27.0,1777.47,0.0,34.9945,29.2824,192901.8289794922,163236.5703125
2026-07-17 12:45:01,cn21,0,3,23.0,1774.4,0.0,34.9945,29.2824,192901.8289794922,163236.5703125
2026-07-17 12:45:01,cn21,0,4,24.0,1741.73,0.0,34.9945,29.2824,192901.8289794922,163236.5703125
2026-07-17 12:45:01,cn21,0,5,25.0,1743.35,0.0,34.9945,29.2824,192901.8289794922,163236.5703125
2026-07-17 12:45:01,cn21,0,6,27.0,1734.14,0.0,34.9945,29.2824,192901.8289794922,163236.5703125
2026-07-17 12:45:01,cn21,0,7,23.0,1736.46,0.0,34.9945,29.2824,192901.8289794922,163236.5703125
2026-07-17 12:45:01,cn21,0,8,28.0,1693.17,0.0,34.9945,29.2824,192901.8289794922,163236.5703125
2026-07-17 12:45:01,cn21,0,9,27.0,1693.96,0.0,34.9945,29.2824,192901.8289794922,163236.5703125
2026-07-17 12:45:01,cn21,0,10,27.0,1602.99,0.0,34.9945,29.2824,192901.8289794922,163236.5703125
2026-07-17 12:45:01,cn21,0,11,29.0,1705.82,0.0,34.9945,29.2824,192901.8289794922,163236.5703125
2026-07-17 12:45:01,cn21,0,12,25.0,1674.74,0.0,34.9945,29.2824,192901.8289794922,163236.5703125
2026-07-17 12:45:01,cn21,0,13,23.0,1646.1,0.0,34.9945,29.2824,192901.8289794922,163236.5703125
2026-07-17 12:45:01,cn21,0,14,25.0,1628.45,0.0,34.9945,29.2824,192901.8289794922,163236.5703125
2026-07-17 12:45:01,cn21,0,15,27.0,1656.16,0.0,34.9945,29.2824,192901.8289794922,163236.5703125
2026-07-17 12:45:01,cn21,0,16,26.0,1642.08,0.0,34.9945,29.2824,192901.8289794922,163236.5703125
2026-07-17 12:45:01,cn21,0,17,24.0,1646.84,0.0,34.9945,29.2824,192901.8289794922,163236.5703125
2026-07-17 12:45:01,cn21,0,18,27.0,1459.77,0.0,34.9945,29.2824,192901.8289794922,163236.5703125
2026-07-17 12:45:01,cn21,0,19,22.0,1627.58,0.0,34.9945,29.2824,192901.8289794922,163236.5703125
2026-07-17 12:45:01,cn21,0,20,24.0,1660.7,0.0,34.9945,29.2824,192901.8289794922,163236.5703125
2026-07-17 12:45:01,cn21,0,21,25.0,1645.09,0.0,34.9945,29.2824,192901.8289794922,163236.5703125
2026-07-17 12:45:01,cn21,0,22,27.0,1643.22,0.0,34.9945,29.2824,192901.8289794922,163236.5703125
2026-07-17 12:45:01,cn21,0,23,25.0,1630.17,0.0,34.9945,29.2824,192901.8289794922,163236.5703125
2026-07-17 12:45:01,cn21,1,0,33.0,1555.37,0.0,39.2318,50.0697,135728.01580810547,36505.99920654297
2026-07-17 12:45:01,cn21,1,1,30.0,1619.12,0.0,39.2318,50.0697,135728.01580810547,36505.99920654297
2026-07-17 12:45:01,cn21,1,2,27.0,1621.42,0.0,39.2318,50.0697,135728.01580810547,36505.99920654297
2026-07-17 12:45:01,cn21,1,3,25.0,1635.37,0.0,39.2318,50.0697,135728.01580810547,36505.99920654297
2026-07-17 12:45:01,cn21,1,4,26.0,1619.49,0.0,39.2318,50.0697,135728.01580810547,36505.99920654297
2026-07-17 12:45:01,cn21,1,5,31.0,1578.94,0.0,39.2318,50.0697,135728.01580810547,36505.99920654297
2026-07-17 12:45:01,cn21,1,6,28.0,1648.58,0.0,39.2318,50.0697,135728.01580810547,36505.99920654297
2026-07-17 12:45:01,cn21,1,7,26.0,1633.01,0.0,39.2318,50.0697,135728.01580810547,36505.99920654297
2026-07-17 12:45:01,cn21,1,8,26.0,1549.86,0.0,39.2318,50.0697,135728.01580810547,36505.99920654297
2026-07-17 12:45:01,cn21,1,9,27.0,1515.46,0.0,39.2318,50.0697,135728.01580810547,36505.99920654297
2026-07-17 12:45:01,cn21,1,10,28.0,1580.13,0.0,39.2318,50.0697,135728.01580810547,36505.99920654297
2026-07-17 12:45:01,cn21,1,11,29.0,1546.7,0.0,39.2318,50.0697,135728.01580810547,36505.99920654297
2026-07-17 12:45:01,cn21,1,12,30.0,1395.22,0.0,39.2318,50.0697,135728.01580810547,36505.99920654297
2026-07-17 12:45:01,cn21,1,13,28.0,1381.75,0.0,39.2318,50.0697,135728.01580810547,36505.99920654297
2026-07-17 12:45:01,cn21,1,14,26.0,1553.1,0.0,39.2318,50.0697,135728.01580810547,36505.99920654297
2026-07-17 12:45:01,cn21,1,15,28.0,1475.94,0.0,39.2318,50.0697,135728.01580810547,36505.99920654297
2026-07-17 12:45:01,cn21,1,16,28.0,1560.31,0.0,39.2318,50.0697,135728.01580810547,36505.99920654297
2026-07-17 12:45:01,cn21,1,17,28.0,1545.95,0.0,39.2318,50.0697,135728.01580810547,36505.99920654297
2026-07-17 12:45:01,cn21,1,18,28.0,1442.64,0.0,39.2318,50.0697,135728.01580810547,36505.99920654297
2026-07-17 12:45:01,cn21,1,19,26.0,1442.03,0.0,39.2318,50.0697,135728.01580810547,36505.99920654297
2026-07-17 12:45:01,cn21,1,20,27.0,1277.06,0.0,39.2318,50.0697,135728.01580810547,36505.99920654297
2026-07-17 12:45:01,cn21,1,21,28.0,1341.47,0.0,39.2318,50.0697,135728.01580810547,36505.99920654297
2026-07-17 12:45:01,cn21,1,22,30.0,1343.06,0.0,39.2318,50.0697,135728.01580810547,36505.99920654297
2026-07-17 12:45:01,cn21,1,23,28.0,1458.28,0.0,39.2318,50.0697,135728.01580810547,36505.99920654297
2026-07-17 12:45:01,gpu45,0,0,29.0,1431.4,0.0,53.5638,43.4779,103970.2607421875,219650.40032958984
2026-07-17 12:45:01,gpu45,0,1,27.0,1431.98,0.0,53.5638,43.4779,103970.2607421875,219650.40032958984
2026-07-17 12:45:01,gpu45,0,2,28.0,1428.34,0.0,53.5638,43.4779,103970.2607421875,219650.40032958984
2026-07-17 12:45:01,gpu45,0,3,25.0,1423.6,0.0,53.5638,43.4779,103970.2607421875,219650.40032958984
2026-07-17 12:45:01,gpu45,0,4,25.0,1419.05,0.0,53.5638,43.4779,103970.2607421875,219650.40032958984
2026-07-17 12:45:01,gpu45,0,5,26.0,1417.47,0.0,53.5638,43.4779,103970.2607421875,219650.40032958984
2026-07-17 12:45:01,gpu45,0,6,27.0,1417.61,0.0,53.5638,43.4779,103970.2607421875,219650.40032958984
2026-07-17 12:45:01,gpu45,0,7,25.0,1421.78,0.0,53.5638,43.4779,103970.2607421875,219650.40032958984
2026-07-17 12:45:01,gpu45,0,8,25.0,1415.47,0.0,53.5638,43.4779,103970.2607421875,219650.40032958984
2026-07-17 12:45:01,gpu45,0,9,25.0,1419.95,0.0,53.5638,43.4779,103970.2607421875,219650.40032958984
2026-07-17 12:45:01,gpu45,0,10,28.0,1415.43,0.0,53.5638,43.4779,103970.2607421875,219650.40032958984
2026-07-17 12:45:01,gpu45,0,11,27.0,1417.25,0.0,53.5638,43.4779,103970.2607421875,219650.40032958984
2026-07-17 12:45:01,gpu45,0,12,26.0,1418.45,0.0,53.5638,43.4779,103970.2607421875,219650.40032958984
2026-07-17 12:45:01,gpu45,0,13,25.0,1412.65,0.0,53.5638,43.4779,103970.2607421875,219650.40032958984
2026-07-17 12:45:01,gpu45,0,14,25.0,1417.41,0.0,53.5638,43.4779,103970.2607421875,219650.40032958984
2026-07-17 12:45:01,gpu45,0,15,27.0,1417.48,0.0,53.5638,43.4779,103970.2607421875,219650.40032958984
2026-07-17 12:45:01,gpu45,0,16,25.0,1417.75,0.0,53.5638,43.4779,103970.2607421875,219650.40032958984
2026-07-17 12:45:01,gpu45,0,17,26.0,1417.01,0.0,53.5638,43.4779,103970.2607421875,219650.40032958984
2026-07-17 12:45:01,gpu45,0,18,27.0,1418.41,0.0,53.5638,43.4779,103970.2607421875,219650.40032958984
2026-07-17 12:45:01,gpu45,0,19,24.0,1417.01,0.0,53.5638,43.4779,103970.2607421875,219650.40032958984
2026-07-17 12:45:01,gpu45,0,20,25.0,1422.58,0.0,53.5638,43.4779,103970.2607421875,219650.40032958984
2026-07-17 12:45:01,gpu45,0,21,25.0,1419.55,0.0,53.5638,43.4779,103970.2607421875,219650.40032958984
2026-07-17 12:45:01,gpu45,0,22,27.0,1416.06,0.0,53.5638,43.4779,103970.2607421875,219650.40032958984
2026-07-17 12:45:01,gpu45,0,23,29.0,1418.78,0.0,53.5638,43.4779,103970.2607421875,219650.40032958984
2026-07-17 12:45:01,gpu45,1,0,31.0,1452.9,0.0,64.9889,38.1996,242596.62841796875,169794.17749023438
2026-07-17 12:45:01,gpu45,1,1,31.0,1457.03,0.0,64.9889,38.1996,242596.62841796875,169794.17749023438
2026-07-17 12:45:01,gpu45,1,2,30.0,1452.83,0.0,64.9889,38.1996,242596.62841796875,169794.17749023438
2026-07-17 12:45:01,gpu45,1,3,27.0,1454.2,0.0,64.9889,38.1996,242596.62841796875,169794.17749023438
2026-07-17 12:45:01,gpu45,1,4,29.0,1458.28,0.0,64.9889,38.1996,242596.62841796875,169794.17749023438
2026-07-17 12:45:01,gpu45,1,5,29.0,1456.05,0.0,64.9889,38.1996,242596.62841796875,169794.17749023438
2026-07-17 12:45:01,gpu45,1,6,29.0,1452.66,0.0,64.9889,38.1996,242596.62841796875,169794.17749023438
2026-07-17 12:45:01,gpu45,1,7,28.0,1455.65,0.0,64.9889,38.1996,242596.62841796875,169794.17749023438
2026-07-17 12:45:01,gpu45,1,8,27.0,1451.6,0.0,64.9889,38.1996,242596.62841796875,169794.17749023438
2026-07-17 12:45:01,gpu45,1,9,27.0,1453.59,0.0,64.9889,38.1996,242596.62841796875,169794.17749023438
2026-07-17 12:45:01,gpu45,1,10,28.0,1452.32,0.0,64.9889,38.1996,242596.62841796875,169794.17749023438
2026-07-17 12:45:01,gpu45,1,11,29.0,1452.73,0.0,64.9889,38.1996,242596.62841796875,169794.17749023438
2026-07-17 12:45:01,gpu45,1,12,29.0,1450.65,0.0,64.9889,38.1996,242596.62841796875,169794.17749023438
2026-07-17 12:45:01,gpu45,1,13,28.0,1453.96,0.0,64.9889,38.1996,242596.62841796875,169794.17749023438
2026-07-17 12:45:01,gpu45,1,14,29.0,1452.82,0.0,64.9889,38.1996,242596.62841796875,169794.17749023438
2026-07-17 12:45:01,gpu45,1,15,30.0,1453.55,0.0,64.9889,38.1996,242596.62841796875,169794.17749023438
2026-07-17 12:45:01,gpu45,1,16,29.0,1453.48,0.0,64.9889,38.1996,242596.62841796875,169794.17749023438
2026-07-17 12:45:01,gpu45,1,17,26.0,1453.44,0.0,64.9889,38.1996,242596.62841796875,169794.17749023438
2026-07-17 12:45:01,gpu45,1,18,29.0,1455.0,0.0,64.9889,38.1996,242596.62841796875,169794.17749023438
2026-07-17 12:45:01,gpu45,1,19,26.0,1454.1,0.0,64.9889,38.1996,242596.62841796875,169794.17749023438
2026-07-17 12:45:01,gpu45,1,20,27.0,1453.29,0.0,64.9889,38.1996,242596.62841796875,169794.17749023438
2026-07-17 12:45:01,gpu45,1,21,28.0,1454.53,0.0,64.9889,38.1996,242596.62841796875,169794.17749023438
2026-07-17 12:45:01,gpu45,1,22,29.0,1451.39,0.0,64.9889,38.1996,242596.62841796875,169794.17749023438
2026-07-17 12:45:01,gpu45,1,23,30.0,1453.35,0.0,64.9889,38.1996,242596.62841796875,169794.17749023438
2026-07-17 12:50:01,cn21,0,0,25.0,1707.6,0.02,34.8462,28.3397,197531.0249633789,168640.84503173828
2026-07-17 12:50:01,cn21,0,1,27.0,1765.35,0.0,34.8462,28.3397,197531.0249633789,168640.84503173828
2026-07-17 12:50:01,cn21,0,2,27.0,1777.47,0.0,34.8462,28.3397,197531.0249633789,168640.84503173828
2026-07-17 12:50:01,cn21,0,3,24.0,1774.39,0.0,34.8462,28.3397,197531.0249633789,168640.84503173828
2026-07-17 12:50:01,cn21,0,4,25.0,1741.73,0.0,34.8462,28.3397,197531.0249633789,168640.84503173828
2026-07-17 12:50:01,cn21,0,5,26.0,1743.35,0.0,34.8462,28.3397,197531.0249633789,168640.84503173828
2026-07-17 12:50:01,cn21,0,6,27.0,1734.14,0.0,34.8462,28.3397,197531.0249633789,168640.84503173828
2026-07-17 12:50:01,cn21,0,7,23.0,1736.46,0.0,34.8462,28.3397,197531.0249633789,168640.84503173828
2026-07-17 12:50:01,cn21,0,8,28.0,1693.17,0.0,34.8462,28.3397,197531.0249633789,168640.84503173828
2026-07-17 12:50:01,cn21,0,9,28.0,1693.96,0.0,34.8462,28.3397,197531.0249633789,168640.84503173828
2026-07-17 12:50:01,cn21,0,10,28.0,1602.99,0.0,34.8462,28.3397,197531.0249633789,168640.84503173828
2026-07-17 12:50:01,cn21,0,11,29.0,1705.82,0.0,34.8462,28.3397,197531.0249633789,168640.84503173828
2026-07-17 12:50:01,cn21,0,12,26.0,1674.74,0.0,34.8462,28.3397,197531.0249633789,168640.84503173828
2026-07-17 12:50:01,cn21,0,13,24.0,1646.1,0.0,34.8462,28.3397,197531.0249633789,168640.84503173828
2026-07-17 12:50:01,cn21,0,14,25.0,1628.45,0.0,34.8462,28.3397,197531.0249633789,168640.84503173828
2026-07-17 12:50:01,cn21,0,15,27.0,1656.16,0.0,34.8462,28.3397,197531.0249633789,168640.84503173828
2026-07-17 12:50:01,cn21,0,16,26.0,1642.07,0.0,34.8462,28.3397,197531.0249633789,168640.84503173828
2026-07-17 12:50:01,cn21,0,17,25.0,1646.84,0.0,34.8462,28.3397,197531.0249633789,168640.84503173828
2026-07-17 12:50:01,cn21,0,18,28.0,1459.71,0.0,34.8462,28.3397,197531.0249633789,168640.84503173828
2026-07-17 12:50:01,cn21,0,19,22.0,1627.55,0.0,34.8462,28.3397,197531.0249633789,168640.84503173828
2026-07-17 12:50:01,cn21,0,20,24.0,1660.7,0.0,34.8462,28.3397,197531.0249633789,168640.84503173828
2026-07-17 12:50:01,cn21,0,21,26.0,1645.09,0.0,34.8462,28.3397,197531.0249633789,168640.84503173828
2026-07-17 12:50:01,cn21,0,22,27.0,1643.21,0.0,34.8462,28.3397,197531.0249633789,168640.84503173828
2026-07-17 12:50:01,cn21,0,23,26.0,1630.17,0.0,34.8462,28.3397,197531.0249633789,168640.84503173828
2026-07-17 12:50:01,cn21,1,0,33.0,1555.41,0.0,39.0964,49.5335,139471.02435302734,45907.92785644531
2026-07-17 12:50:01,cn21,1,1,29.0,1619.35,0.0,39.0964,49.5335,139471.02435302734,45907.92785644531
2026-07-17 12:50:01,cn21,1,2,28.0,1621.41,0.0,39.0964,49.5335,139471.02435302734,45907.92785644531
2026-07-17 12:50:01,cn21,1,3,25.0,1635.48,0.0,39.0964,49.5335,139471.02435302734,45907.92785644531
2026-07-17 12:50:01,cn21,1,4,31.0,1620.09,0.0,39.0964,49.5335,139471.02435302734,45907.92785644531
2026-07-17 12:50:01,cn21,1,5,27.0,1579.2,0.0,39.0964,49.5335,139471.02435302734,45907.92785644531
2026-07-17 12:50:01,cn21,1,6,28.0,1648.42,0.0,39.0964,49.5335,139471.02435302734,45907.92785644531
2026-07-17 12:50:01,cn21,1,7,26.0,1633.12,0.0,39.0964,49.5335,139471.02435302734,45907.92785644531
2026-07-17 12:50:01,cn21,1,8,26.0,1549.86,0.0,39.0964,49.5335,139471.02435302734,45907.92785644531
2026-07-17 12:50:01,cn21,1,9,27.0,1515.46,0.0,39.0964,49.5335,139471.02435302734,45907.92785644531
2026-07-17 12:50:01,cn21,1,10,28.0,1580.12,0.0,39.0964,49.5335,139471.02435302734,45907.92785644531
2026-07-17 12:50:01,cn21,1,11,29.0,1546.68,0.0,39.0964,49.5335,139471.02435302734,45907.92785644531
2026-07-17 12:50:01,cn21,1,12,30.0,1395.22,0.99,39.0964,49.5335,139471.02435302734,45907.92785644531
2026-07-17 12:50:01,cn21,1,13,28.0,1381.75,0.0,39.0964,49.5335,139471.02435302734,45907.92785644531
2026-07-17 12:50:01,cn21,1,14,27.0,1553.08,0.0,39.0964,49.5335,139471.02435302734,45907.92785644531
2026-07-17 12:50:01,cn21,1,15,28.0,1475.93,0.0,39.0964,49.5335,139471.02435302734,45907.92785644531
2026-07-17 12:50:01,cn21,1,16,28.0,1560.31,0.0,39.0964,49.5335,139471.02435302734,45907.92785644531
2026-07-17 12:50:01,cn21,1,17,28.0,1545.73,0.0,39.0964,49.5335,139471.02435302734,45907.92785644531
2026-07-17 12:50:01,cn21,1,18,28.0,1442.64,0.0,39.0964,49.5335,139471.02435302734,45907.92785644531
2026-07-17 12:50:01,cn21,1,19,26.0,1442.03,0.0,39.0964,49.5335,139471.02435302734,45907.92785644531
2026-07-17 12:50:01,cn21,1,20,27.0,1277.06,0.0,39.0964,49.5335,139471.02435302734,45907.92785644531
2026-07-17 12:50:01,cn21,1,21,29.0,1341.47,0.0,39.0964,49.5335,139471.02435302734,45907.92785644531
2026-07-17 12:50:01,cn21,1,22,29.0,1343.06,0.0,39.0964,49.5335,139471.02435302734,45907.92785644531
2026-07-17 12:50:01,cn21,1,23,28.0,1458.28,0.0,39.0964,49.5335,139471.02435302734,45907.92785644531
2026-07-17 12:50:02,gpu45,0,0,29.0,1431.4,0.02,53.2219,42.0821,119981.20532226562,232483.34503173828
2026-07-17 12:50:02,gpu45,0,1,28.0,1431.98,0.0,53.2219,42.0821,119981.20532226562,232483.34503173828
2026-07-17 12:50:02,gpu45,0,2,29.0,1428.34,0.0,53.2219,42.0821,119981.20532226562,232483.34503173828
2026-07-17 12:50:02,gpu45,0,3,26.0,1423.6,0.0,53.2219,42.0821,119981.20532226562,232483.34503173828
2026-07-17 12:50:02,gpu45,0,4,26.0,1419.05,0.0,53.2219,42.0821,119981.20532226562,232483.34503173828
2026-07-17 12:50:02,gpu45,0,5,27.0,1417.47,0.0,53.2219,42.0821,119981.20532226562,232483.34503173828
2026-07-17 12:50:02,gpu45,0,6,28.0,1417.61,0.0,53.2219,42.0821,119981.20532226562,232483.34503173828
2026-07-17 12:50:02,gpu45,0,7,26.0,1421.77,0.0,53.2219,42.0821,119981.20532226562,232483.34503173828
2026-07-17 12:50:02,gpu45,0,8,26.0,1415.47,0.0,53.2219,42.0821,119981.20532226562,232483.34503173828
2026-07-17 12:50:02,gpu45,0,9,27.0,1419.95,0.0,53.2219,42.0821,119981.20532226562,232483.34503173828
2026-07-17 12:50:02,gpu45,0,10,29.0,1415.42,0.0,53.2219,42.0821,119981.20532226562,232483.34503173828
2026-07-17 12:50:02,gpu45,0,11,28.0,1417.25,0.0,53.2219,42.0821,119981.20532226562,232483.34503173828
2026-07-17 12:50:02,gpu45,0,12,27.0,1418.45,0.0,53.2219,42.0821,119981.20532226562,232483.34503173828
2026-07-17 12:50:02,gpu45,0,13,26.0,1412.64,0.0,53.2219,42.0821,119981.20532226562,232483.34503173828
2026-07-17 12:50:02,gpu45,0,14,26.0,1417.41,0.0,53.2219,42.0821,119981.20532226562,232483.34503173828
2026-07-17 12:50:02,gpu45,0,15,28.0,1417.48,0.0,53.2219,42.0821,119981.20532226562,232483.34503173828
2026-07-17 12:50:02,gpu45,0,16,27.0,1417.75,0.0,53.2219,42.0821,119981.20532226562,232483.34503173828
2026-07-17 12:50:02,gpu45,0,17,27.0,1417.01,0.0,53.2219,42.0821,119981.20532226562,232483.34503173828
2026-07-17 12:50:02,gpu45,0,18,28.0,1418.41,1.0,53.2219,42.0821,119981.20532226562,232483.34503173828
2026-07-17 12:50:02,gpu45,0,19,25.0,1417.0,0.0,53.2219,42.0821,119981.20532226562,232483.34503173828
2026-07-17 12:50:02,gpu45,0,20,26.0,1422.58,0.0,53.2219,42.0821,119981.20532226562,232483.34503173828
2026-07-17 12:50:02,gpu45,0,21,26.0,1419.55,0.0,53.2219,42.0821,119981.20532226562,232483.34503173828
2026-07-17 12:50:02,gpu45,0,22,28.0,1416.06,0.0,53.2219,42.0821,119981.20532226562,232483.34503173828
2026-07-17 12:50:02,gpu45,0,23,30.0,1418.78,0.0,53.2219,42.0821,119981.20532226562,232483.34503173828
2026-07-17 12:50:02,gpu45,1,0,32.0,1452.9,0.0,64.7182,38.8967,258115.2030029297,180743.33587646484
2026-07-17 12:50:02,gpu45,1,1,31.0,1457.03,0.0,64.7182,38.8967,258115.2030029297,180743.33587646484
2026-07-17 12:50:02,gpu45,1,2,31.0,1452.82,0.0,64.7182,38.8967,258115.2030029297,180743.33587646484
2026-07-17 12:50:02,gpu45,1,3,29.0,1454.2,0.0,64.7182,38.8967,258115.2030029297,180743.33587646484
2026-07-17 12:50:02,gpu45,1,4,30.0,1458.28,0.0,64.7182,38.8967,258115.2030029297,180743.33587646484
2026-07-17 12:50:02,gpu45,1,5,30.0,1456.05,0.0,64.7182,38.8967,258115.2030029297,180743.33587646484
2026-07-17 12:50:02,gpu45,1,6,30.0,1452.66,0.0,64.7182,38.8967,258115.2030029297,180743.33587646484
2026-07-17 12:50:02,gpu45,1,7,28.0,1455.65,0.0,64.7182,38.8967,258115.2030029297,180743.33587646484
2026-07-17 12:50:02,gpu45,1,8,31.0,1451.6,0.0,64.7182,38.8967,258115.2030029297,180743.33587646484
2026-07-17 12:50:02,gpu45,1,9,29.0,1453.59,0.0,64.7182,38.8967,258115.2030029297,180743.33587646484
2026-07-17 12:50:02,gpu45,1,10,29.0,1452.32,0.0,64.7182,38.8967,258115.2030029297,180743.33587646484
2026-07-17 12:50:02,gpu45,1,11,30.0,1452.73,0.0,64.7182,38.8967,258115.2030029297,180743.33587646484
2026-07-17 12:50:02,gpu45,1,12,30.0,1450.65,0.0,64.7182,38.8967,258115.2030029297,180743.33587646484
2026-07-17 12:50:02,gpu45,1,13,28.0,1453.96,0.0,64.7182,38.8967,258115.2030029297,180743.33587646484
2026-07-17 12:50:02,gpu45,1,14,30.0,1452.82,0.0,64.7182,38.8967,258115.2030029297,180743.33587646484
2026-07-17 12:50:02,gpu45,1,15,31.0,1453.55,0.0,64.7182,38.8967,258115.2030029297,180743.33587646484
2026-07-17 12:50:02,gpu45,1,16,30.0,1453.48,0.0,64.7182,38.8967,258115.2030029297,180743.33587646484
2026-07-17 12:50:02,gpu45,1,17,27.0,1453.44,0.0,64.7182,38.8967,258115.2030029297,180743.33587646484
2026-07-17 12:50:02,gpu45,1,18,30.0,1455.0,0.0,64.7182,38.8967,258115.2030029297,180743.33587646484
2026-07-17 12:50:02,gpu45,1,19,27.0,1454.1,0.0,64.7182,38.8967,258115.2030029297,180743.33587646484
2026-07-17 12:50:02,gpu45,1,20,28.0,1453.29,0.0,64.7182,38.8967,258115.2030029297,180743.33587646484
2026-07-17 12:50:02,gpu45,1,21,29.0,1454.53,0.0,64.7182,38.8967,258115.2030029297,180743.33587646484
2026-07-17 12:50:02,gpu45,1,22,30.0,1451.39,0.0,64.7182,38.8967,258115.2030029297,180743.33587646484
2026-07-17 12:50:02,gpu45,1,23,30.0,1453.34,0.0,64.7182,38.8967,258115.2030029297,180743.33587646484
2026-07-17 12:55:01,cn21,0,0,24.0,1707.59,0.0,34.8681,29.0424,202162.00189208984,173946.99713134766
2026-07-17 12:55:01,cn21,0,1,26.0,1765.34,0.0,34.8681,29.0424,202162.00189208984,173946.99713134766
2026-07-17 12:55:01,cn21,0,2,26.0,1777.47,0.0,34.8681,29.0424,202162.00189208984,173946.99713134766
2026-07-17 12:55:01,cn21,0,3,23.0,1774.39,0.0,34.8681,29.0424,202162.00189208984,173946.99713134766
2026-07-17 12:55:01,cn21,0,4,24.0,1741.73,0.0,34.8681,29.0424,202162.00189208984,173946.99713134766
2026-07-17 12:55:01,cn21,0,5,25.0,1743.35,0.0,34.8681,29.0424,202162.00189208984,173946.99713134766
2026-07-17 12:55:01,cn21,0,6,26.0,1734.13,0.0,34.8681,29.0424,202162.00189208984,173946.99713134766
2026-07-17 12:55:01,cn21,0,7,23.0,1736.46,0.0,34.8681,29.0424,202162.00189208984,173946.99713134766
2026-07-17 12:55:01,cn21,0,8,27.0,1693.16,0.0,34.8681,29.0424,202162.00189208984,173946.99713134766
2026-07-17 12:55:01,cn21,0,9,27.0,1693.96,0.0,34.8681,29.0424,202162.00189208984,173946.99713134766
2026-07-17 12:55:01,cn21,0,10,28.0,1602.99,0.0,34.8681,29.0424,202162.00189208984,173946.99713134766
2026-07-17 12:55:01,cn21,0,11,28.0,1705.82,0.0,34.8681,29.0424,202162.00189208984,173946.99713134766
2026-07-17 12:55:01,cn21,0,12,25.0,1674.73,0.0,34.8681,29.0424,202162.00189208984,173946.99713134766
2026-07-17 12:55:01,cn21,0,13,23.0,1646.1,0.0,34.8681,29.0424,202162.00189208984,173946.99713134766
2026-07-17 12:55:01,cn21,0,14,24.0,1628.45,0.0,34.8681,29.0424,202162.00189208984,173946.99713134766
2026-07-17 12:55:01,cn21,0,15,26.0,1656.16,0.0,34.8681,29.0424,202162.00189208984,173946.99713134766
2026-07-17 12:55:01,cn21,0,16,26.0,1642.05,0.0,34.8681,29.0424,202162.00189208984,173946.99713134766
2026-07-17 12:55:01,cn21,0,17,24.0,1646.84,0.0,34.8681,29.0424,202162.00189208984,173946.99713134766
2026-07-17 12:55:01,cn21,0,18,27.0,1459.67,0.0,34.8681,29.0424,202162.00189208984,173946.99713134766
2026-07-17 12:55:01,cn21,0,19,22.0,1627.51,0.0,34.8681,29.0424,202162.00189208984,173946.99713134766
2026-07-17 12:55:01,cn21,0,20,23.0,1660.7,0.0,34.8681,29.0424,202162.00189208984,173946.99713134766
2026-07-17 12:55:01,cn21,0,21,25.0,1645.09,0.0,34.8681,29.0424,202162.00189208984,173946.99713134766
2026-07-17 12:55:01,cn21,0,22,26.0,1643.21,0.0,34.8681,29.0424,202162.00189208984,173946.99713134766
2026-07-17 12:55:01,cn21,0,23,25.0,1630.17,0.0,34.8681,29.0424,202162.00189208984,173946.99713134766
2026-07-17 12:55:01,cn21,1,0,32.0,1555.42,0.0,39.114,49.5813,143268.8458251953,55330.17053222656
2026-07-17 12:55:01,cn21,1,1,28.0,1619.35,0.0,39.114,49.5813,143268.8458251953,55330.17053222656
2026-07-17 12:55:01,cn21,1,2,28.0,1621.93,0.0,39.114,49.5813,143268.8458251953,55330.17053222656
2026-07-17 12:55:01,cn21,1,3,25.0,1636.04,0.0,39.114,49.5813,143268.8458251953,55330.17053222656
2026-07-17 12:55:01,cn21,1,4,26.0,1620.07,0.0,39.114,49.5813,143268.8458251953,55330.17053222656
2026-07-17 12:55:01,cn21,1,5,31.0,1579.45,0.0,39.114,49.5813,143268.8458251953,55330.17053222656
2026-07-17 12:55:01,cn21,1,6,28.0,1648.42,0.0,39.114,49.5813,143268.8458251953,55330.17053222656
2026-07-17 12:55:01,cn21,1,7,25.0,1633.06,0.0,39.114,49.5813,143268.8458251953,55330.17053222656
2026-07-17 12:55:01,cn21,1,8,25.0,1549.86,0.0,39.114,49.5813,143268.8458251953,55330.17053222656
2026-07-17 12:55:01,cn21,1,9,26.0,1515.46,0.0,39.114,49.5813,143268.8458251953,55330.17053222656
2026-07-17 12:55:01,cn21,1,10,27.0,1580.11,0.0,39.114,49.5813,143268.8458251953,55330.17053222656
2026-07-17 12:55:01,cn21,1,11,29.0,1546.47,0.0,39.114,49.5813,143268.8458251953,55330.17053222656
2026-07-17 12:55:01,cn21,1,12,29.0,1395.22,0.0,39.114,49.5813,143268.8458251953,55330.17053222656
2026-07-17 12:55:01,cn21,1,13,27.0,1381.75,0.0,39.114,49.5813,143268.8458251953,55330.17053222656
2026-07-17 12:55:01,cn21,1,14,26.0,1553.07,0.0,39.114,49.5813,143268.8458251953,55330.17053222656
2026-07-17 12:55:01,cn21,1,15,27.0,1475.93,0.0,39.114,49.5813,143268.8458251953,55330.17053222656
2026-07-17 12:55:01,cn21,1,16,27.0,1560.3,0.0,39.114,49.5813,143268.8458251953,55330.17053222656
2026-07-17 12:55:01,cn21,1,17,28.0,1545.41,0.0,39.114,49.5813,143268.8458251953,55330.17053222656
2026-07-17 12:55:01,cn21,1,18,27.0,1442.64,0.0,39.114,49.5813,143268.8458251953,55330.17053222656
2026-07-17 12:55:01,cn21,1,19,26.0,1442.03,0.0,39.114,49.5813,143268.8458251953,55330.17053222656
2026-07-17 12:55:01,cn21,1,20,26.0,1277.06,0.0,39.114,49.5813,143268.8458251953,55330.17053222656
2026-07-17 12:55:01,cn21,1,21,28.0,1341.47,0.0,39.114,49.5813,143268.8458251953,55330.17053222656
2026-07-17 12:55:01,cn21,1,22,29.0,1343.09,0.0,39.114,49.5813,143268.8458251953,55330.17053222656
2026-07-17 12:55:01,cn21,1,23,28.0,1458.29,0.0,39.114,49.5813,143268.8458251953,55330.17053222656
2026-07-17 12:55:02,gpu45,0,0,29.0,1431.4,0.02,53.5601,42.7814,135987.2078857422,245298.2134399414
2026-07-17 12:55:02,gpu45,0,1,28.0,1431.98,0.99,53.5601,42.7814,135987.2078857422,245298.2134399414
2026-07-17 12:55:02,gpu45,0,2,29.0,1428.33,0.0,53.5601,42.7814,135987.2078857422,245298.2134399414
2026-07-17 12:55:02,gpu45,0,3,25.0,1423.59,0.0,53.5601,42.7814,135987.2078857422,245298.2134399414
2026-07-17 12:55:02,gpu45,0,4,26.0,1419.04,0.0,53.5601,42.7814,135987.2078857422,245298.2134399414
2026-07-17 12:55:02,gpu45,0,5,27.0,1417.46,0.0,53.5601,42.7814,135987.2078857422,245298.2134399414
2026-07-17 12:55:02,gpu45,0,6,28.0,1417.6,0.0,53.5601,42.7814,135987.2078857422,245298.2134399414
2026-07-17 12:55:02,gpu45,0,7,25.0,1421.77,0.0,53.5601,42.7814,135987.2078857422,245298.2134399414
2026-07-17 12:55:02,gpu45,0,8,26.0,1415.47,0.0,53.5601,42.7814,135987.2078857422,245298.2134399414
2026-07-17 12:55:02,gpu45,0,9,26.0,1419.94,0.0,53.5601,42.7814,135987.2078857422,245298.2134399414
2026-07-17 12:55:02,gpu45,0,10,28.0,1415.42,0.0,53.5601,42.7814,135987.2078857422,245298.2134399414
2026-07-17 12:55:02,gpu45,0,11,27.0,1417.24,0.0,53.5601,42.7814,135987.2078857422,245298.2134399414
2026-07-17 12:55:02,gpu45,0,12,26.0,1418.44,0.0,53.5601,42.7814,135987.2078857422,245298.2134399414
2026-07-17 12:55:02,gpu45,0,13,26.0,1412.64,0.0,53.5601,42.7814,135987.2078857422,245298.2134399414
2026-07-17 12:55:02,gpu45,0,14,26.0,1417.41,0.0,53.5601,42.7814,135987.2078857422,245298.2134399414
2026-07-17 12:55:02,gpu45,0,15,27.0,1417.48,0.0,53.5601,42.7814,135987.2078857422,245298.2134399414
2026-07-17 12:55:02,gpu45,0,16,26.0,1417.74,0.0,53.5601,42.7814,135987.2078857422,245298.2134399414
2026-07-17 12:55:02,gpu45,0,17,27.0,1417.0,0.0,53.5601,42.7814,135987.2078857422,245298.2134399414
2026-07-17 12:55:02,gpu45,0,18,28.0,1418.41,0.0,53.5601,42.7814,135987.2078857422,245298.2134399414
2026-07-17 12:55:02,gpu45,0,19,25.0,1417.0,0.0,53.5601,42.7814,135987.2078857422,245298.2134399414
2026-07-17 12:55:02,gpu45,0,20,25.0,1422.57,0.0,53.5601,42.7814,135987.2078857422,245298.2134399414
2026-07-17 12:55:02,gpu45,0,21,25.0,1419.55,0.0,53.5601,42.7814,135987.2078857422,245298.2134399414
2026-07-17 12:55:02,gpu45,0,22,27.0,1416.06,0.0,53.5601,42.7814,135987.2078857422,245298.2134399414
2026-07-17 12:55:02,gpu45,0,23,29.0,1418.78,0.0,53.5601,42.7814,135987.2078857422,245298.2134399414
2026-07-17 12:55:02,gpu45,1,0,31.0,1452.89,0.0,64.8772,38.7577,11459.569580078125,191664.4672241211
2026-07-17 12:55:02,gpu45,1,1,30.0,1457.03,0.0,64.8772,38.7577,11459.569580078125,191664.4672241211
2026-07-17 12:55:02,gpu45,1,2,31.0,1452.82,0.0,64.8772,38.7577,11459.569580078125,191664.4672241211
2026-07-17 12:55:02,gpu45,1,3,27.0,1454.2,0.0,64.8772,38.7577,11459.569580078125,191664.4672241211
2026-07-17 12:55:02,gpu45,1,4,29.0,1458.28,0.0,64.8772,38.7577,11459.569580078125,191664.4672241211
2026-07-17 12:55:02,gpu45,1,5,29.0,1456.05,0.0,64.8772,38.7577,11459.569580078125,191664.4672241211
2026-07-17 12:55:02,gpu45,1,6,29.0,1452.66,0.0,64.8772,38.7577,11459.569580078125,191664.4672241211
2026-07-17 12:55:02,gpu45,1,7,28.0,1455.65,0.0,64.8772,38.7577,11459.569580078125,191664.4672241211
2026-07-17 12:55:02,gpu45,1,8,27.0,1451.59,0.0,64.8772,38.7577,11459.569580078125,191664.4672241211
2026-07-17 12:55:02,gpu45,1,9,28.0,1453.59,0.0,64.8772,38.7577,11459.569580078125,191664.4672241211
2026-07-17 12:55:02,gpu45,1,10,28.0,1452.32,0.0,64.8772,38.7577,11459.569580078125,191664.4672241211
2026-07-17 12:55:02,gpu45,1,11,32.0,1452.73,0.0,64.8772,38.7577,11459.569580078125,191664.4672241211
2026-07-17 12:55:02,gpu45,1,12,29.0,1450.65,0.0,64.8772,38.7577,11459.569580078125,191664.4672241211
2026-07-17 12:55:02,gpu45,1,13,27.0,1453.95,0.0,64.8772,38.7577,11459.569580078125,191664.4672241211
2026-07-17 12:55:02,gpu45,1,14,30.0,1452.82,0.0,64.8772,38.7577,11459.569580078125,191664.4672241211
2026-07-17 12:55:02,gpu45,1,15,31.0,1453.55,0.0,64.8772,38.7577,11459.569580078125,191664.4672241211
2026-07-17 12:55:02,gpu45,1,16,30.0,1453.48,0.0,64.8772,38.7577,11459.569580078125,191664.4672241211
2026-07-17 12:55:02,gpu45,1,17,26.0,1453.43,0.0,64.8772,38.7577,11459.569580078125,191664.4672241211
2026-07-17 12:55:02,gpu45,1,18,30.0,1455.0,0.0,64.8772,38.7577,11459.569580078125,191664.4672241211
2026-07-17 12:55:02,gpu45,1,19,26.0,1454.1,0.0,64.8772,38.7577,11459.569580078125,191664.4672241211
2026-07-17 12:55:02,gpu45,1,20,27.0,1453.29,0.0,64.8772,38.7577,11459.569580078125,191664.4672241211
2026-07-17 12:55:02,gpu45,1,21,29.0,1454.52,0.0,64.8772,38.7577,11459.569580078125,191664.4672241211
2026-07-17 12:55:02,gpu45,1,22,29.0,1451.38,0.0,64.8772,38.7577,11459.569580078125,191664.4672241211
2026-07-17 12:55:02,gpu45,1,23,31.0,1453.34,0.0,64.8772,38.7577,11459.569580078125,191664.4672241211
2026-07-17 13:00:01,cn21,0,0,25.0,1707.58,0.0,34.9674,29.8072,206739.45349121094,179390.4637451172
2026-07-17 13:00:01,cn21,0,1,27.0,1765.34,0.0,34.9674,29.8072,206739.45349121094,179390.4637451172
2026-07-17 13:00:01,cn21,0,2,27.0,1777.47,0.0,34.9674,29.8072,206739.45349121094,179390.4637451172
2026-07-17 13:00:01,cn21,0,3,24.0,1774.39,0.0,34.9674,29.8072,206739.45349121094,179390.4637451172
2026-07-17 13:00:01,cn21,0,4,25.0,1741.73,0.0,34.9674,29.8072,206739.45349121094,179390.4637451172
2026-07-17 13:00:01,cn21,0,5,26.0,1743.34,0.0,34.9674,29.8072,206739.45349121094,179390.4637451172
2026-07-17 13:00:01,cn21,0,6,27.0,1734.13,0.0,34.9674,29.8072,206739.45349121094,179390.4637451172
2026-07-17 13:00:01,cn21,0,7,24.0,1736.46,0.0,34.9674,29.8072,206739.45349121094,179390.4637451172
2026-07-17 13:00:01,cn21,0,8,28.0,1693.16,0.0,34.9674,29.8072,206739.45349121094,179390.4637451172
2026-07-17 13:00:01,cn21,0,9,28.0,1693.96,0.0,34.9674,29.8072,206739.45349121094,179390.4637451172
2026-07-17 13:00:01,cn21,0,10,28.0,1602.99,0.0,34.9674,29.8072,206739.45349121094,179390.4637451172
2026-07-17 13:00:01,cn21,0,11,29.0,1705.81,0.0,34.9674,29.8072,206739.45349121094,179390.4637451172
2026-07-17 13:00:01,cn21,0,12,26.0,1674.73,0.0,34.9674,29.8072,206739.45349121094,179390.4637451172
2026-07-17 13:00:01,cn21,0,13,24.0,1646.1,0.0,34.9674,29.8072,206739.45349121094,179390.4637451172
2026-07-17 13:00:01,cn21,0,14,25.0,1628.45,0.0,34.9674,29.8072,206739.45349121094,179390.4637451172
2026-07-17 13:00:01,cn21,0,15,27.0,1656.16,0.0,34.9674,29.8072,206739.45349121094,179390.4637451172
2026-07-17 13:00:01,cn21,0,16,27.0,1642.04,0.0,34.9674,29.8072,206739.45349121094,179390.4637451172
2026-07-17 13:00:01,cn21,0,17,25.0,1646.84,0.0,34.9674,29.8072,206739.45349121094,179390.4637451172
2026-07-17 13:00:01,cn21,0,18,28.0,1459.63,0.0,34.9674,29.8072,206739.45349121094,179390.4637451172
2026-07-17 13:00:01,cn21,0,19,23.0,1627.47,0.0,34.9674,29.8072,206739.45349121094,179390.4637451172
2026-07-17 13:00:01,cn21,0,20,25.0,1660.7,0.0,34.9674,29.8072,206739.45349121094,179390.4637451172
2026-07-17 13:00:01,cn21,0,21,26.0,1645.09,0.0,34.9674,29.8072,206739.45349121094,179390.4637451172
2026-07-17 13:00:01,cn21,0,22,27.0,1643.21,0.0,34.9674,29.8072,206739.45349121094,179390.4637451172
2026-07-17 13:00:01,cn21,0,23,26.0,1630.16,0.0,34.9674,29.8072,206739.45349121094,179390.4637451172
2026-07-17 13:00:01,cn21,1,0,33.0,1555.38,0.0,39.7096,49.9124,147049.88891601562,64824.51525878906
2026-07-17 13:00:01,cn21,1,1,29.0,1619.34,0.0,39.7096,49.9124,147049.88891601562,64824.51525878906
2026-07-17 13:00:01,cn21,1,2,27.0,1622.47,0.0,39.7096,49.9124,147049.88891601562,64824.51525878906
2026-07-17 13:00:01,cn21,1,3,25.0,1636.12,0.0,39.7096,49.9124,147049.88891601562,64824.51525878906
2026-07-17 13:00:01,cn21,1,4,26.0,1620.05,0.0,39.7096,49.9124,147049.88891601562,64824.51525878906
2026-07-17 13:00:01,cn21,1,5,32.0,1580.22,0.0,39.7096,49.9124,147049.88891601562,64824.51525878906
2026-07-17 13:00:01,cn21,1,6,29.0,1648.36,0.0,39.7096,49.9124,147049.88891601562,64824.51525878906
2026-07-17 13:00:01,cn21,1,7,26.0,1633.06,0.0,39.7096,49.9124,147049.88891601562,64824.51525878906
2026-07-17 13:00:01,cn21,1,8,26.0,1549.86,0.0,39.7096,49.9124,147049.88891601562,64824.51525878906
2026-07-17 13:00:01,cn21,1,9,27.0,1515.45,0.0,39.7096,49.9124,147049.88891601562,64824.51525878906
2026-07-17 13:00:01,cn21,1,10,28.0,1580.09,0.0,39.7096,49.9124,147049.88891601562,64824.51525878906
2026-07-17 13:00:01,cn21,1,11,30.0,1546.32,0.0,39.7096,49.9124,147049.88891601562,64824.51525878906
2026-07-17 13:00:01,cn21,1,12,30.0,1395.22,0.0,39.7096,49.9124,147049.88891601562,64824.51525878906
2026-07-17 13:00:01,cn21,1,13,28.0,1381.75,0.0,39.7096,49.9124,147049.88891601562,64824.51525878906
2026-07-17 13:00:01,cn21,1,14,26.0,1553.06,0.0,39.7096,49.9124,147049.88891601562,64824.51525878906
2026-07-17 13:00:01,cn21,1,15,28.0,1475.93,0.0,39.7096,49.9124,147049.88891601562,64824.51525878906
2026-07-17 13:00:01,cn21,1,16,28.0,1560.3,0.0,39.7096,49.9124,147049.88891601562,64824.51525878906
2026-07-17 13:00:01,cn21,1,17,29.0,1545.11,0.0,39.7096,49.9124,147049.88891601562,64824.51525878906
2026-07-17 13:00:01,cn21,1,18,28.0,1442.64,0.0,39.7096,49.9124,147049.88891601562,64824.51525878906
2026-07-17 13:00:01,cn21,1,19,26.0,1442.03,0.0,39.7096,49.9124,147049.88891601562,64824.51525878906
2026-07-17 13:00:01,cn21,1,20,27.0,1277.06,0.0,39.7096,49.9124,147049.88891601562,64824.51525878906
2026-07-17 13:00:01,cn21,1,21,28.0,1341.47,0.0,39.7096,49.9124,147049.88891601562,64824.51525878906
2026-07-17 13:00:01,cn21,1,22,30.0,1343.08,0.0,39.7096,49.9124,147049.88891601562,64824.51525878906
2026-07-17 13:00:01,cn21,1,23,29.0,1458.3,0.0,39.7096,49.9124,147049.88891601562,64824.51525878906
2026-07-17 13:00:02,gpu45,0,0,29.0,1431.39,0.02,53.4194,42.0674,151974.61981201172,258162.90252685547
2026-07-17 13:00:02,gpu45,0,1,28.0,1431.97,0.0,53.4194,42.0674,151974.61981201172,258162.90252685547
2026-07-17 13:00:02,gpu45,0,2,29.0,1428.33,0.0,53.4194,42.0674,151974.61981201172,258162.90252685547
2026-07-17 13:00:02,gpu45,0,3,26.0,1423.59,0.0,53.4194,42.0674,151974.61981201172,258162.90252685547
2026-07-17 13:00:02,gpu45,0,4,26.0,1419.04,0.0,53.4194,42.0674,151974.61981201172,258162.90252685547
2026-07-17 13:00:02,gpu45,0,5,27.0,1417.46,0.0,53.4194,42.0674,151974.61981201172,258162.90252685547
2026-07-17 13:00:02,gpu45,0,6,28.0,1417.6,0.0,53.4194,42.0674,151974.61981201172,258162.90252685547
2026-07-17 13:00:02,gpu45,0,7,25.0,1421.77,0.0,53.4194,42.0674,151974.61981201172,258162.90252685547
2026-07-17 13:00:02,gpu45,0,8,26.0,1415.46,0.0,53.4194,42.0674,151974.61981201172,258162.90252685547
2026-07-17 13:00:02,gpu45,0,9,26.0,1419.94,0.0,53.4194,42.0674,151974.61981201172,258162.90252685547
2026-07-17 13:00:02,gpu45,0,10,29.0,1415.42,0.0,53.4194,42.0674,151974.61981201172,258162.90252685547
2026-07-17 13:00:02,gpu45,0,11,28.0,1417.24,0.0,53.4194,42.0674,151974.61981201172,258162.90252685547
2026-07-17 13:00:02,gpu45,0,12,26.0,1418.44,0.0,53.4194,42.0674,151974.61981201172,258162.90252685547
2026-07-17 13:00:02,gpu45,0,13,26.0,1412.64,0.0,53.4194,42.0674,151974.61981201172,258162.90252685547
2026-07-17 13:00:02,gpu45,0,14,26.0,1417.41,0.0,53.4194,42.0674,151974.61981201172,258162.90252685547
2026-07-17 13:00:02,gpu45,0,15,28.0,1417.47,0.0,53.4194,42.0674,151974.61981201172,258162.90252685547
2026-07-17 13:00:02,gpu45,0,16,27.0,1417.74,0.0,53.4194,42.0674,151974.61981201172,258162.90252685547
2026-07-17 13:00:02,gpu45,0,17,27.0,1417.0,0.0,53.4194,42.0674,151974.61981201172,258162.90252685547
2026-07-17 13:00:02,gpu45,0,18,28.0,1418.41,0.0,53.4194,42.0674,151974.61981201172,258162.90252685547
2026-07-17 13:00:02,gpu45,0,19,25.0,1417.0,0.0,53.4194,42.0674,151974.61981201172,258162.90252685547
2026-07-17 13:00:02,gpu45,0,20,25.0,1422.57,0.0,53.4194,42.0674,151974.61981201172,258162.90252685547
2026-07-17 13:00:02,gpu45,0,21,25.0,1419.55,0.0,53.4194,42.0674,151974.61981201172,258162.90252685547
2026-07-17 13:00:02,gpu45,0,22,28.0,1416.06,0.0,53.4194,42.0674,151974.61981201172,258162.90252685547
2026-07-17 13:00:02,gpu45,0,23,29.0,1418.77,0.0,53.4194,42.0674,151974.61981201172,258162.90252685547
2026-07-17 13:00:02,gpu45,1,0,31.0,1452.89,0.0,64.6938,39.0538,26946.35791015625,202561.37908935547
2026-07-17 13:00:02,gpu45,1,1,31.0,1457.03,0.0,64.6938,39.0538,26946.35791015625,202561.37908935547
2026-07-17 13:00:02,gpu45,1,2,31.0,1452.82,0.0,64.6938,39.0538,26946.35791015625,202561.37908935547
2026-07-17 13:00:02,gpu45,1,3,28.0,1454.19,0.0,64.6938,39.0538,26946.35791015625,202561.37908935547
2026-07-17 13:00:02,gpu45,1,4,30.0,1458.28,0.99,64.6938,39.0538,26946.35791015625,202561.37908935547
2026-07-17 13:00:02,gpu45,1,5,30.0,1456.05,0.0,64.6938,39.0538,26946.35791015625,202561.37908935547
2026-07-17 13:00:02,gpu45,1,6,30.0,1452.65,0.0,64.6938,39.0538,26946.35791015625,202561.37908935547
2026-07-17 13:00:02,gpu45,1,7,28.0,1455.64,0.0,64.6938,39.0538,26946.35791015625,202561.37908935547
2026-07-17 13:00:02,gpu45,1,8,28.0,1451.59,0.0,64.6938,39.0538,26946.35791015625,202561.37908935547
2026-07-17 13:00:02,gpu45,1,9,31.0,1453.59,0.0,64.6938,39.0538,26946.35791015625,202561.37908935547
2026-07-17 13:00:02,gpu45,1,10,29.0,1452.32,0.0,64.6938,39.0538,26946.35791015625,202561.37908935547
2026-07-17 13:00:02,gpu45,1,11,30.0,1452.72,0.0,64.6938,39.0538,26946.35791015625,202561.37908935547
2026-07-17 13:00:02,gpu45,1,12,30.0,1450.65,0.0,64.6938,39.0538,26946.35791015625,202561.37908935547
2026-07-17 13:00:02,gpu45,1,13,28.0,1453.95,0.0,64.6938,39.0538,26946.35791015625,202561.37908935547
2026-07-17 13:00:02,gpu45,1,14,30.0,1452.81,0.0,64.6938,39.0538,26946.35791015625,202561.37908935547
2026-07-17 13:00:02,gpu45,1,15,31.0,1453.54,0.0,64.6938,39.0538,26946.35791015625,202561.37908935547
2026-07-17 13:00:02,gpu45,1,16,30.0,1453.47,0.0,64.6938,39.0538,26946.35791015625,202561.37908935547
2026-07-17 13:00:02,gpu45,1,17,28.0,1453.43,0.0,64.6938,39.0538,26946.35791015625,202561.37908935547
2026-07-17 13:00:02,gpu45,1,18,30.0,1455.0,0.0,64.6938,39.0538,26946.35791015625,202561.37908935547
2026-07-17 13:00:02,gpu45,1,19,27.0,1454.1,0.0,64.6938,39.0538,26946.35791015625,202561.37908935547
2026-07-17 13:00:02,gpu45,1,20,28.0,1453.29,0.0,64.6938,39.0538,26946.35791015625,202561.37908935547
2026-07-17 13:00:02,gpu45,1,21,30.0,1454.52,0.0,64.6938,39.0538,26946.35791015625,202561.37908935547
2026-07-17 13:00:02,gpu45,1,22,30.0,1451.38,0.0,64.6938,39.0538,26946.35791015625,202561.37908935547
2026-07-17 13:00:02,gpu45,1,23,31.0,1453.34,0.0,64.6938,39.0538,26946.35791015625,202561.37908935547
2026-07-17 13:05:01,cn21,0,0,25.0,1707.57,0.0,35.4433,30.0971,211397.27899169922,184880.84204101562
2026-07-17 13:05:01,cn21,0,1,27.0,1765.34,0.0,35.4433,30.0971,211397.27899169922,184880.84204101562
2026-07-17 13:05:01,cn21,0,2,27.0,1777.46,0.0,35.4433,30.0971,211397.27899169922,184880.84204101562
2026-07-17 13:05:01,cn21,0,3,23.0,1774.39,0.0,35.4433,30.0971,211397.27899169922,184880.84204101562
2026-07-17 13:05:01,cn21,0,4,25.0,1741.73,0.0,35.4433,30.0971,211397.27899169922,184880.84204101562
2026-07-17 13:05:01,cn21,0,5,26.0,1743.34,0.0,35.4433,30.0971,211397.27899169922,184880.84204101562
2026-07-17 13:05:01,cn21,0,6,27.0,1734.13,0.0,35.4433,30.0971,211397.27899169922,184880.84204101562
2026-07-17 13:05:01,cn21,0,7,23.0,1736.46,0.0,35.4433,30.0971,211397.27899169922,184880.84204101562
2026-07-17 13:05:01,cn21,0,8,28.0,1693.15,0.0,35.4433,30.0971,211397.27899169922,184880.84204101562
2026-07-17 13:05:01,cn21,0,9,28.0,1693.95,0.0,35.4433,30.0971,211397.27899169922,184880.84204101562
2026-07-17 13:05:01,cn21,0,10,28.0,1602.99,0.0,35.4433,30.0971,211397.27899169922,184880.84204101562
2026-07-17 13:05:01,cn21,0,11,29.0,1705.81,0.0,35.4433,30.0971,211397.27899169922,184880.84204101562
2026-07-17 13:05:01,cn21,0,12,26.0,1674.73,0.0,35.4433,30.0971,211397.27899169922,184880.84204101562
2026-07-17 13:05:01,cn21,0,13,24.0,1646.09,0.0,35.4433,30.0971,211397.27899169922,184880.84204101562
2026-07-17 13:05:01,cn21,0,14,25.0,1628.45,0.0,35.4433,30.0971,211397.27899169922,184880.84204101562
2026-07-17 13:05:01,cn21,0,15,27.0,1656.16,0.0,35.4433,30.0971,211397.27899169922,184880.84204101562
2026-07-17 13:05:01,cn21,0,16,26.0,1642.02,0.0,35.4433,30.0971,211397.27899169922,184880.84204101562
2026-07-17 13:05:01,cn21,0,17,24.0,1646.84,0.0,35.4433,30.0971,211397.27899169922,184880.84204101562
2026-07-17 13:05:01,cn21,0,18,27.0,1459.56,0.0,35.4433,30.0971,211397.27899169922,184880.84204101562
2026-07-17 13:05:01,cn21,0,19,22.0,1627.43,0.0,35.4433,30.0971,211397.27899169922,184880.84204101562
2026-07-17 13:05:01,cn21,0,20,24.0,1660.7,0.0,35.4433,30.0971,211397.27899169922,184880.84204101562
2026-07-17 13:05:01,cn21,0,21,26.0,1645.09,0.0,35.4433,30.0971,211397.27899169922,184880.84204101562
2026-07-17 13:05:01,cn21,0,22,27.0,1643.21,0.0,35.4433,30.0971,211397.27899169922,184880.84204101562
2026-07-17 13:05:01,cn21,0,23,26.0,1630.16,0.0,35.4433,30.0971,211397.27899169922,184880.84204101562
2026-07-17 13:05:01,cn21,1,0,36.0,1555.37,0.0,39.5087,50.6239,150806.243347168,74381.75396728516
2026-07-17 13:05:01,cn21,1,1,29.0,1619.33,0.0,39.5087,50.6239,150806.243347168,74381.75396728516
2026-07-17 13:05:01,cn21,1,2,28.0,1623.1,0.0,39.5087,50.6239,150806.243347168,74381.75396728516
2026-07-17 13:05:01,cn21,1,3,25.0,1636.05,0.0,39.5087,50.6239,150806.243347168,74381.75396728516
2026-07-17 13:05:01,cn21,1,4,26.0,1620.03,0.0,39.5087,50.6239,150806.243347168,74381.75396728516
2026-07-17 13:05:01,cn21,1,5,28.0,1580.62,0.0,39.5087,50.6239,150806.243347168,74381.75396728516
2026-07-17 13:05:01,cn21,1,6,29.0,1648.57,0.0,39.5087,50.6239,150806.243347168,74381.75396728516
2026-07-17 13:05:01,cn21,1,7,26.0,1633.06,0.0,39.5087,50.6239,150806.243347168,74381.75396728516
2026-07-17 13:05:01,cn21,1,8,26.0,1549.86,0.0,39.5087,50.6239,150806.243347168,74381.75396728516
2026-07-17 13:05:01,cn21,1,9,27.0,1515.45,0.0,39.5087,50.6239,150806.243347168,74381.75396728516
2026-07-17 13:05:01,cn21,1,10,27.0,1580.08,0.0,39.5087,50.6239,150806.243347168,74381.75396728516
2026-07-17 13:05:01,cn21,1,11,29.0,1546.2,0.0,39.5087,50.6239,150806.243347168,74381.75396728516
2026-07-17 13:05:01,cn21,1,12,30.0,1395.21,0.0,39.5087,50.6239,150806.243347168,74381.75396728516
2026-07-17 13:05:01,cn21,1,13,28.0,1381.75,0.0,39.5087,50.6239,150806.243347168,74381.75396728516
2026-07-17 13:05:01,cn21,1,14,27.0,1553.05,0.0,39.5087,50.6239,150806.243347168,74381.75396728516
2026-07-17 13:05:01,cn21,1,15,27.0,1475.92,0.0,39.5087,50.6239,150806.243347168,74381.75396728516
2026-07-17 13:05:01,cn21,1,16,28.0,1560.3,0.0,39.5087,50.6239,150806.243347168,74381.75396728516
2026-07-17 13:05:01,cn21,1,17,28.0,1544.91,0.0,39.5087,50.6239,150806.243347168,74381.75396728516
2026-07-17 13:05:01,cn21,1,18,27.0,1442.64,0.0,39.5087,50.6239,150806.243347168,74381.75396728516
2026-07-17 13:05:01,cn21,1,19,26.0,1442.03,0.0,39.5087,50.6239,150806.243347168,74381.75396728516
2026-07-17 13:05:01,cn21,1,20,26.0,1277.06,0.0,39.5087,50.6239,150806.243347168,74381.75396728516
2026-07-17 13:05:01,cn21,1,21,28.0,1341.46,0.0,39.5087,50.6239,150806.243347168,74381.75396728516
2026-07-17 13:05:01,cn21,1,22,30.0,1343.08,0.0,39.5087,50.6239,150806.243347168,74381.75396728516
2026-07-17 13:05:01,cn21,1,23,29.0,1458.3,0.0,39.5087,50.6239,150806.243347168,74381.75396728516
2026-07-17 13:05:02,gpu45,0,0,29.0,1431.39,0.02,53.2892,43.6113,167975.55291748047,8876.58874511719
2026-07-17 13:05:02,gpu45,0,1,28.0,1431.97,0.0,53.2892,43.6113,167975.55291748047,8876.58874511719
2026-07-17 13:05:02,gpu45,0,2,29.0,1428.33,0.0,53.2892,43.6113,167975.55291748047,8876.58874511719
2026-07-17 13:05:02,gpu45,0,3,26.0,1423.59,0.0,53.2892,43.6113,167975.55291748047,8876.58874511719
2026-07-17 13:05:02,gpu45,0,4,25.0,1419.04,0.0,53.2892,43.6113,167975.55291748047,8876.58874511719
2026-07-17 13:05:02,gpu45,0,5,27.0,1417.46,0.0,53.2892,43.6113,167975.55291748047,8876.58874511719
2026-07-17 13:05:02,gpu45,0,6,29.0,1417.6,0.0,53.2892,43.6113,167975.55291748047,8876.58874511719
2026-07-17 13:05:02,gpu45,0,7,25.0,1421.77,0.0,53.2892,43.6113,167975.55291748047,8876.58874511719
2026-07-17 13:05:02,gpu45,0,8,26.0,1415.46,0.0,53.2892,43.6113,167975.55291748047,8876.58874511719
2026-07-17 13:05:02,gpu45,0,9,26.0,1419.94,0.0,53.2892,43.6113,167975.55291748047,8876.58874511719
2026-07-17 13:05:02,gpu45,0,10,29.0,1415.42,0.0,53.2892,43.6113,167975.55291748047,8876.58874511719
2026-07-17 13:05:02,gpu45,0,11,28.0,1417.24,0.0,53.2892,43.6113,167975.55291748047,8876.58874511719
2026-07-17 13:05:02,gpu45,0,12,26.0,1418.44,1.0,53.2892,43.6113,167975.55291748047,8876.58874511719
2026-07-17 13:05:02,gpu45,0,13,26.0,1412.64,0.0,53.2892,43.6113,167975.55291748047,8876.58874511719
2026-07-17 13:05:02,gpu45,0,14,26.0,1417.4,0.0,53.2892,43.6113,167975.55291748047,8876.58874511719
2026-07-17 13:05:02,gpu45,0,15,28.0,1417.47,0.0,53.2892,43.6113,167975.55291748047,8876.58874511719
2026-07-17 13:05:02,gpu45,0,16,27.0,1417.74,0.0,53.2892,43.6113,167975.55291748047,8876.58874511719
2026-07-17 13:05:02,gpu45,0,17,27.0,1417.0,0.0,53.2892,43.6113,167975.55291748047,8876.58874511719
2026-07-17 13:05:02,gpu45,0,18,28.0,1418.4,0.0,53.2892,43.6113,167975.55291748047,8876.58874511719
2026-07-17 13:05:02,gpu45,0,19,25.0,1417.0,0.0,53.2892,43.6113,167975.55291748047,8876.58874511719
2026-07-17 13:05:02,gpu45,0,20,25.0,1422.57,0.0,53.2892,43.6113,167975.55291748047,8876.58874511719
2026-07-17 13:05:02,gpu45,0,21,26.0,1419.54,0.0,53.2892,43.6113,167975.55291748047,8876.58874511719
2026-07-17 13:05:02,gpu45,0,22,27.0,1416.05,0.0,53.2892,43.6113,167975.55291748047,8876.58874511719
2026-07-17 13:05:02,gpu45,0,23,30.0,1418.77,0.0,53.2892,43.6113,167975.55291748047,8876.58874511719
2026-07-17 13:05:02,gpu45,1,0,31.0,1452.89,0.0,64.7706,38.708,42408.58117675781,213423.97021484375
2026-07-17 13:05:02,gpu45,1,1,31.0,1457.02,0.0,64.7706,38.708,42408.58117675781,213423.97021484375
2026-07-17 13:05:02,gpu45,1,2,31.0,1452.82,0.0,64.7706,38.708,42408.58117675781,213423.97021484375
2026-07-17 13:05:02,gpu45,1,3,28.0,1454.19,0.0,64.7706,38.708,42408.58117675781,213423.97021484375
2026-07-17 13:05:02,gpu45,1,4,30.0,1458.28,0.0,64.7706,38.708,42408.58117675781,213423.97021484375
2026-07-17 13:05:02,gpu45,1,5,30.0,1456.05,0.0,64.7706,38.708,42408.58117675781,213423.97021484375
2026-07-17 13:05:02,gpu45,1,6,30.0,1452.65,0.0,64.7706,38.708,42408.58117675781,213423.97021484375
2026-07-17 13:05:02,gpu45,1,7,28.0,1455.64,0.0,64.7706,38.708,42408.58117675781,213423.97021484375
2026-07-17 13:05:02,gpu45,1,8,28.0,1451.59,0.0,64.7706,38.708,42408.58117675781,213423.97021484375
2026-07-17 13:05:02,gpu45,1,9,28.0,1453.59,0.0,64.7706,38.708,42408.58117675781,213423.97021484375
2026-07-17 13:05:02,gpu45,1,10,31.0,1452.31,0.0,64.7706,38.708,42408.58117675781,213423.97021484375
2026-07-17 13:05:02,gpu45,1,11,30.0,1452.72,0.0,64.7706,38.708,42408.58117675781,213423.97021484375
2026-07-17 13:05:02,gpu45,1,12,30.0,1450.64,0.0,64.7706,38.708,42408.58117675781,213423.97021484375
2026-07-17 13:05:02,gpu45,1,13,28.0,1453.95,0.0,64.7706,38.708,42408.58117675781,213423.97021484375
2026-07-17 13:05:02,gpu45,1,14,30.0,1452.81,0.0,64.7706,38.708,42408.58117675781,213423.97021484375
2026-07-17 13:05:02,gpu45,1,15,31.0,1453.54,0.0,64.7706,38.708,42408.58117675781,213423.97021484375
2026-07-17 13:05:02,gpu45,1,16,30.0,1453.47,0.0,64.7706,38.708,42408.58117675781,213423.97021484375
2026-07-17 13:05:02,gpu45,1,17,27.0,1453.43,0.0,64.7706,38.708,42408.58117675781,213423.97021484375
2026-07-17 13:05:02,gpu45,1,18,30.0,1454.99,0.0,64.7706,38.708,42408.58117675781,213423.97021484375
2026-07-17 13:05:02,gpu45,1,19,26.0,1454.1,0.0,64.7706,38.708,42408.58117675781,213423.97021484375
2026-07-17 13:05:02,gpu45,1,20,28.0,1453.29,0.0,64.7706,38.708,42408.58117675781,213423.97021484375
2026-07-17 13:05:02,gpu45,1,21,29.0,1454.52,0.0,64.7706,38.708,42408.58117675781,213423.97021484375
2026-07-17 13:05:02,gpu45,1,22,30.0,1451.38,0.0,64.7706,38.708,42408.58117675781,213423.97021484375
2026-07-17 13:05:02,gpu45,1,23,30.0,1453.34,0.0,64.7706,38.708,42408.58117675781,213423.97021484375
2026-07-17 13:10:01,cn21,0,0,25.0,1707.56,0.02,35.2719,29.7034,216086.52117919922,190422.02569580078
2026-07-17 13:10:01,cn21,0,1,26.0,1765.34,0.0,35.2719,29.7034,216086.52117919922,190422.02569580078
2026-07-17 13:10:01,cn21,0,2,26.0,1777.46,0.0,35.2719,29.7034,216086.52117919922,190422.02569580078
2026-07-17 13:10:01,cn21,0,3,22.0,1774.39,0.0,35.2719,29.7034,216086.52117919922,190422.02569580078
2026-07-17 13:10:01,cn21,0,4,23.0,1741.73,0.0,35.2719,29.7034,216086.52117919922,190422.02569580078
2026-07-17 13:10:01,cn21,0,5,25.0,1743.34,0.0,35.2719,29.7034,216086.52117919922,190422.02569580078
2026-07-17 13:10:01,cn21,0,6,26.0,1734.12,0.0,35.2719,29.7034,216086.52117919922,190422.02569580078
2026-07-17 13:10:01,cn21,0,7,23.0,1736.46,0.0,35.2719,29.7034,216086.52117919922,190422.02569580078
2026-07-17 13:10:01,cn21,0,8,27.0,1693.15,0.0,35.2719,29.7034,216086.52117919922,190422.02569580078
2026-07-17 13:10:01,cn21,0,9,27.0,1693.95,0.0,35.2719,29.7034,216086.52117919922,190422.02569580078
2026-07-17 13:10:01,cn21,0,10,28.0,1602.99,0.0,35.2719,29.7034,216086.52117919922,190422.02569580078
2026-07-17 13:10:01,cn21,0,11,28.0,1705.81,0.0,35.2719,29.7034,216086.52117919922,190422.02569580078
2026-07-17 13:10:01,cn21,0,12,25.0,1674.73,0.0,35.2719,29.7034,216086.52117919922,190422.02569580078
2026-07-17 13:10:01,cn21,0,13,23.0,1646.09,0.0,35.2719,29.7034,216086.52117919922,190422.02569580078
2026-07-17 13:10:01,cn21,0,14,24.0,1628.45,0.0,35.2719,29.7034,216086.52117919922,190422.02569580078
2026-07-17 13:10:01,cn21,0,15,26.0,1656.15,0.0,35.2719,29.7034,216086.52117919922,190422.02569580078
2026-07-17 13:10:01,cn21,0,16,25.0,1642.01,0.0,35.2719,29.7034,216086.52117919922,190422.02569580078
2026-07-17 13:10:01,cn21,0,17,23.0,1646.83,0.0,35.2719,29.7034,216086.52117919922,190422.02569580078
2026-07-17 13:10:01,cn21,0,18,27.0,1459.5,0.0,35.2719,29.7034,216086.52117919922,190422.02569580078
2026-07-17 13:10:01,cn21,0,19,21.0,1627.4,0.0,35.2719,29.7034,216086.52117919922,190422.02569580078
2026-07-17 13:10:01,cn21,0,20,24.0,1660.7,0.0,35.2719,29.7034,216086.52117919922,190422.02569580078
2026-07-17 13:10:01,cn21,0,21,25.0,1645.09,0.0,35.2719,29.7034,216086.52117919922,190422.02569580078
2026-07-17 13:10:01,cn21,0,22,26.0,1643.21,0.0,35.2719,29.7034,216086.52117919922,190422.02569580078
2026-07-17 13:10:01,cn21,0,23,25.0,1630.16,0.0,35.2719,29.7034,216086.52117919922,190422.02569580078
2026-07-17 13:10:01,cn21,1,0,32.0,1555.41,0.0,39.6558,50.3482,154636.6499633789,84053.00952148438
2026-07-17 13:10:01,cn21,1,1,28.0,1619.43,0.0,39.6558,50.3482,154636.6499633789,84053.00952148438
2026-07-17 13:10:01,cn21,1,2,27.0,1623.53,0.0,39.6558,50.3482,154636.6499633789,84053.00952148438
2026-07-17 13:10:01,cn21,1,3,25.0,1636.59,0.0,39.6558,50.3482,154636.6499633789,84053.00952148438
2026-07-17 13:10:01,cn21,1,4,31.0,1620.14,0.0,39.6558,50.3482,154636.6499633789,84053.00952148438
2026-07-17 13:10:01,cn21,1,5,27.0,1580.74,0.0,39.6558,50.3482,154636.6499633789,84053.00952148438
2026-07-17 13:10:01,cn21,1,6,28.0,1648.41,0.0,39.6558,50.3482,154636.6499633789,84053.00952148438
2026-07-17 13:10:01,cn21,1,7,25.0,1633.06,0.0,39.6558,50.3482,154636.6499633789,84053.00952148438
2026-07-17 13:10:01,cn21,1,8,25.0,1549.86,0.0,39.6558,50.3482,154636.6499633789,84053.00952148438
2026-07-17 13:10:01,cn21,1,9,26.0,1515.45,0.0,39.6558,50.3482,154636.6499633789,84053.00952148438
2026-07-17 13:10:01,cn21,1,10,27.0,1580.08,0.0,39.6558,50.3482,154636.6499633789,84053.00952148438
2026-07-17 13:10:01,cn21,1,11,28.0,1546.17,0.0,39.6558,50.3482,154636.6499633789,84053.00952148438
2026-07-17 13:10:01,cn21,1,12,29.0,1395.23,0.0,39.6558,50.3482,154636.6499633789,84053.00952148438
2026-07-17 13:10:01,cn21,1,13,27.0,1381.74,0.0,39.6558,50.3482,154636.6499633789,84053.00952148438
2026-07-17 13:10:01,cn21,1,14,26.0,1553.03,0.0,39.6558,50.3482,154636.6499633789,84053.00952148438
2026-07-17 13:10:01,cn21,1,15,27.0,1475.92,0.99,39.6558,50.3482,154636.6499633789,84053.00952148438
2026-07-17 13:10:01,cn21,1,16,28.0,1560.29,0.0,39.6558,50.3482,154636.6499633789,84053.00952148438
2026-07-17 13:10:01,cn21,1,17,28.0,1544.63,0.0,39.6558,50.3482,154636.6499633789,84053.00952148438
2026-07-17 13:10:01,cn21,1,18,27.0,1442.64,0.0,39.6558,50.3482,154636.6499633789,84053.00952148438
2026-07-17 13:10:01,cn21,1,19,26.0,1442.03,0.0,39.6558,50.3482,154636.6499633789,84053.00952148438
2026-07-17 13:10:01,cn21,1,20,26.0,1277.08,0.0,39.6558,50.3482,154636.6499633789,84053.00952148438
2026-07-17 13:10:01,cn21,1,21,28.0,1341.46,0.0,39.6558,50.3482,154636.6499633789,84053.00952148438
2026-07-17 13:10:01,cn21,1,22,29.0,1343.1,0.0,39.6558,50.3482,154636.6499633789,84053.00952148438
2026-07-17 13:10:01,cn21,1,23,28.0,1458.32,0.0,39.6558,50.3482,154636.6499633789,84053.00952148438
2026-07-17 13:10:02,gpu45,0,0,29.0,1431.39,0.0,53.7707,43.1294,183963.522277832,21786.725341796875
2026-07-17 13:10:02,gpu45,0,1,28.0,1431.97,0.0,53.7707,43.1294,183963.522277832,21786.725341796875
2026-07-17 13:10:02,gpu45,0,2,29.0,1428.33,0.0,53.7707,43.1294,183963.522277832,21786.725341796875
2026-07-17 13:10:02,gpu45,0,3,25.0,1423.59,0.0,53.7707,43.1294,183963.522277832,21786.725341796875
2026-07-17 13:10:02,gpu45,0,4,25.0,1419.04,0.0,53.7707,43.1294,183963.522277832,21786.725341796875
2026-07-17 13:10:02,gpu45,0,5,27.0,1417.46,0.0,53.7707,43.1294,183963.522277832,21786.725341796875
2026-07-17 13:10:02,gpu45,0,6,28.0,1417.6,0.0,53.7707,43.1294,183963.522277832,21786.725341796875
2026-07-17 13:10:02,gpu45,0,7,25.0,1421.76,0.0,53.7707,43.1294,183963.522277832,21786.725341796875
2026-07-17 13:10:02,gpu45,0,8,26.0,1415.46,0.0,53.7707,43.1294,183963.522277832,21786.725341796875
2026-07-17 13:10:02,gpu45,0,9,26.0,1419.94,0.0,53.7707,43.1294,183963.522277832,21786.725341796875
2026-07-17 13:10:02,gpu45,0,10,28.0,1415.42,0.0,53.7707,43.1294,183963.522277832,21786.725341796875
2026-07-17 13:10:02,gpu45,0,11,28.0,1417.24,0.0,53.7707,43.1294,183963.522277832,21786.725341796875
2026-07-17 13:10:02,gpu45,0,12,26.0,1418.44,0.0,53.7707,43.1294,183963.522277832,21786.725341796875
2026-07-17 13:10:02,gpu45,0,13,26.0,1412.64,0.0,53.7707,43.1294,183963.522277832,21786.725341796875
2026-07-17 13:10:02,gpu45,0,14,26.0,1417.4,0.0,53.7707,43.1294,183963.522277832,21786.725341796875
2026-07-17 13:10:02,gpu45,0,15,27.0,1417.47,0.0,53.7707,43.1294,183963.522277832,21786.725341796875
2026-07-17 13:10:02,gpu45,0,16,26.0,1417.74,0.0,53.7707,43.1294,183963.522277832,21786.725341796875
2026-07-17 13:10:02,gpu45,0,17,27.0,1417.0,0.0,53.7707,43.1294,183963.522277832,21786.725341796875
2026-07-17 13:10:02,gpu45,0,18,28.0,1418.4,0.0,53.7707,43.1294,183963.522277832,21786.725341796875
2026-07-17 13:10:02,gpu45,0,19,24.0,1416.99,0.0,53.7707,43.1294,183963.522277832,21786.725341796875
2026-07-17 13:10:02,gpu45,0,20,24.0,1422.57,0.0,53.7707,43.1294,183963.522277832,21786.725341796875
2026-07-17 13:10:02,gpu45,0,21,25.0,1419.54,0.0,53.7707,43.1294,183963.522277832,21786.725341796875
2026-07-17 13:10:02,gpu45,0,22,27.0,1416.05,0.0,53.7707,43.1294,183963.522277832,21786.725341796875
2026-07-17 13:10:02,gpu45,0,23,29.0,1418.77,0.0,53.7707,43.1294,183963.522277832,21786.725341796875
2026-07-17 13:10:02,gpu45,1,0,31.0,1452.89,0.0,64.8044,38.4859,57934.675842285156,224398.0064086914
2026-07-17 13:10:02,gpu45,1,1,30.0,1457.02,0.0,64.8044,38.4859,57934.675842285156,224398.0064086914
2026-07-17 13:10:02,gpu45,1,2,31.0,1452.81,0.0,64.8044,38.4859,57934.675842285156,224398.0064086914
2026-07-17 13:10:02,gpu45,1,3,28.0,1454.19,0.0,64.8044,38.4859,57934.675842285156,224398.0064086914
2026-07-17 13:10:02,gpu45,1,4,29.0,1458.27,0.0,64.8044,38.4859,57934.675842285156,224398.0064086914
2026-07-17 13:10:02,gpu45,1,5,29.0,1456.04,0.0,64.8044,38.4859,57934.675842285156,224398.0064086914
2026-07-17 13:10:02,gpu45,1,6,30.0,1452.65,0.0,64.8044,38.4859,57934.675842285156,224398.0064086914
2026-07-17 13:10:02,gpu45,1,7,27.0,1455.64,0.0,64.8044,38.4859,57934.675842285156,224398.0064086914
2026-07-17 13:10:02,gpu45,1,8,28.0,1451.59,0.0,64.8044,38.4859,57934.675842285156,224398.0064086914
2026-07-17 13:10:02,gpu45,1,9,31.0,1453.58,0.0,64.8044,38.4859,57934.675842285156,224398.0064086914
2026-07-17 13:10:02,gpu45,1,10,28.0,1452.31,0.0,64.8044,38.4859,57934.675842285156,224398.0064086914
2026-07-17 13:10:02,gpu45,1,11,29.0,1452.72,0.0,64.8044,38.4859,57934.675842285156,224398.0064086914
2026-07-17 13:10:02,gpu45,1,12,29.0,1450.64,0.0,64.8044,38.4859,57934.675842285156,224398.0064086914
2026-07-17 13:10:02,gpu45,1,13,27.0,1453.95,0.0,64.8044,38.4859,57934.675842285156,224398.0064086914
2026-07-17 13:10:02,gpu45,1,14,29.0,1452.81,0.0,64.8044,38.4859,57934.675842285156,224398.0064086914
2026-07-17 13:10:02,gpu45,1,15,31.0,1453.54,0.0,64.8044,38.4859,57934.675842285156,224398.0064086914
2026-07-17 13:10:02,gpu45,1,16,29.0,1453.47,0.0,64.8044,38.4859,57934.675842285156,224398.0064086914
2026-07-17 13:10:02,gpu45,1,17,26.0,1453.43,0.0,64.8044,38.4859,57934.675842285156,224398.0064086914
2026-07-17 13:10:02,gpu45,1,18,29.0,1454.99,0.0,64.8044,38.4859,57934.675842285156,224398.0064086914
2026-07-17 13:10:02,gpu45,1,19,27.0,1454.09,0.0,64.8044,38.4859,57934.675842285156,224398.0064086914
2026-07-17 13:10:02,gpu45,1,20,27.0,1453.28,0.0,64.8044,38.4859,57934.675842285156,224398.0064086914
2026-07-17 13:10:02,gpu45,1,21,28.0,1454.52,0.0,64.8044,38.4859,57934.675842285156,224398.0064086914
2026-07-17 13:10:02,gpu45,1,22,29.0,1451.38,0.0,64.8044,38.4859,57934.675842285156,224398.0064086914
2026-07-17 13:10:02,gpu45,1,23,30.0,1453.33,0.0,64.8044,38.4859,57934.675842285156,224398.0064086914
2026-07-17 13:15:02,cn21,0,0,25.0,1707.55,0.06,34.6798,28.8443,220732.96417236328,195838.36004638672
2026-07-17 13:15:02,cn21,0,1,26.0,1765.34,0.0,34.6798,28.8443,220732.96417236328,195838.36004638672
2026-07-17 13:15:02,cn21,0,2,26.0,1777.46,0.0,34.6798,28.8443,220732.96417236328,195838.36004638672
2026-07-17 13:15:02,cn21,0,3,22.0,1774.39,0.0,34.6798,28.8443,220732.96417236328,195838.36004638672
2026-07-17 13:15:02,cn21,0,4,24.0,1741.72,0.0,34.6798,28.8443,220732.96417236328,195838.36004638672
2026-07-17 13:15:02,cn21,0,5,25.0,1743.34,0.0,34.6798,28.8443,220732.96417236328,195838.36004638672
2026-07-17 13:15:02,cn21,0,6,26.0,1734.12,0.0,34.6798,28.8443,220732.96417236328,195838.36004638672
2026-07-17 13:15:02,cn21,0,7,23.0,1736.45,0.0,34.6798,28.8443,220732.96417236328,195838.36004638672
2026-07-17 13:15:02,cn21,0,8,27.0,1693.14,0.0,34.6798,28.8443,220732.96417236328,195838.36004638672
2026-07-17 13:15:02,cn21,0,9,27.0,1693.95,0.0,34.6798,28.8443,220732.96417236328,195838.36004638672
2026-07-17 13:15:02,cn21,0,10,27.0,1602.98,0.0,34.6798,28.8443,220732.96417236328,195838.36004638672
2026-07-17 13:15:02,cn21,0,11,29.0,1705.81,0.99,34.6798,28.8443,220732.96417236328,195838.36004638672
2026-07-17 13:15:02,cn21,0,12,25.0,1674.73,0.0,34.6798,28.8443,220732.96417236328,195838.36004638672
2026-07-17 13:15:02,cn21,0,13,23.0,1646.09,0.0,34.6798,28.8443,220732.96417236328,195838.36004638672
2026-07-17 13:15:02,cn21,0,14,25.0,1628.45,0.0,34.6798,28.8443,220732.96417236328,195838.36004638672
2026-07-17 13:15:02,cn21,0,15,26.0,1656.15,0.0,34.6798,28.8443,220732.96417236328,195838.36004638672
2026-07-17 13:15:02,cn21,0,16,26.0,1641.99,0.0,34.6798,28.8443,220732.96417236328,195838.36004638672
2026-07-17 13:15:02,cn21,0,17,24.0,1646.83,0.0,34.6798,28.8443,220732.96417236328,195838.36004638672
2026-07-17 13:15:02,cn21,0,18,27.0,1459.43,0.0,34.6798,28.8443,220732.96417236328,195838.36004638672
2026-07-17 13:15:02,cn21,0,19,22.0,1627.4,0.99,34.6798,28.8443,220732.96417236328,195838.36004638672
2026-07-17 13:15:02,cn21,0,20,24.0,1660.7,0.0,34.6798,28.8443,220732.96417236328,195838.36004638672
2026-07-17 13:15:02,cn21,0,21,25.0,1645.08,0.0,34.6798,28.8443,220732.96417236328,195838.36004638672
2026-07-17 13:15:02,cn21,0,22,27.0,1643.21,0.0,34.6798,28.8443,220732.96417236328,195838.36004638672
2026-07-17 13:15:02,cn21,0,23,25.0,1630.16,0.0,34.6798,28.8443,220732.96417236328,195838.36004638672
2026-07-17 13:15:02,cn21,1,0,34.0,1555.42,0.0,39.3562,50.2656,158565.99932861328,93656.54052734375
2026-07-17 13:15:02,cn21,1,1,30.0,1619.42,0.0,39.3562,50.2656,158565.99932861328,93656.54052734375
2026-07-17 13:15:02,cn21,1,2,30.0,1623.74,0.0,39.3562,50.2656,158565.99932861328,93656.54052734375
2026-07-17 13:15:02,cn21,1,3,25.0,1637.21,0.0,39.3562,50.2656,158565.99932861328,93656.54052734375
2026-07-17 13:15:02,cn21,1,4,24.0,1620.5,0.0,39.3562,50.2656,158565.99932861328,93656.54052734375
2026-07-17 13:15:02,cn21,1,5,27.0,1580.72,0.0,39.3562,50.2656,158565.99932861328,93656.54052734375
2026-07-17 13:15:02,cn21,1,6,27.0,1648.48,0.0,39.3562,50.2656,158565.99932861328,93656.54052734375
2026-07-17 13:15:02,cn21,1,7,25.0,1633.06,0.0,39.3562,50.2656,158565.99932861328,93656.54052734375
2026-07-17 13:15:02,cn21,1,8,26.0,1549.85,0.0,39.3562,50.2656,158565.99932861328,93656.54052734375
2026-07-17 13:15:02,cn21,1,9,27.0,1515.44,0.0,39.3562,50.2656,158565.99932861328,93656.54052734375
2026-07-17 13:15:02,cn21,1,10,28.0,1580.06,0.0,39.3562,50.2656,158565.99932861328,93656.54052734375
2026-07-17 13:15:02,cn21,1,11,28.0,1545.98,0.0,39.3562,50.2656,158565.99932861328,93656.54052734375
2026-07-17 13:15:02,cn21,1,12,29.0,1395.23,0.0,39.3562,50.2656,158565.99932861328,93656.54052734375
2026-07-17 13:15:02,cn21,1,13,28.0,1381.74,0.0,39.3562,50.2656,158565.99932861328,93656.54052734375
2026-07-17 13:15:02,cn21,1,14,27.0,1553.02,0.0,39.3562,50.2656,158565.99932861328,93656.54052734375
2026-07-17 13:15:02,cn21,1,15,28.0,1475.93,0.0,39.3562,50.2656,158565.99932861328,93656.54052734375
2026-07-17 13:15:02,cn21,1,16,28.0,1560.29,0.0,39.3562,50.2656,158565.99932861328,93656.54052734375
2026-07-17 13:15:02,cn21,1,17,28.0,1544.39,0.0,39.3562,50.2656,158565.99932861328,93656.54052734375
2026-07-17 13:15:02,cn21,1,18,26.0,1442.64,0.0,39.3562,50.2656,158565.99932861328,93656.54052734375
2026-07-17 13:15:02,cn21,1,19,27.0,1441.95,0.0,39.3562,50.2656,158565.99932861328,93656.54052734375
2026-07-17 13:15:02,cn21,1,20,26.0,1277.07,0.99,39.3562,50.2656,158565.99932861328,93656.54052734375
2026-07-17 13:15:02,cn21,1,21,27.0,1341.46,0.0,39.3562,50.2656,158565.99932861328,93656.54052734375
2026-07-17 13:15:02,cn21,1,22,29.0,1343.09,0.0,39.3562,50.2656,158565.99932861328,93656.54052734375
2026-07-17 13:15:02,cn21,1,23,28.0,1458.32,0.0,39.3562,50.2656,158565.99932861328,93656.54052734375
2026-07-17 13:15:02,gpu45,0,0,29.0,1431.39,0.0,53.4445,43.4176,199987.00958251953,34662.65246582031
2026-07-17 13:15:02,gpu45,0,1,27.0,1431.97,0.0,53.4445,43.4176,199987.00958251953,34662.65246582031
2026-07-17 13:15:02,gpu45,0,2,28.0,1428.33,0.0,53.4445,43.4176,199987.00958251953,34662.65246582031
2026-07-17 13:15:02,gpu45,0,3,25.0,1423.59,0.0,53.4445,43.4176,199987.00958251953,34662.65246582031
2026-07-17 13:15:02,gpu45,0,4,24.0,1419.03,0.0,53.4445,43.4176,199987.00958251953,34662.65246582031
2026-07-17 13:15:02,gpu45,0,5,26.0,1417.46,0.0,53.4445,43.4176,199987.00958251953,34662.65246582031
2026-07-17 13:15:02,gpu45,0,6,27.0,1417.6,0.0,53.4445,43.4176,199987.00958251953,34662.65246582031
2026-07-17 13:15:02,gpu45,0,7,24.0,1421.76,0.0,53.4445,43.4176,199987.00958251953,34662.65246582031
2026-07-17 13:15:02,gpu45,0,8,25.0,1415.46,0.0,53.4445,43.4176,199987.00958251953,34662.65246582031
2026-07-17 13:15:02,gpu45,0,9,26.0,1419.94,0.0,53.4445,43.4176,199987.00958251953,34662.65246582031
2026-07-17 13:15:02,gpu45,0,10,28.0,1415.41,0.0,53.4445,43.4176,199987.00958251953,34662.65246582031
2026-07-17 13:15:02,gpu45,0,11,27.0,1417.23,0.0,53.4445,43.4176,199987.00958251953,34662.65246582031
2026-07-17 13:15:02,gpu45,0,12,25.0,1418.44,0.0,53.4445,43.4176,199987.00958251953,34662.65246582031
2026-07-17 13:15:02,gpu45,0,13,25.0,1412.63,0.0,53.4445,43.4176,199987.00958251953,34662.65246582031
2026-07-17 13:15:02,gpu45,0,14,25.0,1417.4,0.0,53.4445,43.4176,199987.00958251953,34662.65246582031
2026-07-17 13:15:02,gpu45,0,15,27.0,1417.47,0.0,53.4445,43.4176,199987.00958251953,34662.65246582031
2026-07-17 13:15:02,gpu45,0,16,25.0,1417.73,0.0,53.4445,43.4176,199987.00958251953,34662.65246582031
2026-07-17 13:15:02,gpu45,0,17,26.0,1416.99,0.0,53.4445,43.4176,199987.00958251953,34662.65246582031
2026-07-17 13:15:02,gpu45,0,18,27.0,1418.4,0.0,53.4445,43.4176,199987.00958251953,34662.65246582031
2026-07-17 13:15:02,gpu45,0,19,24.0,1416.99,0.0,53.4445,43.4176,199987.00958251953,34662.65246582031
2026-07-17 13:15:02,gpu45,0,20,24.0,1422.56,0.0,53.4445,43.4176,199987.00958251953,34662.65246582031
2026-07-17 13:15:02,gpu45,0,21,24.0,1419.54,0.0,53.4445,43.4176,199987.00958251953,34662.65246582031
2026-07-17 13:15:02,gpu45,0,22,26.0,1416.05,0.0,53.4445,43.4176,199987.00958251953,34662.65246582031
2026-07-17 13:15:02,gpu45,0,23,28.0,1418.77,0.0,53.4445,43.4176,199987.00958251953,34662.65246582031
2026-07-17 13:15:02,gpu45,1,0,30.0,1452.89,0.0,64.716,38.9644,73453.3333129883,235393.444519043
2026-07-17 13:15:02,gpu45,1,1,30.0,1457.02,0.0,64.716,38.9644,73453.3333129883,235393.444519043
2026-07-17 13:15:02,gpu45,1,2,30.0,1452.81,0.0,64.716,38.9644,73453.3333129883,235393.444519043
2026-07-17 13:15:02,gpu45,1,3,27.0,1454.19,0.0,64.716,38.9644,73453.3333129883,235393.444519043
2026-07-17 13:15:02,gpu45,1,4,29.0,1458.27,0.0,64.716,38.9644,73453.3333129883,235393.444519043
2026-07-17 13:15:02,gpu45,1,5,29.0,1456.04,0.0,64.716,38.9644,73453.3333129883,235393.444519043
2026-07-17 13:15:02,gpu45,1,6,30.0,1452.65,0.0,64.716,38.9644,73453.3333129883,235393.444519043
2026-07-17 13:15:02,gpu45,1,7,27.0,1455.64,0.0,64.716,38.9644,73453.3333129883,235393.444519043
2026-07-17 13:15:02,gpu45,1,8,27.0,1451.59,0.0,64.716,38.9644,73453.3333129883,235393.444519043
2026-07-17 13:15:02,gpu45,1,9,30.0,1453.58,0.0,64.716,38.9644,73453.3333129883,235393.444519043
2026-07-17 13:15:02,gpu45,1,10,28.0,1452.31,0.0,64.716,38.9644,73453.3333129883,235393.444519043
2026-07-17 13:15:02,gpu45,1,11,29.0,1452.72,0.0,64.716,38.9644,73453.3333129883,235393.444519043
2026-07-17 13:15:02,gpu45,1,12,29.0,1450.64,0.0,64.716,38.9644,73453.3333129883,235393.444519043
2026-07-17 13:15:02,gpu45,1,13,27.0,1453.95,0.0,64.716,38.9644,73453.3333129883,235393.444519043
2026-07-17 13:15:02,gpu45,1,14,30.0,1452.81,0.0,64.716,38.9644,73453.3333129883,235393.444519043
2026-07-17 13:15:02,gpu45,1,15,30.0,1453.54,0.0,64.716,38.9644,73453.3333129883,235393.444519043
2026-07-17 13:15:02,gpu45,1,16,30.0,1453.47,0.0,64.716,38.9644,73453.3333129883,235393.444519043
2026-07-17 13:15:02,gpu45,1,17,27.0,1453.43,0.0,64.716,38.9644,73453.3333129883,235393.444519043
2026-07-17 13:15:02,gpu45,1,18,29.0,1454.99,0.0,64.716,38.9644,73453.3333129883,235393.444519043
2026-07-17 13:15:02,gpu45,1,19,26.0,1454.09,0.0,64.716,38.9644,73453.3333129883,235393.444519043
2026-07-17 13:15:02,gpu45,1,20,27.0,1453.28,0.0,64.716,38.9644,73453.3333129883,235393.444519043
2026-07-17 13:15:02,gpu45,1,21,28.0,1454.52,0.0,64.716,38.9644,73453.3333129883,235393.444519043
2026-07-17 13:15:02,gpu45,1,22,29.0,1451.38,0.0,64.716,38.9644,73453.3333129883,235393.444519043
2026-07-17 13:15:02,gpu45,1,23,29.0,1453.33,0.0,64.716,38.9644,73453.3333129883,235393.444519043
2026-07-17 13:20:01,cn21,0,0,25.0,1707.53,0.0,35.1388,29.4458,225305.08184814453,201211.57690429688
2026-07-17 13:20:01,cn21,0,1,27.0,1765.33,0.0,35.1388,29.4458,225305.08184814453,201211.57690429688
2026-07-17 13:20:01,cn21,0,2,27.0,1777.45,0.0,35.1388,29.4458,225305.08184814453,201211.57690429688
2026-07-17 13:20:01,cn21,0,3,23.0,1774.39,0.0,35.1388,29.4458,225305.08184814453,201211.57690429688
2026-07-17 13:20:01,cn21,0,4,25.0,1741.72,0.0,35.1388,29.4458,225305.08184814453,201211.57690429688
2026-07-17 13:20:01,cn21,0,5,25.0,1743.33,0.0,35.1388,29.4458,225305.08184814453,201211.57690429688
2026-07-17 13:20:01,cn21,0,6,26.0,1734.12,0.0,35.1388,29.4458,225305.08184814453,201211.57690429688
2026-07-17 13:20:01,cn21,0,7,23.0,1736.45,0.0,35.1388,29.4458,225305.08184814453,201211.57690429688
2026-07-17 13:20:01,cn21,0,8,28.0,1693.14,0.0,35.1388,29.4458,225305.08184814453,201211.57690429688
2026-07-17 13:20:01,cn21,0,9,28.0,1693.95,0.0,35.1388,29.4458,225305.08184814453,201211.57690429688
2026-07-17 13:20:01,cn21,0,10,28.0,1602.98,0.0,35.1388,29.4458,225305.08184814453,201211.57690429688
2026-07-17 13:20:01,cn21,0,11,29.0,1705.81,0.0,35.1388,29.4458,225305.08184814453,201211.57690429688
2026-07-17 13:20:01,cn21,0,12,25.0,1674.73,0.0,35.1388,29.4458,225305.08184814453,201211.57690429688
2026-07-17 13:20:01,cn21,0,13,24.0,1646.08,0.0,35.1388,29.4458,225305.08184814453,201211.57690429688
2026-07-17 13:20:01,cn21,0,14,25.0,1628.45,0.0,35.1388,29.4458,225305.08184814453,201211.57690429688
2026-07-17 13:20:01,cn21,0,15,26.0,1656.15,0.0,35.1388,29.4458,225305.08184814453,201211.57690429688
2026-07-17 13:20:01,cn21,0,16,26.0,1641.98,0.0,35.1388,29.4458,225305.08184814453,201211.57690429688
2026-07-17 13:20:01,cn21,0,17,24.0,1646.83,0.0,35.1388,29.4458,225305.08184814453,201211.57690429688
2026-07-17 13:20:01,cn21,0,18,28.0,1459.38,0.0,35.1388,29.4458,225305.08184814453,201211.57690429688
2026-07-17 13:20:01,cn21,0,19,22.0,1627.36,0.0,35.1388,29.4458,225305.08184814453,201211.57690429688
2026-07-17 13:20:01,cn21,0,20,25.0,1660.7,0.0,35.1388,29.4458,225305.08184814453,201211.57690429688
2026-07-17 13:20:01,cn21,0,21,26.0,1645.08,0.0,35.1388,29.4458,225305.08184814453,201211.57690429688
2026-07-17 13:20:01,cn21,0,22,27.0,1643.21,0.0,35.1388,29.4458,225305.08184814453,201211.57690429688
2026-07-17 13:20:01,cn21,0,23,26.0,1630.16,0.0,35.1388,29.4458,225305.08184814453,201211.57690429688
2026-07-17 13:20:01,cn21,1,0,33.0,1555.44,0.0,39.9295,50.3321,162476.84344482422,103146.45904541016
2026-07-17 13:20:01,cn21,1,1,30.0,1619.65,0.0,39.9295,50.3321,162476.84344482422,103146.45904541016
2026-07-17 13:20:01,cn21,1,2,28.0,1624.32,0.0,39.9295,50.3321,162476.84344482422,103146.45904541016
2026-07-17 13:20:01,cn21,1,3,25.0,1637.55,0.0,39.9295,50.3321,162476.84344482422,103146.45904541016
2026-07-17 13:20:01,cn21,1,4,24.0,1620.62,0.0,39.9295,50.3321,162476.84344482422,103146.45904541016
2026-07-17 13:20:01,cn21,1,5,28.0,1580.7,0.0,39.9295,50.3321,162476.84344482422,103146.45904541016
2026-07-17 13:20:01,cn21,1,6,30.0,1648.32,0.0,39.9295,50.3321,162476.84344482422,103146.45904541016
2026-07-17 13:20:01,cn21,1,7,26.0,1633.06,0.0,39.9295,50.3321,162476.84344482422,103146.45904541016
2026-07-17 13:20:01,cn21,1,8,26.0,1549.85,0.0,39.9295,50.3321,162476.84344482422,103146.45904541016
2026-07-17 13:20:01,cn21,1,9,27.0,1515.44,0.0,39.9295,50.3321,162476.84344482422,103146.45904541016
2026-07-17 13:20:01,cn21,1,10,27.0,1580.06,0.0,39.9295,50.3321,162476.84344482422,103146.45904541016
2026-07-17 13:20:01,cn21,1,11,28.0,1545.95,0.0,39.9295,50.3321,162476.84344482422,103146.45904541016
2026-07-17 13:20:01,cn21,1,12,30.0,1395.22,0.0,39.9295,50.3321,162476.84344482422,103146.45904541016
2026-07-17 13:20:01,cn21,1,13,27.0,1381.74,0.0,39.9295,50.3321,162476.84344482422,103146.45904541016
2026-07-17 13:20:01,cn21,1,14,27.0,1553.01,0.0,39.9295,50.3321,162476.84344482422,103146.45904541016
2026-07-17 13:20:01,cn21,1,15,28.0,1475.93,0.0,39.9295,50.3321,162476.84344482422,103146.45904541016
2026-07-17 13:20:01,cn21,1,16,28.0,1560.29,0.0,39.9295,50.3321,162476.84344482422,103146.45904541016
2026-07-17 13:20:01,cn21,1,17,28.0,1544.11,0.0,39.9295,50.3321,162476.84344482422,103146.45904541016
2026-07-17 13:20:01,cn21,1,18,26.0,1442.64,0.0,39.9295,50.3321,162476.84344482422,103146.45904541016
2026-07-17 13:20:01,cn21,1,19,26.0,1441.94,0.0,39.9295,50.3321,162476.84344482422,103146.45904541016
2026-07-17 13:20:01,cn21,1,20,26.0,1277.02,0.0,39.9295,50.3321,162476.84344482422,103146.45904541016
2026-07-17 13:20:01,cn21,1,21,27.0,1341.46,0.0,39.9295,50.3321,162476.84344482422,103146.45904541016
2026-07-17 13:20:01,cn21,1,22,29.0,1343.09,0.0,39.9295,50.3321,162476.84344482422,103146.45904541016
2026-07-17 13:20:01,cn21,1,23,28.0,1458.33,0.0,39.9295,50.3321,162476.84344482422,103146.45904541016
2026-07-17 13:20:01,gpu45,0,0,30.0,1431.38,0.02,53.6004,43.726,215956.01599121094,47508.46838378906
2026-07-17 13:20:01,gpu45,0,1,28.0,1431.96,0.0,53.6004,43.726,215956.01599121094,47508.46838378906
2026-07-17 13:20:01,gpu45,0,2,29.0,1428.32,0.0,53.6004,43.726,215956.01599121094,47508.46838378906
2026-07-17 13:20:01,gpu45,0,3,26.0,1423.58,0.0,53.6004,43.726,215956.01599121094,47508.46838378906
2026-07-17 13:20:01,gpu45,0,4,26.0,1419.03,0.0,53.6004,43.726,215956.01599121094,47508.46838378906
2026-07-17 13:20:01,gpu45,0,5,27.0,1417.45,0.0,53.6004,43.726,215956.01599121094,47508.46838378906
2026-07-17 13:20:01,gpu45,0,6,28.0,1417.59,0.0,53.6004,43.726,215956.01599121094,47508.46838378906
2026-07-17 13:20:01,gpu45,0,7,26.0,1421.76,0.0,53.6004,43.726,215956.01599121094,47508.46838378906
2026-07-17 13:20:01,gpu45,0,8,26.0,1415.46,0.0,53.6004,43.726,215956.01599121094,47508.46838378906
2026-07-17 13:20:01,gpu45,0,9,27.0,1419.93,0.0,53.6004,43.726,215956.01599121094,47508.46838378906
2026-07-17 13:20:01,gpu45,0,10,29.0,1415.41,0.0,53.6004,43.726,215956.01599121094,47508.46838378906
2026-07-17 13:20:01,gpu45,0,11,28.0,1417.23,0.0,53.6004,43.726,215956.01599121094,47508.46838378906
2026-07-17 13:20:01,gpu45,0,12,26.0,1418.43,0.99,53.6004,43.726,215956.01599121094,47508.46838378906
2026-07-17 13:20:01,gpu45,0,13,26.0,1412.63,0.0,53.6004,43.726,215956.01599121094,47508.46838378906
2026-07-17 13:20:01,gpu45,0,14,26.0,1417.4,0.0,53.6004,43.726,215956.01599121094,47508.46838378906
2026-07-17 13:20:01,gpu45,0,15,28.0,1417.47,0.0,53.6004,43.726,215956.01599121094,47508.46838378906
2026-07-17 13:20:01,gpu45,0,16,27.0,1417.73,0.0,53.6004,43.726,215956.01599121094,47508.46838378906
2026-07-17 13:20:01,gpu45,0,17,27.0,1416.99,0.0,53.6004,43.726,215956.01599121094,47508.46838378906
2026-07-17 13:20:01,gpu45,0,18,28.0,1418.4,0.0,53.6004,43.726,215956.01599121094,47508.46838378906
2026-07-17 13:20:01,gpu45,0,19,25.0,1416.99,0.0,53.6004,43.726,215956.01599121094,47508.46838378906
2026-07-17 13:20:01,gpu45,0,20,25.0,1422.56,0.0,53.6004,43.726,215956.01599121094,47508.46838378906
2026-07-17 13:20:01,gpu45,0,21,25.0,1419.54,0.0,53.6004,43.726,215956.01599121094,47508.46838378906
2026-07-17 13:20:01,gpu45,0,22,28.0,1416.05,0.0,53.6004,43.726,215956.01599121094,47508.46838378906
2026-07-17 13:20:01,gpu45,0,23,30.0,1418.77,0.0,53.6004,43.726,215956.01599121094,47508.46838378906
2026-07-17 13:20:01,gpu45,1,0,31.0,1452.88,0.0,64.7179,38.3579,88889.6717529297,246301.51300048828
2026-07-17 13:20:01,gpu45,1,1,31.0,1457.02,0.0,64.7179,38.3579,88889.6717529297,246301.51300048828
2026-07-17 13:20:01,gpu45,1,2,31.0,1452.81,0.0,64.7179,38.3579,88889.6717529297,246301.51300048828
2026-07-17 13:20:01,gpu45,1,3,28.0,1454.19,0.0,64.7179,38.3579,88889.6717529297,246301.51300048828
2026-07-17 13:20:01,gpu45,1,4,29.0,1458.27,0.0,64.7179,38.3579,88889.6717529297,246301.51300048828
2026-07-17 13:20:01,gpu45,1,5,30.0,1456.04,0.0,64.7179,38.3579,88889.6717529297,246301.51300048828
2026-07-17 13:20:01,gpu45,1,6,30.0,1452.65,0.0,64.7179,38.3579,88889.6717529297,246301.51300048828
2026-07-17 13:20:01,gpu45,1,7,29.0,1455.64,0.0,64.7179,38.3579,88889.6717529297,246301.51300048828
2026-07-17 13:20:01,gpu45,1,8,28.0,1451.59,0.0,64.7179,38.3579,88889.6717529297,246301.51300048828
2026-07-17 13:20:01,gpu45,1,9,28.0,1453.58,0.0,64.7179,38.3579,88889.6717529297,246301.51300048828
2026-07-17 13:20:01,gpu45,1,10,29.0,1452.31,0.0,64.7179,38.3579,88889.6717529297,246301.51300048828
2026-07-17 13:20:01,gpu45,1,11,30.0,1452.72,0.0,64.7179,38.3579,88889.6717529297,246301.51300048828
2026-07-17 13:20:01,gpu45,1,12,29.0,1450.64,0.0,64.7179,38.3579,88889.6717529297,246301.51300048828
2026-07-17 13:20:01,gpu45,1,13,28.0,1453.94,0.0,64.7179,38.3579,88889.6717529297,246301.51300048828
2026-07-17 13:20:01,gpu45,1,14,30.0,1452.81,0.0,64.7179,38.3579,88889.6717529297,246301.51300048828
2026-07-17 13:20:01,gpu45,1,15,31.0,1453.54,0.0,64.7179,38.3579,88889.6717529297,246301.51300048828
2026-07-17 13:20:01,gpu45,1,16,30.0,1453.47,0.0,64.7179,38.3579,88889.6717529297,246301.51300048828
2026-07-17 13:20:01,gpu45,1,17,27.0,1453.42,0.0,64.7179,38.3579,88889.6717529297,246301.51300048828
2026-07-17 13:20:01,gpu45,1,18,30.0,1454.99,0.0,64.7179,38.3579,88889.6717529297,246301.51300048828
2026-07-17 13:20:01,gpu45,1,19,27.0,1454.09,0.0,64.7179,38.3579,88889.6717529297,246301.51300048828
2026-07-17 13:20:01,gpu45,1,20,28.0,1453.28,0.0,64.7179,38.3579,88889.6717529297,246301.51300048828
2026-07-17 13:20:01,gpu45,1,21,29.0,1454.51,0.0,64.7179,38.3579,88889.6717529297,246301.51300048828
2026-07-17 13:20:01,gpu45,1,22,30.0,1451.37,0.0,64.7179,38.3579,88889.6717529297,246301.51300048828
2026-07-17 13:20:01,gpu45,1,23,31.0,1453.33,0.0,64.7179,38.3579,88889.6717529297,246301.51300048828
2026-07-17 13:25:01,cn21,0,0,25.0,1707.52,0.0,36.2107,29.5624,229881.35998535156,206474.880859375
2026-07-17 13:25:01,cn21,0,1,27.0,1765.33,0.0,36.2107,29.5624,229881.35998535156,206474.880859375
2026-07-17 13:25:01,cn21,0,2,26.0,1777.45,0.0,36.2107,29.5624,229881.35998535156,206474.880859375
2026-07-17 13:25:01,cn21,0,3,24.0,1774.38,0.0,36.2107,29.5624,229881.35998535156,206474.880859375
2026-07-17 13:25:01,cn21,0,4,25.0,1741.72,0.0,36.2107,29.5624,229881.35998535156,206474.880859375
2026-07-17 13:25:01,cn21,0,5,26.0,1743.33,0.0,36.2107,29.5624,229881.35998535156,206474.880859375
2026-07-17 13:25:01,cn21,0,6,27.0,1734.12,0.0,36.2107,29.5624,229881.35998535156,206474.880859375
2026-07-17 13:25:01,cn21,0,7,23.0,1736.45,0.0,36.2107,29.5624,229881.35998535156,206474.880859375
2026-07-17 13:25:01,cn21,0,8,28.0,1693.13,0.0,36.2107,29.5624,229881.35998535156,206474.880859375
2026-07-17 13:25:01,cn21,0,9,28.0,1693.95,0.0,36.2107,29.5624,229881.35998535156,206474.880859375
2026-07-17 13:25:01,cn21,0,10,28.0,1602.98,0.0,36.2107,29.5624,229881.35998535156,206474.880859375
2026-07-17 13:25:01,cn21,0,11,29.0,1705.81,0.0,36.2107,29.5624,229881.35998535156,206474.880859375
2026-07-17 13:25:01,cn21,0,12,25.0,1674.73,0.0,36.2107,29.5624,229881.35998535156,206474.880859375
2026-07-17 13:25:01,cn21,0,13,24.0,1646.08,0.0,36.2107,29.5624,229881.35998535156,206474.880859375
2026-07-17 13:25:01,cn21,0,14,25.0,1628.44,0.0,36.2107,29.5624,229881.35998535156,206474.880859375
2026-07-17 13:25:01,cn21,0,15,27.0,1656.15,0.0,36.2107,29.5624,229881.35998535156,206474.880859375
2026-07-17 13:25:01,cn21,0,16,26.0,1641.96,0.0,36.2107,29.5624,229881.35998535156,206474.880859375
2026-07-17 13:25:01,cn21,0,17,25.0,1646.83,0.0,36.2107,29.5624,229881.35998535156,206474.880859375
2026-07-17 13:25:01,cn21,0,18,28.0,1459.33,0.0,36.2107,29.5624,229881.35998535156,206474.880859375
2026-07-17 13:25:01,cn21,0,19,23.0,1627.36,0.0,36.2107,29.5624,229881.35998535156,206474.880859375
2026-07-17 13:25:01,cn21,0,20,24.0,1660.7,0.0,36.2107,29.5624,229881.35998535156,206474.880859375
2026-07-17 13:25:01,cn21,0,21,26.0,1645.08,0.0,36.2107,29.5624,229881.35998535156,206474.880859375
2026-07-17 13:25:01,cn21,0,22,27.0,1643.21,0.0,36.2107,29.5624,229881.35998535156,206474.880859375
2026-07-17 13:25:01,cn21,0,23,26.0,1630.16,0.0,36.2107,29.5624,229881.35998535156,206474.880859375
2026-07-17 13:25:01,cn21,1,0,39.0,1555.51,0.0,41.5677,51.1654,166399.27911376953,112416.37872314453
2026-07-17 13:25:01,cn21,1,1,31.0,1620.08,0.0,41.5677,51.1654,166399.27911376953,112416.37872314453
2026-07-17 13:25:01,cn21,1,2,28.0,1624.61,0.0,41.5677,51.1654,166399.27911376953,112416.37872314453
2026-07-17 13:25:01,cn21,1,3,25.0,1637.89,0.0,41.5677,51.1654,166399.27911376953,112416.37872314453
2026-07-17 13:25:01,cn21,1,4,25.0,1620.73,0.0,41.5677,51.1654,166399.27911376953,112416.37872314453
2026-07-17 13:25:01,cn21,1,5,27.0,1580.68,0.0,41.5677,51.1654,166399.27911376953,112416.37872314453
2026-07-17 13:25:01,cn21,1,6,27.0,1648.14,0.0,41.5677,51.1654,166399.27911376953,112416.37872314453
2026-07-17 13:25:01,cn21,1,7,26.0,1633.05,0.0,41.5677,51.1654,166399.27911376953,112416.37872314453
2026-07-17 13:25:01,cn21,1,8,26.0,1549.85,0.0,41.5677,51.1654,166399.27911376953,112416.37872314453
2026-07-17 13:25:01,cn21,1,9,26.0,1515.44,0.0,41.5677,51.1654,166399.27911376953,112416.37872314453
2026-07-17 13:25:01,cn21,1,10,28.0,1580.04,0.0,41.5677,51.1654,166399.27911376953,112416.37872314453
2026-07-17 13:25:01,cn21,1,11,29.0,1545.95,0.0,41.5677,51.1654,166399.27911376953,112416.37872314453
2026-07-17 13:25:01,cn21,1,12,30.0,1395.22,0.0,41.5677,51.1654,166399.27911376953,112416.37872314453
2026-07-17 13:25:01,cn21,1,13,29.0,1381.74,0.0,41.5677,51.1654,166399.27911376953,112416.37872314453
2026-07-17 13:25:01,cn21,1,14,27.0,1552.99,0.0,41.5677,51.1654,166399.27911376953,112416.37872314453
2026-07-17 13:25:01,cn21,1,15,28.0,1475.92,0.0,41.5677,51.1654,166399.27911376953,112416.37872314453
2026-07-17 13:25:01,cn21,1,16,28.0,1560.28,0.0,41.5677,51.1654,166399.27911376953,112416.37872314453
2026-07-17 13:25:01,cn21,1,17,29.0,1543.85,0.0,41.5677,51.1654,166399.27911376953,112416.37872314453
2026-07-17 13:25:01,cn21,1,18,26.0,1442.64,0.0,41.5677,51.1654,166399.27911376953,112416.37872314453
2026-07-17 13:25:01,cn21,1,19,26.0,1441.89,0.0,41.5677,51.1654,166399.27911376953,112416.37872314453
2026-07-17 13:25:01,cn21,1,20,26.0,1276.99,0.0,41.5677,51.1654,166399.27911376953,112416.37872314453
2026-07-17 13:25:01,cn21,1,21,28.0,1341.46,0.0,41.5677,51.1654,166399.27911376953,112416.37872314453
2026-07-17 13:25:01,cn21,1,22,29.0,1343.08,0.0,41.5677,51.1654,166399.27911376953,112416.37872314453
2026-07-17 13:25:01,cn21,1,23,28.0,1458.33,0.0,41.5677,51.1654,166399.27911376953,112416.37872314453
2026-07-17 13:25:01,gpu45,0,0,29.0,1431.38,0.0,53.6275,41.5522,231982.4111328125,60412.241943359375
2026-07-17 13:25:01,gpu45,0,1,28.0,1431.96,0.0,53.6275,41.5522,231982.4111328125,60412.241943359375
2026-07-17 13:25:01,gpu45,0,2,29.0,1428.32,0.0,53.6275,41.5522,231982.4111328125,60412.241943359375
2026-07-17 13:25:01,gpu45,0,3,26.0,1423.58,0.0,53.6275,41.5522,231982.4111328125,60412.241943359375
2026-07-17 13:25:01,gpu45,0,4,26.0,1419.03,0.0,53.6275,41.5522,231982.4111328125,60412.241943359375
2026-07-17 13:25:01,gpu45,0,5,27.0,1417.45,0.0,53.6275,41.5522,231982.4111328125,60412.241943359375
2026-07-17 13:25:01,gpu45,0,6,28.0,1417.59,0.0,53.6275,41.5522,231982.4111328125,60412.241943359375
2026-07-17 13:25:01,gpu45,0,7,26.0,1421.76,0.0,53.6275,41.5522,231982.4111328125,60412.241943359375
2026-07-17 13:25:01,gpu45,0,8,26.0,1415.45,0.0,53.6275,41.5522,231982.4111328125,60412.241943359375
2026-07-17 13:25:01,gpu45,0,9,26.0,1419.93,0.0,53.6275,41.5522,231982.4111328125,60412.241943359375
2026-07-17 13:25:01,gpu45,0,10,29.0,1415.41,0.0,53.6275,41.5522,231982.4111328125,60412.241943359375
2026-07-17 13:25:01,gpu45,0,11,28.0,1417.23,0.0,53.6275,41.5522,231982.4111328125,60412.241943359375
2026-07-17 13:25:01,gpu45,0,12,26.0,1418.43,0.0,53.6275,41.5522,231982.4111328125,60412.241943359375
2026-07-17 13:25:01,gpu45,0,13,26.0,1412.63,0.0,53.6275,41.5522,231982.4111328125,60412.241943359375
2026-07-17 13:25:01,gpu45,0,14,26.0,1417.39,0.0,53.6275,41.5522,231982.4111328125,60412.241943359375
2026-07-17 13:25:01,gpu45,0,15,28.0,1417.46,0.0,53.6275,41.5522,231982.4111328125,60412.241943359375
2026-07-17 13:25:01,gpu45,0,16,27.0,1417.73,0.0,53.6275,41.5522,231982.4111328125,60412.241943359375
2026-07-17 13:25:01,gpu45,0,17,27.0,1416.99,0.0,53.6275,41.5522,231982.4111328125,60412.241943359375
2026-07-17 13:25:01,gpu45,0,18,28.0,1418.39,0.0,53.6275,41.5522,231982.4111328125,60412.241943359375
2026-07-17 13:25:01,gpu45,0,19,25.0,1416.99,0.0,53.6275,41.5522,231982.4111328125,60412.241943359375
2026-07-17 13:25:01,gpu45,0,20,25.0,1422.56,0.0,53.6275,41.5522,231982.4111328125,60412.241943359375
2026-07-17 13:25:01,gpu45,0,21,25.0,1419.53,0.0,53.6275,41.5522,231982.4111328125,60412.241943359375
2026-07-17 13:25:01,gpu45,0,22,27.0,1416.05,0.0,53.6275,41.5522,231982.4111328125,60412.241943359375
2026-07-17 13:25:01,gpu45,0,23,30.0,1418.76,0.0,53.6275,41.5522,231982.4111328125,60412.241943359375
2026-07-17 13:25:01,gpu45,1,0,35.0,1452.88,0.0,64.7502,38.9284,104371.46350097656,257229.41790771484
2026-07-17 13:25:01,gpu45,1,1,31.0,1457.02,0.0,64.7502,38.9284,104371.46350097656,257229.41790771484
2026-07-17 13:25:01,gpu45,1,2,31.0,1452.81,0.0,64.7502,38.9284,104371.46350097656,257229.41790771484
2026-07-17 13:25:01,gpu45,1,3,28.0,1454.18,0.0,64.7502,38.9284,104371.46350097656,257229.41790771484
2026-07-17 13:25:01,gpu45,1,4,30.0,1458.27,0.0,64.7502,38.9284,104371.46350097656,257229.41790771484
2026-07-17 13:25:01,gpu45,1,5,30.0,1456.04,0.0,64.7502,38.9284,104371.46350097656,257229.41790771484
2026-07-17 13:25:01,gpu45,1,6,30.0,1452.64,0.0,64.7502,38.9284,104371.46350097656,257229.41790771484
2026-07-17 13:25:01,gpu45,1,7,28.0,1455.63,0.0,64.7502,38.9284,104371.46350097656,257229.41790771484
2026-07-17 13:25:01,gpu45,1,8,29.0,1451.59,0.0,64.7502,38.9284,104371.46350097656,257229.41790771484
2026-07-17 13:25:01,gpu45,1,9,28.0,1453.58,0.0,64.7502,38.9284,104371.46350097656,257229.41790771484
2026-07-17 13:25:01,gpu45,1,10,29.0,1452.31,0.0,64.7502,38.9284,104371.46350097656,257229.41790771484
2026-07-17 13:25:01,gpu45,1,11,30.0,1452.71,0.0,64.7502,38.9284,104371.46350097656,257229.41790771484
2026-07-17 13:25:01,gpu45,1,12,29.0,1450.64,0.0,64.7502,38.9284,104371.46350097656,257229.41790771484
2026-07-17 13:25:01,gpu45,1,13,27.0,1453.94,0.0,64.7502,38.9284,104371.46350097656,257229.41790771484
2026-07-17 13:25:01,gpu45,1,14,30.0,1452.8,0.0,64.7502,38.9284,104371.46350097656,257229.41790771484
2026-07-17 13:25:01,gpu45,1,15,31.0,1453.53,0.0,64.7502,38.9284,104371.46350097656,257229.41790771484
2026-07-17 13:25:01,gpu45,1,16,30.0,1453.46,0.0,64.7502,38.9284,104371.46350097656,257229.41790771484
2026-07-17 13:25:01,gpu45,1,17,27.0,1453.42,0.0,64.7502,38.9284,104371.46350097656,257229.41790771484
2026-07-17 13:25:01,gpu45,1,18,30.0,1454.99,0.0,64.7502,38.9284,104371.46350097656,257229.41790771484
2026-07-17 13:25:01,gpu45,1,19,26.0,1454.09,0.0,64.7502,38.9284,104371.46350097656,257229.41790771484
2026-07-17 13:25:01,gpu45,1,20,28.0,1453.28,0.0,64.7502,38.9284,104371.46350097656,257229.41790771484
2026-07-17 13:25:01,gpu45,1,21,29.0,1454.51,0.0,64.7502,38.9284,104371.46350097656,257229.41790771484
2026-07-17 13:25:01,gpu45,1,22,30.0,1451.37,0.0,64.7502,38.9284,104371.46350097656,257229.41790771484
2026-07-17 13:25:01,gpu45,1,23,31.0,1453.33,0.0,64.7502,38.9284,104371.46350097656,257229.41790771484
2026-07-17 13:30:01,cn21,0,0,25.0,1707.51,0.0,35.0342,29.9062,234479.9656982422,211797.1298828125
2026-07-17 13:30:01,cn21,0,1,27.0,1765.33,0.0,35.0342,29.9062,234479.9656982422,211797.1298828125
2026-07-17 13:30:01,cn21,0,2,27.0,1777.45,0.0,35.0342,29.9062,234479.9656982422,211797.1298828125
2026-07-17 13:30:01,cn21,0,3,24.0,1774.38,0.0,35.0342,29.9062,234479.9656982422,211797.1298828125
2026-07-17 13:30:01,cn21,0,4,25.0,1741.72,0.0,35.0342,29.9062,234479.9656982422,211797.1298828125
2026-07-17 13:30:01,cn21,0,5,26.0,1743.33,0.0,35.0342,29.9062,234479.9656982422,211797.1298828125
2026-07-17 13:30:01,cn21,0,6,26.0,1734.11,0.0,35.0342,29.9062,234479.9656982422,211797.1298828125
2026-07-17 13:30:01,cn21,0,7,23.0,1736.45,0.0,35.0342,29.9062,234479.9656982422,211797.1298828125
2026-07-17 13:30:01,cn21,0,8,28.0,1693.13,0.0,35.0342,29.9062,234479.9656982422,211797.1298828125
2026-07-17 13:30:01,cn21,0,9,28.0,1693.94,0.0,35.0342,29.9062,234479.9656982422,211797.1298828125
2026-07-17 13:30:01,cn21,0,10,28.0,1602.98,0.0,35.0342,29.9062,234479.9656982422,211797.1298828125
2026-07-17 13:30:01,cn21,0,11,29.0,1705.8,0.0,35.0342,29.9062,234479.9656982422,211797.1298828125
2026-07-17 13:30:01,cn21,0,12,26.0,1674.73,0.0,35.0342,29.9062,234479.9656982422,211797.1298828125
2026-07-17 13:30:01,cn21,0,13,24.0,1646.08,0.0,35.0342,29.9062,234479.9656982422,211797.1298828125
2026-07-17 13:30:01,cn21,0,14,25.0,1628.44,0.0,35.0342,29.9062,234479.9656982422,211797.1298828125
2026-07-17 13:30:01,cn21,0,15,27.0,1656.15,0.0,35.0342,29.9062,234479.9656982422,211797.1298828125
2026-07-17 13:30:01,cn21,0,16,26.0,1641.95,0.0,35.0342,29.9062,234479.9656982422,211797.1298828125
2026-07-17 13:30:01,cn21,0,17,25.0,1646.83,0.0,35.0342,29.9062,234479.9656982422,211797.1298828125
2026-07-17 13:30:01,cn21,0,18,28.0,1459.29,0.0,35.0342,29.9062,234479.9656982422,211797.1298828125
2026-07-17 13:30:01,cn21,0,19,22.0,1627.36,0.0,35.0342,29.9062,234479.9656982422,211797.1298828125
2026-07-17 13:30:01,cn21,0,20,24.0,1660.7,0.0,35.0342,29.9062,234479.9656982422,211797.1298828125
2026-07-17 13:30:01,cn21,0,21,26.0,1645.08,0.0,35.0342,29.9062,234479.9656982422,211797.1298828125
2026-07-17 13:30:01,cn21,0,22,27.0,1643.2,0.0,35.0342,29.9062,234479.9656982422,211797.1298828125
2026-07-17 13:30:01,cn21,0,23,26.0,1630.15,0.0,35.0342,29.9062,234479.9656982422,211797.1298828125
2026-07-17 13:30:01,cn21,1,0,33.0,1555.5,0.0,39.4771,50.2085,170230.5723876953,121832.04479980469
2026-07-17 13:30:01,cn21,1,1,29.0,1620.32,0.0,39.4771,50.2085,170230.5723876953,121832.04479980469
2026-07-17 13:30:01,cn21,1,2,27.0,1624.81,0.0,39.4771,50.2085,170230.5723876953,121832.04479980469
2026-07-17 13:30:01,cn21,1,3,25.0,1638.18,0.0,39.4771,50.2085,170230.5723876953,121832.04479980469
2026-07-17 13:30:01,cn21,1,4,26.0,1620.85,0.0,39.4771,50.2085,170230.5723876953,121832.04479980469
2026-07-17 13:30:01,cn21,1,5,28.0,1580.68,0.0,39.4771,50.2085,170230.5723876953,121832.04479980469
2026-07-17 13:30:01,cn21,1,6,28.0,1648.13,0.0,39.4771,50.2085,170230.5723876953,121832.04479980469
2026-07-17 13:30:01,cn21,1,7,26.0,1633.07,0.0,39.4771,50.2085,170230.5723876953,121832.04479980469
2026-07-17 13:30:01,cn21,1,8,26.0,1549.85,0.0,39.4771,50.2085,170230.5723876953,121832.04479980469
2026-07-17 13:30:01,cn21,1,9,27.0,1515.43,0.0,39.4771,50.2085,170230.5723876953,121832.04479980469
2026-07-17 13:30:01,cn21,1,10,27.0,1580.03,0.0,39.4771,50.2085,170230.5723876953,121832.04479980469
2026-07-17 13:30:01,cn21,1,11,29.0,1545.73,0.0,39.4771,50.2085,170230.5723876953,121832.04479980469
2026-07-17 13:30:01,cn21,1,12,30.0,1395.22,0.0,39.4771,50.2085,170230.5723876953,121832.04479980469
2026-07-17 13:30:01,cn21,1,13,28.0,1381.74,0.0,39.4771,50.2085,170230.5723876953,121832.04479980469
2026-07-17 13:30:01,cn21,1,14,26.0,1552.98,0.0,39.4771,50.2085,170230.5723876953,121832.04479980469
2026-07-17 13:30:01,cn21,1,15,28.0,1475.92,0.0,39.4771,50.2085,170230.5723876953,121832.04479980469
2026-07-17 13:30:01,cn21,1,16,28.0,1560.17,0.0,39.4771,50.2085,170230.5723876953,121832.04479980469
2026-07-17 13:30:01,cn21,1,17,29.0,1543.65,0.0,39.4771,50.2085,170230.5723876953,121832.04479980469
2026-07-17 13:30:01,cn21,1,18,34.0,1443.18,0.0,39.4771,50.2085,170230.5723876953,121832.04479980469
2026-07-17 13:30:01,cn21,1,19,26.0,1441.89,0.0,39.4771,50.2085,170230.5723876953,121832.04479980469
2026-07-17 13:30:01,cn21,1,20,27.0,1277.71,0.0,39.4771,50.2085,170230.5723876953,121832.04479980469
2026-07-17 13:30:01,cn21,1,21,28.0,1341.46,0.0,39.4771,50.2085,170230.5723876953,121832.04479980469
2026-07-17 13:30:01,cn21,1,22,30.0,1343.08,0.0,39.4771,50.2085,170230.5723876953,121832.04479980469
2026-07-17 13:30:01,cn21,1,23,28.0,1458.34,0.0,39.4771,50.2085,170230.5723876953,121832.04479980469
2026-07-17 13:30:01,gpu45,0,0,29.0,1431.38,0.06,53.3974,42.9168,247985.51293945312,73326.83239746094
2026-07-17 13:30:01,gpu45,0,1,29.0,1431.96,0.0,53.3974,42.9168,247985.51293945312,73326.83239746094
2026-07-17 13:30:01,gpu45,0,2,29.0,1428.32,0.0,53.3974,42.9168,247985.51293945312,73326.83239746094
2026-07-17 13:30:01,gpu45,0,3,26.0,1423.58,0.0,53.3974,42.9168,247985.51293945312,73326.83239746094
2026-07-17 13:30:01,gpu45,0,4,26.0,1419.03,0.0,53.3974,42.9168,247985.51293945312,73326.83239746094
2026-07-17 13:30:01,gpu45,0,5,27.0,1417.45,0.0,53.3974,42.9168,247985.51293945312,73326.83239746094
2026-07-17 13:30:01,gpu45,0,6,28.0,1417.59,0.0,53.3974,42.9168,247985.51293945312,73326.83239746094
2026-07-17 13:30:01,gpu45,0,7,26.0,1421.76,0.99,53.3974,42.9168,247985.51293945312,73326.83239746094
2026-07-17 13:30:01,gpu45,0,8,26.0,1415.45,0.0,53.3974,42.9168,247985.51293945312,73326.83239746094
2026-07-17 13:30:01,gpu45,0,9,27.0,1419.93,0.0,53.3974,42.9168,247985.51293945312,73326.83239746094
2026-07-17 13:30:01,gpu45,0,10,29.0,1415.41,0.0,53.3974,42.9168,247985.51293945312,73326.83239746094
2026-07-17 13:30:01,gpu45,0,11,28.0,1417.22,0.0,53.3974,42.9168,247985.51293945312,73326.83239746094
2026-07-17 13:30:01,gpu45,0,12,26.0,1418.43,0.0,53.3974,42.9168,247985.51293945312,73326.83239746094
2026-07-17 13:30:01,gpu45,0,13,27.0,1412.63,0.0,53.3974,42.9168,247985.51293945312,73326.83239746094
2026-07-17 13:30:01,gpu45,0,14,26.0,1417.39,0.0,53.3974,42.9168,247985.51293945312,73326.83239746094
2026-07-17 13:30:01,gpu45,0,15,28.0,1417.46,0.0,53.3974,42.9168,247985.51293945312,73326.83239746094
2026-07-17 13:30:01,gpu45,0,16,26.0,1417.73,0.0,53.3974,42.9168,247985.51293945312,73326.83239746094
2026-07-17 13:30:01,gpu45,0,17,27.0,1416.99,0.99,53.3974,42.9168,247985.51293945312,73326.83239746094
2026-07-17 13:30:01,gpu45,0,18,28.0,1418.39,0.0,53.3974,42.9168,247985.51293945312,73326.83239746094
2026-07-17 13:30:01,gpu45,0,19,25.0,1416.99,0.0,53.3974,42.9168,247985.51293945312,73326.83239746094
2026-07-17 13:30:01,gpu45,0,20,26.0,1422.56,0.0,53.3974,42.9168,247985.51293945312,73326.83239746094
2026-07-17 13:30:01,gpu45,0,21,25.0,1419.53,0.0,53.3974,42.9168,247985.51293945312,73326.83239746094
2026-07-17 13:30:01,gpu45,0,22,28.0,1416.04,0.0,53.3974,42.9168,247985.51293945312,73326.83239746094
2026-07-17 13:30:01,gpu45,0,23,29.0,1418.76,0.0,53.3974,42.9168,247985.51293945312,73326.83239746094
2026-07-17 13:30:01,gpu45,1,0,35.0,1452.88,0.0,64.8117,39.0775,119857.62921142578,6018.99365234375
2026-07-17 13:30:01,gpu45,1,1,31.0,1457.01,0.0,64.8117,39.0775,119857.62921142578,6018.99365234375
2026-07-17 13:30:01,gpu45,1,2,31.0,1452.81,0.0,64.8117,39.0775,119857.62921142578,6018.99365234375
2026-07-17 13:30:01,gpu45,1,3,28.0,1454.18,0.0,64.8117,39.0775,119857.62921142578,6018.99365234375
2026-07-17 13:30:01,gpu45,1,4,29.0,1458.27,0.0,64.8117,39.0775,119857.62921142578,6018.99365234375
2026-07-17 13:30:01,gpu45,1,5,30.0,1456.04,0.0,64.8117,39.0775,119857.62921142578,6018.99365234375
2026-07-17 13:30:01,gpu45,1,6,30.0,1452.64,0.0,64.8117,39.0775,119857.62921142578,6018.99365234375
2026-07-17 13:30:01,gpu45,1,7,28.0,1455.63,0.0,64.8117,39.0775,119857.62921142578,6018.99365234375
2026-07-17 13:30:01,gpu45,1,8,28.0,1451.59,0.0,64.8117,39.0775,119857.62921142578,6018.99365234375
2026-07-17 13:30:01,gpu45,1,9,28.0,1453.58,0.0,64.8117,39.0775,119857.62921142578,6018.99365234375
2026-07-17 13:30:01,gpu45,1,10,29.0,1452.31,0.0,64.8117,39.0775,119857.62921142578,6018.99365234375
2026-07-17 13:30:01,gpu45,1,11,30.0,1452.71,0.0,64.8117,39.0775,119857.62921142578,6018.99365234375
2026-07-17 13:30:01,gpu45,1,12,29.0,1450.63,0.0,64.8117,39.0775,119857.62921142578,6018.99365234375
2026-07-17 13:30:01,gpu45,1,13,28.0,1453.94,0.0,64.8117,39.0775,119857.62921142578,6018.99365234375
2026-07-17 13:30:01,gpu45,1,14,30.0,1452.8,0.99,64.8117,39.0775,119857.62921142578,6018.99365234375
2026-07-17 13:30:01,gpu45,1,15,31.0,1453.53,0.0,64.8117,39.0775,119857.62921142578,6018.99365234375
2026-07-17 13:30:01,gpu45,1,16,30.0,1453.46,0.0,64.8117,39.0775,119857.62921142578,6018.99365234375
2026-07-17 13:30:01,gpu45,1,17,27.0,1453.42,0.0,64.8117,39.0775,119857.62921142578,6018.99365234375
2026-07-17 13:30:01,gpu45,1,18,30.0,1454.98,0.0,64.8117,39.0775,119857.62921142578,6018.99365234375
2026-07-17 13:30:01,gpu45,1,19,27.0,1454.09,0.0,64.8117,39.0775,119857.62921142578,6018.99365234375
2026-07-17 13:30:01,gpu45,1,20,28.0,1453.28,0.0,64.8117,39.0775,119857.62921142578,6018.99365234375
2026-07-17 13:30:01,gpu45,1,21,29.0,1454.51,0.0,64.8117,39.0775,119857.62921142578,6018.99365234375
2026-07-17 13:30:01,gpu45,1,22,30.0,1451.37,0.0,64.8117,39.0775,119857.62921142578,6018.99365234375
2026-07-17 13:30:01,gpu45,1,23,31.0,1453.33,0.0,64.8117,39.0775,119857.62921142578,6018.99365234375
2026-07-17 13:35:01,cn21,0,0,25.0,1707.5,0.0,35.1049,30.3339,239163.43072509766,217132.3243408203
2026-07-17 13:35:01,cn21,0,1,27.0,1765.33,0.0,35.1049,30.3339,239163.43072509766,217132.3243408203
2026-07-17 13:35:01,cn21,0,2,27.0,1777.45,0.0,35.1049,30.3339,239163.43072509766,217132.3243408203
2026-07-17 13:35:01,cn21,0,3,24.0,1774.38,0.0,35.1049,30.3339,239163.43072509766,217132.3243408203
2026-07-17 13:35:01,cn21,0,4,25.0,1741.72,0.0,35.1049,30.3339,239163.43072509766,217132.3243408203
2026-07-17 13:35:01,cn21,0,5,26.0,1743.33,0.0,35.1049,30.3339,239163.43072509766,217132.3243408203
2026-07-17 13:35:01,cn21,0,6,27.0,1734.11,0.0,35.1049,30.3339,239163.43072509766,217132.3243408203
2026-07-17 13:35:01,cn21,0,7,24.0,1736.45,0.0,35.1049,30.3339,239163.43072509766,217132.3243408203
2026-07-17 13:35:01,cn21,0,8,28.0,1693.12,0.0,35.1049,30.3339,239163.43072509766,217132.3243408203
2026-07-17 13:35:01,cn21,0,9,28.0,1693.94,0.0,35.1049,30.3339,239163.43072509766,217132.3243408203
2026-07-17 13:35:01,cn21,0,10,28.0,1602.98,0.0,35.1049,30.3339,239163.43072509766,217132.3243408203
2026-07-17 13:35:01,cn21,0,11,29.0,1705.8,0.0,35.1049,30.3339,239163.43072509766,217132.3243408203
2026-07-17 13:35:01,cn21,0,12,25.0,1674.72,0.0,35.1049,30.3339,239163.43072509766,217132.3243408203
2026-07-17 13:35:01,cn21,0,13,24.0,1646.08,0.0,35.1049,30.3339,239163.43072509766,217132.3243408203
2026-07-17 13:35:01,cn21,0,14,25.0,1628.44,0.0,35.1049,30.3339,239163.43072509766,217132.3243408203
2026-07-17 13:35:01,cn21,0,15,27.0,1656.14,0.0,35.1049,30.3339,239163.43072509766,217132.3243408203
2026-07-17 13:35:01,cn21,0,16,26.0,1641.93,0.0,35.1049,30.3339,239163.43072509766,217132.3243408203
2026-07-17 13:35:01,cn21,0,17,25.0,1646.83,0.0,35.1049,30.3339,239163.43072509766,217132.3243408203
2026-07-17 13:35:01,cn21,0,18,28.0,1459.23,0.0,35.1049,30.3339,239163.43072509766,217132.3243408203
2026-07-17 13:35:01,cn21,0,19,23.0,1627.36,0.0,35.1049,30.3339,239163.43072509766,217132.3243408203
2026-07-17 13:35:01,cn21,0,20,24.0,1660.7,0.0,35.1049,30.3339,239163.43072509766,217132.3243408203
2026-07-17 13:35:01,cn21,0,21,26.0,1645.08,0.0,35.1049,30.3339,239163.43072509766,217132.3243408203
2026-07-17 13:35:01,cn21,0,22,27.0,1643.2,0.0,35.1049,30.3339,239163.43072509766,217132.3243408203
2026-07-17 13:35:01,cn21,0,23,26.0,1630.15,0.0,35.1049,30.3339,239163.43072509766,217132.3243408203
2026-07-17 13:35:01,cn21,1,0,33.0,1555.49,0.0,39.9818,49.6094,174117.7694091797,131188.78344726562
2026-07-17 13:35:01,cn21,1,1,29.0,1620.31,0.0,39.9818,49.6094,174117.7694091797,131188.78344726562
2026-07-17 13:35:01,cn21,1,2,27.0,1624.81,0.0,39.9818,49.6094,174117.7694091797,131188.78344726562
2026-07-17 13:35:01,cn21,1,3,26.0,1638.02,0.0,39.9818,49.6094,174117.7694091797,131188.78344726562
2026-07-17 13:35:01,cn21,1,4,26.0,1620.87,0.0,39.9818,49.6094,174117.7694091797,131188.78344726562
2026-07-17 13:35:01,cn21,1,5,28.0,1580.68,0.0,39.9818,49.6094,174117.7694091797,131188.78344726562
2026-07-17 13:35:01,cn21,1,6,28.0,1648.12,0.0,39.9818,49.6094,174117.7694091797,131188.78344726562
2026-07-17 13:35:01,cn21,1,7,26.0,1633.07,0.0,39.9818,49.6094,174117.7694091797,131188.78344726562
2026-07-17 13:35:01,cn21,1,8,26.0,1549.85,0.0,39.9818,49.6094,174117.7694091797,131188.78344726562
2026-07-17 13:35:01,cn21,1,9,27.0,1515.43,0.0,39.9818,49.6094,174117.7694091797,131188.78344726562
2026-07-17 13:35:01,cn21,1,10,28.0,1580.01,0.0,39.9818,49.6094,174117.7694091797,131188.78344726562
2026-07-17 13:35:01,cn21,1,11,29.0,1545.49,0.0,39.9818,49.6094,174117.7694091797,131188.78344726562
2026-07-17 13:35:01,cn21,1,12,30.0,1395.22,0.0,39.9818,49.6094,174117.7694091797,131188.78344726562
2026-07-17 13:35:01,cn21,1,13,28.0,1381.74,0.0,39.9818,49.6094,174117.7694091797,131188.78344726562
2026-07-17 13:35:01,cn21,1,14,27.0,1552.97,0.0,39.9818,49.6094,174117.7694091797,131188.78344726562
2026-07-17 13:35:01,cn21,1,15,28.0,1475.8,0.0,39.9818,49.6094,174117.7694091797,131188.78344726562
2026-07-17 13:35:01,cn21,1,16,29.0,1560.17,0.0,39.9818,49.6094,174117.7694091797,131188.78344726562
2026-07-17 13:35:01,cn21,1,17,28.0,1543.64,0.0,39.9818,49.6094,174117.7694091797,131188.78344726562
2026-07-17 13:35:01,cn21,1,18,27.0,1444.17,0.0,39.9818,49.6094,174117.7694091797,131188.78344726562
2026-07-17 13:35:01,cn21,1,19,27.0,1443.93,0.0,39.9818,49.6094,174117.7694091797,131188.78344726562
2026-07-17 13:35:01,cn21,1,20,27.0,1277.64,0.0,39.9818,49.6094,174117.7694091797,131188.78344726562
2026-07-17 13:35:01,cn21,1,21,31.0,1342.39,0.0,39.9818,49.6094,174117.7694091797,131188.78344726562
2026-07-17 13:35:01,cn21,1,22,30.0,1343.08,0.0,39.9818,49.6094,174117.7694091797,131188.78344726562
2026-07-17 13:35:01,cn21,1,23,28.0,1458.34,0.0,39.9818,49.6094,174117.7694091797,131188.78344726562
2026-07-17 13:35:01,gpu45,0,0,30.0,1431.38,0.04,53.5362,41.9666,1869.1258544921875,86225.93353271484
2026-07-17 13:35:01,gpu45,0,1,29.0,1431.96,0.0,53.5362,41.9666,1869.1258544921875,86225.93353271484
2026-07-17 13:35:01,gpu45,0,2,29.0,1428.32,0.0,53.5362,41.9666,1869.1258544921875,86225.93353271484
2026-07-17 13:35:01,gpu45,0,3,26.0,1423.58,0.0,53.5362,41.9666,1869.1258544921875,86225.93353271484
2026-07-17 13:35:01,gpu45,0,4,26.0,1419.03,0.0,53.5362,41.9666,1869.1258544921875,86225.93353271484
2026-07-17 13:35:01,gpu45,0,5,27.0,1417.45,0.0,53.5362,41.9666,1869.1258544921875,86225.93353271484
2026-07-17 13:35:01,gpu45,0,6,28.0,1417.59,0.0,53.5362,41.9666,1869.1258544921875,86225.93353271484
2026-07-17 13:35:01,gpu45,0,7,26.0,1421.75,0.0,53.5362,41.9666,1869.1258544921875,86225.93353271484
2026-07-17 13:35:01,gpu45,0,8,26.0,1415.45,0.0,53.5362,41.9666,1869.1258544921875,86225.93353271484
2026-07-17 13:35:01,gpu45,0,9,27.0,1419.93,0.0,53.5362,41.9666,1869.1258544921875,86225.93353271484
2026-07-17 13:35:01,gpu45,0,10,29.0,1415.4,0.0,53.5362,41.9666,1869.1258544921875,86225.93353271484
2026-07-17 13:35:01,gpu45,0,11,28.0,1417.22,0.0,53.5362,41.9666,1869.1258544921875,86225.93353271484
2026-07-17 13:35:01,gpu45,0,12,27.0,1418.43,0.0,53.5362,41.9666,1869.1258544921875,86225.93353271484
2026-07-17 13:35:01,gpu45,0,13,26.0,1412.62,0.0,53.5362,41.9666,1869.1258544921875,86225.93353271484
2026-07-17 13:35:01,gpu45,0,14,26.0,1417.39,0.0,53.5362,41.9666,1869.1258544921875,86225.93353271484
2026-07-17 13:35:01,gpu45,0,15,28.0,1417.46,0.0,53.5362,41.9666,1869.1258544921875,86225.93353271484
2026-07-17 13:35:01,gpu45,0,16,27.0,1417.72,0.0,53.5362,41.9666,1869.1258544921875,86225.93353271484
2026-07-17 13:35:01,gpu45,0,17,27.0,1416.98,1.0,53.5362,41.9666,1869.1258544921875,86225.93353271484
2026-07-17 13:35:01,gpu45,0,18,28.0,1418.39,0.0,53.5362,41.9666,1869.1258544921875,86225.93353271484
2026-07-17 13:35:01,gpu45,0,19,25.0,1416.98,0.0,53.5362,41.9666,1869.1258544921875,86225.93353271484
2026-07-17 13:35:01,gpu45,0,20,26.0,1422.56,0.0,53.5362,41.9666,1869.1258544921875,86225.93353271484
2026-07-17 13:35:01,gpu45,0,21,25.0,1419.53,0.0,53.5362,41.9666,1869.1258544921875,86225.93353271484
2026-07-17 13:35:01,gpu45,0,22,27.0,1416.04,0.0,53.5362,41.9666,1869.1258544921875,86225.93353271484
2026-07-17 13:35:01,gpu45,0,23,30.0,1418.76,0.0,53.5362,41.9666,1869.1258544921875,86225.93353271484
2026-07-17 13:35:01,gpu45,1,0,34.0,1452.88,0.0,64.6361,39.1957,135367.78619384766,16894.727661132812
2026-07-17 13:35:01,gpu45,1,1,31.0,1457.01,0.0,64.6361,39.1957,135367.78619384766,16894.727661132812
2026-07-17 13:35:01,gpu45,1,2,31.0,1452.81,0.0,64.6361,39.1957,135367.78619384766,16894.727661132812
2026-07-17 13:35:01,gpu45,1,3,28.0,1454.18,0.0,64.6361,39.1957,135367.78619384766,16894.727661132812
2026-07-17 13:35:01,gpu45,1,4,30.0,1458.26,0.0,64.6361,39.1957,135367.78619384766,16894.727661132812
2026-07-17 13:35:01,gpu45,1,5,30.0,1456.03,0.0,64.6361,39.1957,135367.78619384766,16894.727661132812
2026-07-17 13:35:01,gpu45,1,6,31.0,1452.64,0.0,64.6361,39.1957,135367.78619384766,16894.727661132812
2026-07-17 13:35:01,gpu45,1,7,28.0,1455.63,0.0,64.6361,39.1957,135367.78619384766,16894.727661132812
2026-07-17 13:35:01,gpu45,1,8,28.0,1451.59,0.0,64.6361,39.1957,135367.78619384766,16894.727661132812
2026-07-17 13:35:01,gpu45,1,9,28.0,1453.58,0.0,64.6361,39.1957,135367.78619384766,16894.727661132812
2026-07-17 13:35:01,gpu45,1,10,29.0,1452.3,0.0,64.6361,39.1957,135367.78619384766,16894.727661132812
2026-07-17 13:35:01,gpu45,1,11,30.0,1452.71,0.0,64.6361,39.1957,135367.78619384766,16894.727661132812
2026-07-17 13:35:01,gpu45,1,12,29.0,1450.63,0.0,64.6361,39.1957,135367.78619384766,16894.727661132812
2026-07-17 13:35:01,gpu45,1,13,27.0,1453.94,0.0,64.6361,39.1957,135367.78619384766,16894.727661132812
2026-07-17 13:35:01,gpu45,1,14,30.0,1452.8,0.99,64.6361,39.1957,135367.78619384766,16894.727661132812
2026-07-17 13:35:01,gpu45,1,15,31.0,1453.53,0.0,64.6361,39.1957,135367.78619384766,16894.727661132812
2026-07-17 13:35:01,gpu45,1,16,31.0,1453.46,0.0,64.6361,39.1957,135367.78619384766,16894.727661132812
2026-07-17 13:35:01,gpu45,1,17,27.0,1453.42,0.0,64.6361,39.1957,135367.78619384766,16894.727661132812
2026-07-17 13:35:01,gpu45,1,18,30.0,1454.98,0.0,64.6361,39.1957,135367.78619384766,16894.727661132812
2026-07-17 13:35:01,gpu45,1,19,27.0,1454.08,0.0,64.6361,39.1957,135367.78619384766,16894.727661132812
2026-07-17 13:35:01,gpu45,1,20,28.0,1453.27,0.0,64.6361,39.1957,135367.78619384766,16894.727661132812
2026-07-17 13:35:01,gpu45,1,21,29.0,1454.51,0.0,64.6361,39.1957,135367.78619384766,16894.727661132812
2026-07-17 13:35:01,gpu45,1,22,30.0,1451.37,0.0,64.6361,39.1957,135367.78619384766,16894.727661132812
2026-07-17 13:35:01,gpu45,1,23,31.0,1453.32,0.0,64.6361,39.1957,135367.78619384766,16894.727661132812
2026-07-17 13:40:01,cn21,0,0,24.0,1707.49,0.0,35.2665,30.1742,243793.67614746094,222641.6396484375
2026-07-17 13:40:01,cn21,0,1,25.0,1765.32,0.0,35.2665,30.1742,243793.67614746094,222641.6396484375
2026-07-17 13:40:01,cn21,0,2,25.0,1777.45,0.0,35.2665,30.1742,243793.67614746094,222641.6396484375
2026-07-17 13:40:01,cn21,0,3,22.0,1774.38,0.0,35.2665,30.1742,243793.67614746094,222641.6396484375
2026-07-17 13:40:01,cn21,0,4,23.0,1741.71,0.0,35.2665,30.1742,243793.67614746094,222641.6396484375
2026-07-17 13:40:01,cn21,0,5,24.0,1743.33,0.0,35.2665,30.1742,243793.67614746094,222641.6396484375
2026-07-17 13:40:01,cn21,0,6,26.0,1734.11,0.0,35.2665,30.1742,243793.67614746094,222641.6396484375
2026-07-17 13:40:01,cn21,0,7,22.0,1736.45,0.0,35.2665,30.1742,243793.67614746094,222641.6396484375
2026-07-17 13:40:01,cn21,0,8,26.0,1693.12,0.0,35.2665,30.1742,243793.67614746094,222641.6396484375
2026-07-17 13:40:01,cn21,0,9,27.0,1693.94,0.0,35.2665,30.1742,243793.67614746094,222641.6396484375
2026-07-17 13:40:01,cn21,0,10,27.0,1602.98,0.0,35.2665,30.1742,243793.67614746094,222641.6396484375
2026-07-17 13:40:01,cn21,0,11,28.0,1705.8,0.0,35.2665,30.1742,243793.67614746094,222641.6396484375
2026-07-17 13:40:01,cn21,0,12,25.0,1674.72,0.0,35.2665,30.1742,243793.67614746094,222641.6396484375
2026-07-17 13:40:01,cn21,0,13,22.0,1646.07,0.0,35.2665,30.1742,243793.67614746094,222641.6396484375
2026-07-17 13:40:01,cn21,0,14,23.0,1628.44,0.0,35.2665,30.1742,243793.67614746094,222641.6396484375
2026-07-17 13:40:01,cn21,0,15,25.0,1656.14,0.0,35.2665,30.1742,243793.67614746094,222641.6396484375
2026-07-17 13:40:01,cn21,0,16,25.0,1641.92,0.0,35.2665,30.1742,243793.67614746094,222641.6396484375
2026-07-17 13:40:01,cn21,0,17,24.0,1646.83,0.0,35.2665,30.1742,243793.67614746094,222641.6396484375
2026-07-17 13:40:01,cn21,0,18,26.0,1459.18,0.0,35.2665,30.1742,243793.67614746094,222641.6396484375
2026-07-17 13:40:01,cn21,0,19,22.0,1627.36,0.0,35.2665,30.1742,243793.67614746094,222641.6396484375
2026-07-17 13:40:01,cn21,0,20,23.0,1660.7,0.0,35.2665,30.1742,243793.67614746094,222641.6396484375
2026-07-17 13:40:01,cn21,0,21,25.0,1645.08,0.0,35.2665,30.1742,243793.67614746094,222641.6396484375
2026-07-17 13:40:01,cn21,0,22,26.0,1643.2,0.0,35.2665,30.1742,243793.67614746094,222641.6396484375
2026-07-17 13:40:01,cn21,0,23,25.0,1630.15,0.0,35.2665,30.1742,243793.67614746094,222641.6396484375
2026-07-17 13:40:01,cn21,1,0,31.0,1555.5,0.0,40.1566,49.5179,177948.5125732422,140825.32299804688
2026-07-17 13:40:01,cn21,1,1,29.0,1620.29,0.0,40.1566,49.5179,177948.5125732422,140825.32299804688
2026-07-17 13:40:01,cn21,1,2,26.0,1624.8,0.0,40.1566,49.5179,177948.5125732422,140825.32299804688
2026-07-17 13:40:01,cn21,1,3,24.0,1637.85,0.0,40.1566,49.5179,177948.5125732422,140825.32299804688
2026-07-17 13:40:01,cn21,1,4,25.0,1620.86,0.0,40.1566,49.5179,177948.5125732422,140825.32299804688
2026-07-17 13:40:01,cn21,1,5,26.0,1580.68,0.0,40.1566,49.5179,177948.5125732422,140825.32299804688
2026-07-17 13:40:01,cn21,1,6,27.0,1648.12,0.0,40.1566,49.5179,177948.5125732422,140825.32299804688
2026-07-17 13:40:01,cn21,1,7,25.0,1633.07,0.0,40.1566,49.5179,177948.5125732422,140825.32299804688
2026-07-17 13:40:01,cn21,1,8,25.0,1549.84,0.0,40.1566,49.5179,177948.5125732422,140825.32299804688
2026-07-17 13:40:01,cn21,1,9,25.0,1515.43,0.0,40.1566,49.5179,177948.5125732422,140825.32299804688
2026-07-17 13:40:01,cn21,1,10,27.0,1580.0,0.0,40.1566,49.5179,177948.5125732422,140825.32299804688
2026-07-17 13:40:01,cn21,1,11,28.0,1545.25,0.0,40.1566,49.5179,177948.5125732422,140825.32299804688
2026-07-17 13:40:01,cn21,1,12,29.0,1395.22,0.0,40.1566,49.5179,177948.5125732422,140825.32299804688
2026-07-17 13:40:01,cn21,1,13,27.0,1381.74,0.0,40.1566,49.5179,177948.5125732422,140825.32299804688
2026-07-17 13:40:01,cn21,1,14,26.0,1552.96,0.0,40.1566,49.5179,177948.5125732422,140825.32299804688
2026-07-17 13:40:01,cn21,1,15,27.0,1475.68,0.0,40.1566,49.5179,177948.5125732422,140825.32299804688
2026-07-17 13:40:01,cn21,1,16,27.0,1560.16,0.0,40.1566,49.5179,177948.5125732422,140825.32299804688
2026-07-17 13:40:01,cn21,1,17,27.0,1543.64,0.0,40.1566,49.5179,177948.5125732422,140825.32299804688
2026-07-17 13:40:01,cn21,1,18,26.0,1444.16,0.0,40.1566,49.5179,177948.5125732422,140825.32299804688
2026-07-17 13:40:01,cn21,1,19,26.0,1445.61,0.0,40.1566,49.5179,177948.5125732422,140825.32299804688
2026-07-17 13:40:01,cn21,1,20,26.0,1278.03,0.0,40.1566,49.5179,177948.5125732422,140825.32299804688
2026-07-17 13:40:01,cn21,1,21,30.0,1344.63,0.0,40.1566,49.5179,177948.5125732422,140825.32299804688
2026-07-17 13:40:01,cn21,1,22,29.0,1343.65,0.0,40.1566,49.5179,177948.5125732422,140825.32299804688
2026-07-17 13:40:01,cn21,1,23,27.0,1458.25,0.0,40.1566,49.5179,177948.5125732422,140825.32299804688
2026-07-17 13:40:01,gpu45,0,0,28.0,1431.38,0.0,53.3169,43.6616,17877.303771972656,99129.20361328125
2026-07-17 13:40:01,gpu45,0,1,27.0,1431.96,0.0,53.3169,43.6616,17877.303771972656,99129.20361328125
2026-07-17 13:40:01,gpu45,0,2,28.0,1428.32,0.0,53.3169,43.6616,17877.303771972656,99129.20361328125
2026-07-17 13:40:01,gpu45,0,3,24.0,1423.57,0.0,53.3169,43.6616,17877.303771972656,99129.20361328125
2026-07-17 13:40:01,gpu45,0,4,25.0,1419.02,0.0,53.3169,43.6616,17877.303771972656,99129.20361328125
2026-07-17 13:40:01,gpu45,0,5,26.0,1417.44,0.0,53.3169,43.6616,17877.303771972656,99129.20361328125
2026-07-17 13:40:01,gpu45,0,6,26.0,1417.58,0.0,53.3169,43.6616,17877.303771972656,99129.20361328125
2026-07-17 13:40:01,gpu45,0,7,25.0,1421.75,0.0,53.3169,43.6616,17877.303771972656,99129.20361328125
2026-07-17 13:40:01,gpu45,0,8,25.0,1415.45,0.0,53.3169,43.6616,17877.303771972656,99129.20361328125
2026-07-17 13:40:01,gpu45,0,9,25.0,1419.92,0.0,53.3169,43.6616,17877.303771972656,99129.20361328125
2026-07-17 13:40:01,gpu45,0,10,28.0,1415.4,0.0,53.3169,43.6616,17877.303771972656,99129.20361328125
2026-07-17 13:40:01,gpu45,0,11,27.0,1417.22,0.0,53.3169,43.6616,17877.303771972656,99129.20361328125
2026-07-17 13:40:01,gpu45,0,12,25.0,1418.42,0.0,53.3169,43.6616,17877.303771972656,99129.20361328125
2026-07-17 13:40:01,gpu45,0,13,25.0,1412.62,0.0,53.3169,43.6616,17877.303771972656,99129.20361328125
2026-07-17 13:40:01,gpu45,0,14,26.0,1417.39,0.0,53.3169,43.6616,17877.303771972656,99129.20361328125
2026-07-17 13:40:01,gpu45,0,15,27.0,1417.46,0.0,53.3169,43.6616,17877.303771972656,99129.20361328125
2026-07-17 13:40:01,gpu45,0,16,26.0,1417.72,0.0,53.3169,43.6616,17877.303771972656,99129.20361328125
2026-07-17 13:40:01,gpu45,0,17,26.0,1416.98,0.0,53.3169,43.6616,17877.303771972656,99129.20361328125
2026-07-17 13:40:01,gpu45,0,18,27.0,1418.39,0.0,53.3169,43.6616,17877.303771972656,99129.20361328125
2026-07-17 13:40:01,gpu45,0,19,24.0,1416.98,0.0,53.3169,43.6616,17877.303771972656,99129.20361328125
2026-07-17 13:40:01,gpu45,0,20,25.0,1422.55,0.0,53.3169,43.6616,17877.303771972656,99129.20361328125
2026-07-17 13:40:01,gpu45,0,21,25.0,1419.53,0.0,53.3169,43.6616,17877.303771972656,99129.20361328125
2026-07-17 13:40:01,gpu45,0,22,27.0,1416.04,0.0,53.3169,43.6616,17877.303771972656,99129.20361328125
2026-07-17 13:40:01,gpu45,0,23,28.0,1418.76,0.0,53.3169,43.6616,17877.303771972656,99129.20361328125
2026-07-17 13:40:01,gpu45,1,0,30.0,1452.87,0.0,64.8079,39.083,150881.12994384766,27816.75311279297
2026-07-17 13:40:01,gpu45,1,1,30.0,1457.01,0.0,64.8079,39.083,150881.12994384766,27816.75311279297
2026-07-17 13:40:01,gpu45,1,2,31.0,1452.8,0.0,64.8079,39.083,150881.12994384766,27816.75311279297
2026-07-17 13:40:01,gpu45,1,3,27.0,1454.18,0.0,64.8079,39.083,150881.12994384766,27816.75311279297
2026-07-17 13:40:01,gpu45,1,4,29.0,1458.26,0.0,64.8079,39.083,150881.12994384766,27816.75311279297
2026-07-17 13:40:01,gpu45,1,5,29.0,1456.03,0.0,64.8079,39.083,150881.12994384766,27816.75311279297
2026-07-17 13:40:01,gpu45,1,6,29.0,1452.64,0.0,64.8079,39.083,150881.12994384766,27816.75311279297
2026-07-17 13:40:01,gpu45,1,7,27.0,1455.63,0.0,64.8079,39.083,150881.12994384766,27816.75311279297
2026-07-17 13:40:01,gpu45,1,8,27.0,1451.58,0.0,64.8079,39.083,150881.12994384766,27816.75311279297
2026-07-17 13:40:01,gpu45,1,9,27.0,1453.58,0.0,64.8079,39.083,150881.12994384766,27816.75311279297
2026-07-17 13:40:01,gpu45,1,10,30.0,1452.3,0.0,64.8079,39.083,150881.12994384766,27816.75311279297
2026-07-17 13:40:01,gpu45,1,11,29.0,1452.71,0.0,64.8079,39.083,150881.12994384766,27816.75311279297
2026-07-17 13:40:01,gpu45,1,12,29.0,1450.63,0.0,64.8079,39.083,150881.12994384766,27816.75311279297
2026-07-17 13:40:01,gpu45,1,13,26.0,1453.94,0.0,64.8079,39.083,150881.12994384766,27816.75311279297
2026-07-17 13:40:01,gpu45,1,14,29.0,1452.8,0.0,64.8079,39.083,150881.12994384766,27816.75311279297
2026-07-17 13:40:01,gpu45,1,15,30.0,1453.53,0.0,64.8079,39.083,150881.12994384766,27816.75311279297
2026-07-17 13:40:01,gpu45,1,16,29.0,1453.46,0.0,64.8079,39.083,150881.12994384766,27816.75311279297
2026-07-17 13:40:01,gpu45,1,17,26.0,1453.41,0.0,64.8079,39.083,150881.12994384766,27816.75311279297
2026-07-17 13:40:01,gpu45,1,18,29.0,1454.98,0.0,64.8079,39.083,150881.12994384766,27816.75311279297
2026-07-17 13:40:01,gpu45,1,19,26.0,1454.08,0.0,64.8079,39.083,150881.12994384766,27816.75311279297
2026-07-17 13:40:01,gpu45,1,20,27.0,1453.27,0.0,64.8079,39.083,150881.12994384766,27816.75311279297
2026-07-17 13:40:01,gpu45,1,21,28.0,1454.51,0.0,64.8079,39.083,150881.12994384766,27816.75311279297
2026-07-17 13:40:01,gpu45,1,22,29.0,1451.37,0.0,64.8079,39.083,150881.12994384766,27816.75311279297
2026-07-17 13:40:01,gpu45,1,23,30.0,1453.32,0.0,64.8079,39.083,150881.12994384766,27816.75311279297
2026-07-17 13:45:01,cn21,0,0,24.0,1707.47,0.04,35.1856,29.7875,248474.6475830078,228185.537109375
2026-07-17 13:45:01,cn21,0,1,27.0,1765.32,0.0,35.1856,29.7875,248474.6475830078,228185.537109375
2026-07-17 13:45:01,cn21,0,2,26.0,1777.44,0.0,35.1856,29.7875,248474.6475830078,228185.537109375
2026-07-17 13:45:01,cn21,0,3,23.0,1774.38,0.0,35.1856,29.7875,248474.6475830078,228185.537109375
2026-07-17 13:45:01,cn21,0,4,24.0,1741.71,0.0,35.1856,29.7875,248474.6475830078,228185.537109375
2026-07-17 13:45:01,cn21,0,5,25.0,1743.32,0.0,35.1856,29.7875,248474.6475830078,228185.537109375
2026-07-17 13:45:01,cn21,0,6,26.0,1734.11,0.0,35.1856,29.7875,248474.6475830078,228185.537109375
2026-07-17 13:45:01,cn21,0,7,23.0,1736.44,0.0,35.1856,29.7875,248474.6475830078,228185.537109375
2026-07-17 13:45:01,cn21,0,8,27.0,1693.11,0.0,35.1856,29.7875,248474.6475830078,228185.537109375
2026-07-17 13:45:01,cn21,0,9,27.0,1693.94,0.0,35.1856,29.7875,248474.6475830078,228185.537109375
2026-07-17 13:45:01,cn21,0,10,27.0,1602.97,0.0,35.1856,29.7875,248474.6475830078,228185.537109375
2026-07-17 13:45:01,cn21,0,11,28.0,1705.8,0.0,35.1856,29.7875,248474.6475830078,228185.537109375
2026-07-17 13:45:01,cn21,0,12,25.0,1674.72,0.0,35.1856,29.7875,248474.6475830078,228185.537109375
2026-07-17 13:45:01,cn21,0,13,23.0,1646.07,0.0,35.1856,29.7875,248474.6475830078,228185.537109375
2026-07-17 13:45:01,cn21,0,14,24.0,1628.44,0.0,35.1856,29.7875,248474.6475830078,228185.537109375
2026-07-17 13:45:01,cn21,0,15,26.0,1656.14,0.0,35.1856,29.7875,248474.6475830078,228185.537109375
2026-07-17 13:45:01,cn21,0,16,25.0,1641.9,0.0,35.1856,29.7875,248474.6475830078,228185.537109375
2026-07-17 13:45:01,cn21,0,17,24.0,1646.83,0.0,35.1856,29.7875,248474.6475830078,228185.537109375
2026-07-17 13:45:01,cn21,0,18,27.0,1459.14,0.0,35.1856,29.7875,248474.6475830078,228185.537109375
2026-07-17 13:45:01,cn21,0,19,22.0,1627.36,0.0,35.1856,29.7875,248474.6475830078,228185.537109375
2026-07-17 13:45:01,cn21,0,20,24.0,1660.7,0.0,35.1856,29.7875,248474.6475830078,228185.537109375
2026-07-17 13:45:01,cn21,0,21,25.0,1645.08,0.0,35.1856,29.7875,248474.6475830078,228185.537109375
2026-07-17 13:45:01,cn21,0,22,27.0,1643.2,0.0,35.1856,29.7875,248474.6475830078,228185.537109375
2026-07-17 13:45:01,cn21,0,23,25.0,1630.15,0.0,35.1856,29.7875,248474.6475830078,228185.537109375
2026-07-17 13:45:01,cn21,1,0,32.0,1555.48,0.0,39.5882,50.6781,181812.45483398438,150565.21893310547
2026-07-17 13:45:01,cn21,1,1,28.0,1620.28,0.0,39.5882,50.6781,181812.45483398438,150565.21893310547
2026-07-17 13:45:01,cn21,1,2,26.0,1624.8,0.0,39.5882,50.6781,181812.45483398438,150565.21893310547
2026-07-17 13:45:01,cn21,1,3,26.0,1637.74,0.0,39.5882,50.6781,181812.45483398438,150565.21893310547
2026-07-17 13:45:01,cn21,1,4,25.0,1620.86,0.0,39.5882,50.6781,181812.45483398438,150565.21893310547
2026-07-17 13:45:01,cn21,1,5,26.0,1580.68,0.0,39.5882,50.6781,181812.45483398438,150565.21893310547
2026-07-17 13:45:01,cn21,1,6,27.0,1648.04,0.0,39.5882,50.6781,181812.45483398438,150565.21893310547
2026-07-17 13:45:01,cn21,1,7,25.0,1633.06,0.0,39.5882,50.6781,181812.45483398438,150565.21893310547
2026-07-17 13:45:01,cn21,1,8,26.0,1549.84,0.0,39.5882,50.6781,181812.45483398438,150565.21893310547
2026-07-17 13:45:01,cn21,1,9,26.0,1515.43,0.0,39.5882,50.6781,181812.45483398438,150565.21893310547
2026-07-17 13:45:01,cn21,1,10,27.0,1579.98,0.0,39.5882,50.6781,181812.45483398438,150565.21893310547
2026-07-17 13:45:01,cn21,1,11,28.0,1545.11,0.0,39.5882,50.6781,181812.45483398438,150565.21893310547
2026-07-17 13:45:01,cn21,1,12,29.0,1395.22,0.0,39.5882,50.6781,181812.45483398438,150565.21893310547
2026-07-17 13:45:01,cn21,1,13,27.0,1381.73,0.0,39.5882,50.6781,181812.45483398438,150565.21893310547
2026-07-17 13:45:01,cn21,1,14,26.0,1552.94,0.0,39.5882,50.6781,181812.45483398438,150565.21893310547
2026-07-17 13:45:01,cn21,1,15,27.0,1475.67,0.0,39.5882,50.6781,181812.45483398438,150565.21893310547
2026-07-17 13:45:01,cn21,1,16,27.0,1560.04,0.0,39.5882,50.6781,181812.45483398438,150565.21893310547
2026-07-17 13:45:01,cn21,1,17,28.0,1543.54,0.99,39.5882,50.6781,181812.45483398438,150565.21893310547
2026-07-17 13:45:01,cn21,1,18,26.0,1444.42,0.0,39.5882,50.6781,181812.45483398438,150565.21893310547
2026-07-17 13:45:01,cn21,1,19,26.0,1447.26,0.0,39.5882,50.6781,181812.45483398438,150565.21893310547
2026-07-17 13:45:01,cn21,1,20,30.0,1279.63,0.99,39.5882,50.6781,181812.45483398438,150565.21893310547
2026-07-17 13:45:01,cn21,1,21,27.0,1345.53,0.0,39.5882,50.6781,181812.45483398438,150565.21893310547
2026-07-17 13:45:01,cn21,1,22,29.0,1343.65,0.0,39.5882,50.6781,181812.45483398438,150565.21893310547
2026-07-17 13:45:01,cn21,1,23,28.0,1458.18,0.0,39.5882,50.6781,181812.45483398438,150565.21893310547
2026-07-17 13:45:01,gpu45,0,0,29.0,1431.37,0.02,53.5254,43.8494,33846.949462890625,112040.46466064453
2026-07-17 13:45:01,gpu45,0,1,28.0,1431.95,0.0,53.5254,43.8494,33846.949462890625,112040.46466064453
2026-07-17 13:45:01,gpu45,0,2,29.0,1428.31,0.0,53.5254,43.8494,33846.949462890625,112040.46466064453
2026-07-17 13:45:01,gpu45,0,3,25.0,1423.57,0.0,53.5254,43.8494,33846.949462890625,112040.46466064453
2026-07-17 13:45:01,gpu45,0,4,25.0,1419.02,0.0,53.5254,43.8494,33846.949462890625,112040.46466064453
2026-07-17 13:45:01,gpu45,0,5,27.0,1417.44,0.0,53.5254,43.8494,33846.949462890625,112040.46466064453
2026-07-17 13:45:01,gpu45,0,6,28.0,1417.58,0.0,53.5254,43.8494,33846.949462890625,112040.46466064453
2026-07-17 13:45:01,gpu45,0,7,25.0,1421.75,0.0,53.5254,43.8494,33846.949462890625,112040.46466064453
2026-07-17 13:45:01,gpu45,0,8,26.0,1415.44,0.0,53.5254,43.8494,33846.949462890625,112040.46466064453
2026-07-17 13:45:01,gpu45,0,9,26.0,1419.92,0.0,53.5254,43.8494,33846.949462890625,112040.46466064453
2026-07-17 13:45:01,gpu45,0,10,28.0,1415.4,0.0,53.5254,43.8494,33846.949462890625,112040.46466064453
2026-07-17 13:45:01,gpu45,0,11,28.0,1417.22,0.0,53.5254,43.8494,33846.949462890625,112040.46466064453
2026-07-17 13:45:01,gpu45,0,12,26.0,1418.42,0.0,53.5254,43.8494,33846.949462890625,112040.46466064453
2026-07-17 13:45:01,gpu45,0,13,26.0,1412.62,0.0,53.5254,43.8494,33846.949462890625,112040.46466064453
2026-07-17 13:45:01,gpu45,0,14,26.0,1417.39,0.0,53.5254,43.8494,33846.949462890625,112040.46466064453
2026-07-17 13:45:01,gpu45,0,15,28.0,1417.45,0.0,53.5254,43.8494,33846.949462890625,112040.46466064453
2026-07-17 13:45:01,gpu45,0,16,27.0,1417.72,0.0,53.5254,43.8494,33846.949462890625,112040.46466064453
2026-07-17 13:45:01,gpu45,0,17,27.0,1416.98,0.0,53.5254,43.8494,33846.949462890625,112040.46466064453
2026-07-17 13:45:01,gpu45,0,18,28.0,1418.39,0.0,53.5254,43.8494,33846.949462890625,112040.46466064453
2026-07-17 13:45:01,gpu45,0,19,25.0,1416.98,0.0,53.5254,43.8494,33846.949462890625,112040.46466064453
2026-07-17 13:45:01,gpu45,0,20,25.0,1422.55,0.0,53.5254,43.8494,33846.949462890625,112040.46466064453
2026-07-17 13:45:01,gpu45,0,21,25.0,1419.53,0.0,53.5254,43.8494,33846.949462890625,112040.46466064453
2026-07-17 13:45:01,gpu45,0,22,27.0,1416.04,0.0,53.5254,43.8494,33846.949462890625,112040.46466064453
2026-07-17 13:45:01,gpu45,0,23,29.0,1418.75,0.0,53.5254,43.8494,33846.949462890625,112040.46466064453
2026-07-17 13:45:01,gpu45,1,0,31.0,1452.87,0.0,64.977,39.0054,166422.73974609375,38766.18035888672
2026-07-17 13:45:01,gpu45,1,1,31.0,1457.01,0.0,64.977,39.0054,166422.73974609375,38766.18035888672
2026-07-17 13:45:01,gpu45,1,2,31.0,1452.8,0.0,64.977,39.0054,166422.73974609375,38766.18035888672
2026-07-17 13:45:01,gpu45,1,3,27.0,1454.17,0.0,64.977,39.0054,166422.73974609375,38766.18035888672
2026-07-17 13:45:01,gpu45,1,4,33.0,1458.26,0.0,64.977,39.0054,166422.73974609375,38766.18035888672
2026-07-17 13:45:01,gpu45,1,5,29.0,1456.03,0.0,64.977,39.0054,166422.73974609375,38766.18035888672
2026-07-17 13:45:01,gpu45,1,6,30.0,1452.64,0.99,64.977,39.0054,166422.73974609375,38766.18035888672
2026-07-17 13:45:01,gpu45,1,7,27.0,1455.63,0.0,64.977,39.0054,166422.73974609375,38766.18035888672
2026-07-17 13:45:01,gpu45,1,8,28.0,1451.58,0.0,64.977,39.0054,166422.73974609375,38766.18035888672
2026-07-17 13:45:01,gpu45,1,9,28.0,1453.58,0.0,64.977,39.0054,166422.73974609375,38766.18035888672
2026-07-17 13:45:01,gpu45,1,10,29.0,1452.3,0.0,64.977,39.0054,166422.73974609375,38766.18035888672
2026-07-17 13:45:01,gpu45,1,11,30.0,1452.71,0.0,64.977,39.0054,166422.73974609375,38766.18035888672
2026-07-17 13:45:01,gpu45,1,12,29.0,1450.63,0.0,64.977,39.0054,166422.73974609375,38766.18035888672
2026-07-17 13:45:01,gpu45,1,13,27.0,1453.93,0.0,64.977,39.0054,166422.73974609375,38766.18035888672
2026-07-17 13:45:01,gpu45,1,14,29.0,1452.8,0.0,64.977,39.0054,166422.73974609375,38766.18035888672
2026-07-17 13:45:01,gpu45,1,15,31.0,1453.53,0.0,64.977,39.0054,166422.73974609375,38766.18035888672
2026-07-17 13:45:01,gpu45,1,16,30.0,1453.46,0.0,64.977,39.0054,166422.73974609375,38766.18035888672
2026-07-17 13:45:01,gpu45,1,17,27.0,1453.41,0.0,64.977,39.0054,166422.73974609375,38766.18035888672
2026-07-17 13:45:01,gpu45,1,18,29.0,1454.98,0.0,64.977,39.0054,166422.73974609375,38766.18035888672
2026-07-17 13:45:01,gpu45,1,19,26.0,1454.08,0.0,64.977,39.0054,166422.73974609375,38766.18035888672
2026-07-17 13:45:01,gpu45,1,20,28.0,1453.27,0.0,64.977,39.0054,166422.73974609375,38766.18035888672
2026-07-17 13:45:01,gpu45,1,21,29.0,1454.5,0.0,64.977,39.0054,166422.73974609375,38766.18035888672
2026-07-17 13:45:01,gpu45,1,22,29.0,1451.36,0.0,64.977,39.0054,166422.73974609375,38766.18035888672
2026-07-17 13:45:01,gpu45,1,23,30.0,1453.32,0.0,64.977,39.0054,166422.73974609375,38766.18035888672
2026-07-17 13:50:01,cn21,0,0,25.0,1707.46,0.04,35.1134,29.8339,253207.82220458984,233646.07708740234
2026-07-17 13:50:01,cn21,0,1,27.0,1765.32,0.0,35.1134,29.8339,253207.82220458984,233646.07708740234
2026-07-17 13:50:01,cn21,0,2,27.0,1777.44,0.0,35.1134,29.8339,253207.82220458984,233646.07708740234
2026-07-17 13:50:01,cn21,0,3,24.0,1774.37,0.0,35.1134,29.8339,253207.82220458984,233646.07708740234
2026-07-17 13:50:01,cn21,0,4,25.0,1741.71,0.0,35.1134,29.8339,253207.82220458984,233646.07708740234
2026-07-17 13:50:01,cn21,0,5,26.0,1743.32,0.0,35.1134,29.8339,253207.82220458984,233646.07708740234
2026-07-17 13:50:01,cn21,0,6,27.0,1734.1,0.0,35.1134,29.8339,253207.82220458984,233646.07708740234
2026-07-17 13:50:01,cn21,0,7,24.0,1736.44,0.0,35.1134,29.8339,253207.82220458984,233646.07708740234
2026-07-17 13:50:01,cn21,0,8,28.0,1693.11,0.0,35.1134,29.8339,253207.82220458984,233646.07708740234
2026-07-17 13:50:01,cn21,0,9,28.0,1693.94,0.0,35.1134,29.8339,253207.82220458984,233646.07708740234
2026-07-17 13:50:01,cn21,0,10,29.0,1602.97,0.0,35.1134,29.8339,253207.82220458984,233646.07708740234
2026-07-17 13:50:01,cn21,0,11,29.0,1705.79,0.0,35.1134,29.8339,253207.82220458984,233646.07708740234
2026-07-17 13:50:01,cn21,0,12,26.0,1674.72,0.0,35.1134,29.8339,253207.82220458984,233646.07708740234
2026-07-17 13:50:01,cn21,0,13,24.0,1646.07,0.0,35.1134,29.8339,253207.82220458984,233646.07708740234
2026-07-17 13:50:01,cn21,0,14,25.0,1628.44,0.0,35.1134,29.8339,253207.82220458984,233646.07708740234
2026-07-17 13:50:01,cn21,0,15,27.0,1656.14,0.0,35.1134,29.8339,253207.82220458984,233646.07708740234
2026-07-17 13:50:01,cn21,0,16,26.0,1641.89,0.0,35.1134,29.8339,253207.82220458984,233646.07708740234
2026-07-17 13:50:01,cn21,0,17,25.0,1646.82,0.0,35.1134,29.8339,253207.82220458984,233646.07708740234
2026-07-17 13:50:01,cn21,0,18,28.0,1459.1,0.0,35.1134,29.8339,253207.82220458984,233646.07708740234
2026-07-17 13:50:01,cn21,0,19,22.0,1627.36,0.0,35.1134,29.8339,253207.82220458984,233646.07708740234
2026-07-17 13:50:01,cn21,0,20,25.0,1660.7,0.0,35.1134,29.8339,253207.82220458984,233646.07708740234
2026-07-17 13:50:01,cn21,0,21,26.0,1645.07,0.0,35.1134,29.8339,253207.82220458984,233646.07708740234
2026-07-17 13:50:01,cn21,0,22,27.0,1643.2,0.0,35.1134,29.8339,253207.82220458984,233646.07708740234
2026-07-17 13:50:01,cn21,0,23,26.0,1630.15,0.0,35.1134,29.8339,253207.82220458984,233646.07708740234
2026-07-17 13:50:01,cn21,1,0,34.0,1555.47,0.0,39.5166,50.6471,185751.77520751953,160304.3348388672
2026-07-17 13:50:01,cn21,1,1,30.0,1620.27,0.0,39.5166,50.6471,185751.77520751953,160304.3348388672
2026-07-17 13:50:01,cn21,1,2,27.0,1624.79,0.99,39.5166,50.6471,185751.77520751953,160304.3348388672
2026-07-17 13:50:01,cn21,1,3,27.0,1637.74,0.0,39.5166,50.6471,185751.77520751953,160304.3348388672
2026-07-17 13:50:01,cn21,1,4,26.0,1620.86,0.0,39.5166,50.6471,185751.77520751953,160304.3348388672
2026-07-17 13:50:01,cn21,1,5,27.0,1580.67,0.0,39.5166,50.6471,185751.77520751953,160304.3348388672
2026-07-17 13:50:01,cn21,1,6,28.0,1647.87,0.0,39.5166,50.6471,185751.77520751953,160304.3348388672
2026-07-17 13:50:01,cn21,1,7,26.0,1633.06,0.0,39.5166,50.6471,185751.77520751953,160304.3348388672
2026-07-17 13:50:01,cn21,1,8,26.0,1549.84,0.0,39.5166,50.6471,185751.77520751953,160304.3348388672
2026-07-17 13:50:01,cn21,1,9,27.0,1515.43,0.0,39.5166,50.6471,185751.77520751953,160304.3348388672
2026-07-17 13:50:01,cn21,1,10,28.0,1579.97,0.0,39.5166,50.6471,185751.77520751953,160304.3348388672
2026-07-17 13:50:01,cn21,1,11,29.0,1545.08,0.0,39.5166,50.6471,185751.77520751953,160304.3348388672
2026-07-17 13:50:01,cn21,1,12,31.0,1395.21,0.0,39.5166,50.6471,185751.77520751953,160304.3348388672
2026-07-17 13:50:01,cn21,1,13,29.0,1381.73,0.0,39.5166,50.6471,185751.77520751953,160304.3348388672
2026-07-17 13:50:01,cn21,1,14,27.0,1552.93,0.0,39.5166,50.6471,185751.77520751953,160304.3348388672
2026-07-17 13:50:01,cn21,1,15,28.0,1475.67,0.0,39.5166,50.6471,185751.77520751953,160304.3348388672
2026-07-17 13:50:01,cn21,1,16,29.0,1559.93,0.0,39.5166,50.6471,185751.77520751953,160304.3348388672
2026-07-17 13:50:01,cn21,1,17,29.0,1543.26,0.0,39.5166,50.6471,185751.77520751953,160304.3348388672
2026-07-17 13:50:01,cn21,1,18,28.0,1445.17,0.99,39.5166,50.6471,185751.77520751953,160304.3348388672
2026-07-17 13:50:01,cn21,1,19,27.0,1448.93,0.0,39.5166,50.6471,185751.77520751953,160304.3348388672
2026-07-17 13:50:01,cn21,1,20,30.0,1280.42,0.0,39.5166,50.6471,185751.77520751953,160304.3348388672
2026-07-17 13:50:01,cn21,1,21,29.0,1345.99,0.0,39.5166,50.6471,185751.77520751953,160304.3348388672
2026-07-17 13:50:01,cn21,1,22,30.0,1344.23,0.0,39.5166,50.6471,185751.77520751953,160304.3348388672
2026-07-17 13:50:01,cn21,1,23,28.0,1458.1,0.0,39.5166,50.6471,185751.77520751953,160304.3348388672
2026-07-17 13:50:01,gpu45,0,0,29.0,1431.37,0.04,53.4629,43.4876,49878.61950683594,124972.70593261719
2026-07-17 13:50:01,gpu45,0,1,28.0,1431.95,0.0,53.4629,43.4876,49878.61950683594,124972.70593261719
2026-07-17 13:50:01,gpu45,0,2,29.0,1428.31,0.0,53.4629,43.4876,49878.61950683594,124972.70593261719
2026-07-17 13:50:01,gpu45,0,3,26.0,1423.57,0.0,53.4629,43.4876,49878.61950683594,124972.70593261719
2026-07-17 13:50:01,gpu45,0,4,25.0,1419.02,0.0,53.4629,43.4876,49878.61950683594,124972.70593261719
2026-07-17 13:50:01,gpu45,0,5,27.0,1417.44,0.0,53.4629,43.4876,49878.61950683594,124972.70593261719
2026-07-17 13:50:01,gpu45,0,6,28.0,1417.58,0.0,53.4629,43.4876,49878.61950683594,124972.70593261719
2026-07-17 13:50:01,gpu45,0,7,25.0,1421.75,0.0,53.4629,43.4876,49878.61950683594,124972.70593261719
2026-07-17 13:50:01,gpu45,0,8,26.0,1415.44,1.0,53.4629,43.4876,49878.61950683594,124972.70593261719
2026-07-17 13:50:01,gpu45,0,9,26.0,1419.92,0.0,53.4629,43.4876,49878.61950683594,124972.70593261719
2026-07-17 13:50:01,gpu45,0,10,28.0,1415.4,0.0,53.4629,43.4876,49878.61950683594,124972.70593261719
2026-07-17 13:50:01,gpu45,0,11,28.0,1417.22,0.0,53.4629,43.4876,49878.61950683594,124972.70593261719
2026-07-17 13:50:01,gpu45,0,12,26.0,1418.42,0.0,53.4629,43.4876,49878.61950683594,124972.70593261719
2026-07-17 13:50:01,gpu45,0,13,26.0,1412.62,0.0,53.4629,43.4876,49878.61950683594,124972.70593261719
2026-07-17 13:50:01,gpu45,0,14,26.0,1417.38,0.0,53.4629,43.4876,49878.61950683594,124972.70593261719
2026-07-17 13:50:01,gpu45,0,15,28.0,1417.45,0.0,53.4629,43.4876,49878.61950683594,124972.70593261719
2026-07-17 13:50:01,gpu45,0,16,27.0,1417.72,0.0,53.4629,43.4876,49878.61950683594,124972.70593261719
2026-07-17 13:50:01,gpu45,0,17,27.0,1416.98,0.0,53.4629,43.4876,49878.61950683594,124972.70593261719
2026-07-17 13:50:01,gpu45,0,18,28.0,1418.38,0.0,53.4629,43.4876,49878.61950683594,124972.70593261719
2026-07-17 13:50:01,gpu45,0,19,25.0,1416.98,0.0,53.4629,43.4876,49878.61950683594,124972.70593261719
2026-07-17 13:50:01,gpu45,0,20,25.0,1422.55,0.0,53.4629,43.4876,49878.61950683594,124972.70593261719
2026-07-17 13:50:01,gpu45,0,21,26.0,1419.52,0.0,53.4629,43.4876,49878.61950683594,124972.70593261719
2026-07-17 13:50:01,gpu45,0,22,27.0,1416.03,0.0,53.4629,43.4876,49878.61950683594,124972.70593261719
2026-07-17 13:50:01,gpu45,0,23,30.0,1418.75,0.0,53.4629,43.4876,49878.61950683594,124972.70593261719
2026-07-17 13:50:01,gpu45,1,0,31.0,1452.87,0.0,64.8256,39.0559,181988.49633789062,49728.0308227539
2026-07-17 13:50:01,gpu45,1,1,31.0,1457.01,0.99,64.8256,39.0559,181988.49633789062,49728.0308227539
2026-07-17 13:50:01,gpu45,1,2,32.0,1452.8,0.0,64.8256,39.0559,181988.49633789062,49728.0308227539
2026-07-17 13:50:01,gpu45,1,3,28.0,1454.17,0.0,64.8256,39.0559,181988.49633789062,49728.0308227539
2026-07-17 13:50:01,gpu45,1,4,30.0,1458.26,0.0,64.8256,39.0559,181988.49633789062,49728.0308227539
2026-07-17 13:50:01,gpu45,1,5,30.0,1456.03,0.0,64.8256,39.0559,181988.49633789062,49728.0308227539
2026-07-17 13:50:01,gpu45,1,6,30.0,1452.63,0.0,64.8256,39.0559,181988.49633789062,49728.0308227539
2026-07-17 13:50:01,gpu45,1,7,28.0,1455.62,0.0,64.8256,39.0559,181988.49633789062,49728.0308227539
2026-07-17 13:50:01,gpu45,1,8,29.0,1451.58,0.0,64.8256,39.0559,181988.49633789062,49728.0308227539
2026-07-17 13:50:01,gpu45,1,9,28.0,1453.57,0.0,64.8256,39.0559,181988.49633789062,49728.0308227539
2026-07-17 13:50:01,gpu45,1,10,29.0,1452.3,0.0,64.8256,39.0559,181988.49633789062,49728.0308227539
2026-07-17 13:50:01,gpu45,1,11,30.0,1452.7,0.0,64.8256,39.0559,181988.49633789062,49728.0308227539
2026-07-17 13:50:01,gpu45,1,12,30.0,1450.63,0.0,64.8256,39.0559,181988.49633789062,49728.0308227539
2026-07-17 13:50:01,gpu45,1,13,28.0,1453.93,0.0,64.8256,39.0559,181988.49633789062,49728.0308227539
2026-07-17 13:50:01,gpu45,1,14,30.0,1452.79,0.0,64.8256,39.0559,181988.49633789062,49728.0308227539
2026-07-17 13:50:01,gpu45,1,15,31.0,1453.52,0.0,64.8256,39.0559,181988.49633789062,49728.0308227539
2026-07-17 13:50:01,gpu45,1,16,30.0,1453.45,0.0,64.8256,39.0559,181988.49633789062,49728.0308227539
2026-07-17 13:50:01,gpu45,1,17,27.0,1453.41,0.0,64.8256,39.0559,181988.49633789062,49728.0308227539
2026-07-17 13:50:01,gpu45,1,18,30.0,1454.97,0.0,64.8256,39.0559,181988.49633789062,49728.0308227539
2026-07-17 13:50:01,gpu45,1,19,27.0,1454.08,0.0,64.8256,39.0559,181988.49633789062,49728.0308227539
2026-07-17 13:50:01,gpu45,1,20,28.0,1453.27,0.0,64.8256,39.0559,181988.49633789062,49728.0308227539
2026-07-17 13:50:01,gpu45,1,21,29.0,1454.5,0.0,64.8256,39.0559,181988.49633789062,49728.0308227539
2026-07-17 13:50:01,gpu45,1,22,30.0,1451.36,0.0,64.8256,39.0559,181988.49633789062,49728.0308227539
2026-07-17 13:50:01,gpu45,1,23,31.0,1453.32,0.0,64.8256,39.0559,181988.49633789062,49728.0308227539
2026-07-17 13:55:01,cn21,0,0,24.0,1707.45,0.0,35.0219,28.6476,257911.0267944336,239074.44860839844
2026-07-17 13:55:01,cn21,0,1,26.0,1765.32,0.0,35.0219,28.6476,257911.0267944336,239074.44860839844
2026-07-17 13:55:01,cn21,0,2,26.0,1777.44,0.0,35.0219,28.6476,257911.0267944336,239074.44860839844
2026-07-17 13:55:01,cn21,0,3,22.0,1774.37,0.0,35.0219,28.6476,257911.0267944336,239074.44860839844
2026-07-17 13:55:01,cn21,0,4,24.0,1741.71,0.0,35.0219,28.6476,257911.0267944336,239074.44860839844
2026-07-17 13:55:01,cn21,0,5,25.0,1743.32,0.0,35.0219,28.6476,257911.0267944336,239074.44860839844
2026-07-17 13:55:01,cn21,0,6,26.0,1734.1,0.0,35.0219,28.6476,257911.0267944336,239074.44860839844
2026-07-17 13:55:01,cn21,0,7,23.0,1736.44,0.0,35.0219,28.6476,257911.0267944336,239074.44860839844
2026-07-17 13:55:01,cn21,0,8,27.0,1693.1,0.0,35.0219,28.6476,257911.0267944336,239074.44860839844
2026-07-17 13:55:01,cn21,0,9,27.0,1693.93,0.0,35.0219,28.6476,257911.0267944336,239074.44860839844
2026-07-17 13:55:01,cn21,0,10,27.0,1602.97,0.0,35.0219,28.6476,257911.0267944336,239074.44860839844
2026-07-17 13:55:01,cn21,0,11,28.0,1705.79,0.0,35.0219,28.6476,257911.0267944336,239074.44860839844
2026-07-17 13:55:01,cn21,0,12,25.0,1674.72,0.0,35.0219,28.6476,257911.0267944336,239074.44860839844
2026-07-17 13:55:01,cn21,0,13,23.0,1646.06,0.0,35.0219,28.6476,257911.0267944336,239074.44860839844
2026-07-17 13:55:01,cn21,0,14,24.0,1628.44,0.0,35.0219,28.6476,257911.0267944336,239074.44860839844
2026-07-17 13:55:01,cn21,0,15,26.0,1656.14,0.0,35.0219,28.6476,257911.0267944336,239074.44860839844
2026-07-17 13:55:01,cn21,0,16,26.0,1641.87,0.0,35.0219,28.6476,257911.0267944336,239074.44860839844
2026-07-17 13:55:01,cn21,0,17,24.0,1646.82,0.0,35.0219,28.6476,257911.0267944336,239074.44860839844
2026-07-17 13:55:01,cn21,0,18,27.0,1459.05,0.0,35.0219,28.6476,257911.0267944336,239074.44860839844
2026-07-17 13:55:01,cn21,0,19,22.0,1627.36,0.0,35.0219,28.6476,257911.0267944336,239074.44860839844
2026-07-17 13:55:01,cn21,0,20,24.0,1660.69,0.0,35.0219,28.6476,257911.0267944336,239074.44860839844
2026-07-17 13:55:01,cn21,0,21,25.0,1645.07,0.0,35.0219,28.6476,257911.0267944336,239074.44860839844
2026-07-17 13:55:01,cn21,0,22,27.0,1643.2,0.0,35.0219,28.6476,257911.0267944336,239074.44860839844
2026-07-17 13:55:01,cn21,0,23,25.0,1630.14,0.0,35.0219,28.6476,257911.0267944336,239074.44860839844
2026-07-17 13:55:01,cn21,1,0,32.0,1555.46,0.0,39.5085,50.3553,189505.52911376953,169957.48431396484
2026-07-17 13:55:01,cn21,1,1,29.0,1620.26,0.0,39.5085,50.3553,189505.52911376953,169957.48431396484
2026-07-17 13:55:01,cn21,1,2,28.0,1625.0,0.0,39.5085,50.3553,189505.52911376953,169957.48431396484
2026-07-17 13:55:01,cn21,1,3,31.0,1637.83,0.0,39.5085,50.3553,189505.52911376953,169957.48431396484
2026-07-17 13:55:01,cn21,1,4,26.0,1620.86,0.0,39.5085,50.3553,189505.52911376953,169957.48431396484
2026-07-17 13:55:01,cn21,1,5,26.0,1580.67,0.0,39.5085,50.3553,189505.52911376953,169957.48431396484
2026-07-17 13:55:01,cn21,1,6,27.0,1647.77,0.0,39.5085,50.3553,189505.52911376953,169957.48431396484
2026-07-17 13:55:01,cn21,1,7,25.0,1633.06,0.0,39.5085,50.3553,189505.52911376953,169957.48431396484
2026-07-17 13:55:01,cn21,1,8,25.0,1549.84,0.0,39.5085,50.3553,189505.52911376953,169957.48431396484
2026-07-17 13:55:01,cn21,1,9,26.0,1515.42,0.0,39.5085,50.3553,189505.52911376953,169957.48431396484
2026-07-17 13:55:01,cn21,1,10,27.0,1579.96,0.0,39.5085,50.3553,189505.52911376953,169957.48431396484
2026-07-17 13:55:01,cn21,1,11,28.0,1544.96,0.0,39.5085,50.3553,189505.52911376953,169957.48431396484
2026-07-17 13:55:01,cn21,1,12,29.0,1395.21,0.0,39.5085,50.3553,189505.52911376953,169957.48431396484
2026-07-17 13:55:01,cn21,1,13,27.0,1381.73,0.0,39.5085,50.3553,189505.52911376953,169957.48431396484
2026-07-17 13:55:01,cn21,1,14,26.0,1552.92,0.0,39.5085,50.3553,189505.52911376953,169957.48431396484
2026-07-17 13:55:01,cn21,1,15,27.0,1475.67,0.0,39.5085,50.3553,189505.52911376953,169957.48431396484
2026-07-17 13:55:01,cn21,1,16,28.0,1559.82,0.0,39.5085,50.3553,189505.52911376953,169957.48431396484
2026-07-17 13:55:01,cn21,1,17,28.0,1543.02,0.0,39.5085,50.3553,189505.52911376953,169957.48431396484
2026-07-17 13:55:01,cn21,1,18,26.0,1446.23,0.0,39.5085,50.3553,189505.52911376953,169957.48431396484
2026-07-17 13:55:01,cn21,1,19,27.0,1449.88,0.0,39.5085,50.3553,189505.52911376953,169957.48431396484
2026-07-17 13:55:01,cn21,1,20,26.0,1281.2,0.0,39.5085,50.3553,189505.52911376953,169957.48431396484
2026-07-17 13:55:01,cn21,1,21,28.0,1345.98,0.0,39.5085,50.3553,189505.52911376953,169957.48431396484
2026-07-17 13:55:01,cn21,1,22,29.0,1344.23,0.0,39.5085,50.3553,189505.52911376953,169957.48431396484
2026-07-17 13:55:01,cn21,1,23,28.0,1458.02,0.0,39.5085,50.3553,189505.52911376953,169957.48431396484
2026-07-17 13:55:01,gpu45,0,0,29.0,1431.37,0.0,53.4779,43.3986,65887.5784301758,137822.14776611328
2026-07-17 13:55:01,gpu45,0,1,27.0,1431.95,0.0,53.4779,43.3986,65887.5784301758,137822.14776611328
2026-07-17 13:55:01,gpu45,0,2,29.0,1428.31,0.0,53.4779,43.3986,65887.5784301758,137822.14776611328
2026-07-17 13:55:01,gpu45,0,3,25.0,1423.57,0.0,53.4779,43.3986,65887.5784301758,137822.14776611328
2026-07-17 13:55:01,gpu45,0,4,25.0,1419.02,0.0,53.4779,43.3986,65887.5784301758,137822.14776611328
2026-07-17 13:55:01,gpu45,0,5,26.0,1417.44,0.0,53.4779,43.3986,65887.5784301758,137822.14776611328
2026-07-17 13:55:01,gpu45,0,6,27.0,1417.58,0.0,53.4779,43.3986,65887.5784301758,137822.14776611328
2026-07-17 13:55:01,gpu45,0,7,25.0,1421.74,0.0,53.4779,43.3986,65887.5784301758,137822.14776611328
2026-07-17 13:55:01,gpu45,0,8,26.0,1415.44,0.0,53.4779,43.3986,65887.5784301758,137822.14776611328
2026-07-17 13:55:01,gpu45,0,9,26.0,1419.92,0.0,53.4779,43.3986,65887.5784301758,137822.14776611328
2026-07-17 13:55:01,gpu45,0,10,28.0,1415.4,0.0,53.4779,43.3986,65887.5784301758,137822.14776611328
2026-07-17 13:55:01,gpu45,0,11,27.0,1417.21,0.0,53.4779,43.3986,65887.5784301758,137822.14776611328
2026-07-17 13:55:01,gpu45,0,12,26.0,1418.42,0.0,53.4779,43.3986,65887.5784301758,137822.14776611328
2026-07-17 13:55:01,gpu45,0,13,26.0,1412.62,0.0,53.4779,43.3986,65887.5784301758,137822.14776611328
2026-07-17 13:55:01,gpu45,0,14,26.0,1417.38,0.0,53.4779,43.3986,65887.5784301758,137822.14776611328
2026-07-17 13:55:01,gpu45,0,15,27.0,1417.45,0.0,53.4779,43.3986,65887.5784301758,137822.14776611328
2026-07-17 13:55:01,gpu45,0,16,26.0,1417.71,0.0,53.4779,43.3986,65887.5784301758,137822.14776611328
2026-07-17 13:55:01,gpu45,0,17,27.0,1416.97,0.0,53.4779,43.3986,65887.5784301758,137822.14776611328
2026-07-17 13:55:01,gpu45,0,18,28.0,1418.38,0.0,53.4779,43.3986,65887.5784301758,137822.14776611328
2026-07-17 13:55:01,gpu45,0,19,24.0,1416.97,0.0,53.4779,43.3986,65887.5784301758,137822.14776611328
2026-07-17 13:55:01,gpu45,0,20,24.0,1422.55,0.0,53.4779,43.3986,65887.5784301758,137822.14776611328
2026-07-17 13:55:01,gpu45,0,21,25.0,1419.52,0.0,53.4779,43.3986,65887.5784301758,137822.14776611328
2026-07-17 13:55:01,gpu45,0,22,27.0,1416.03,0.0,53.4779,43.3986,65887.5784301758,137822.14776611328
2026-07-17 13:55:01,gpu45,0,23,29.0,1418.75,0.0,53.4779,43.3986,65887.5784301758,137822.14776611328
2026-07-17 13:55:01,gpu45,1,0,30.0,1452.87,0.0,64.9437,38.2822,197515.96612548828,60741.9722290039
2026-07-17 13:55:01,gpu45,1,1,30.0,1457.0,0.0,64.9437,38.2822,197515.96612548828,60741.9722290039
2026-07-17 13:55:01,gpu45,1,2,30.0,1452.8,0.0,64.9437,38.2822,197515.96612548828,60741.9722290039
2026-07-17 13:55:01,gpu45,1,3,28.0,1454.17,0.0,64.9437,38.2822,197515.96612548828,60741.9722290039
2026-07-17 13:55:01,gpu45,1,4,29.0,1458.26,0.0,64.9437,38.2822,197515.96612548828,60741.9722290039
2026-07-17 13:55:01,gpu45,1,5,29.0,1456.03,0.0,64.9437,38.2822,197515.96612548828,60741.9722290039
2026-07-17 13:55:01,gpu45,1,6,29.0,1452.63,0.0,64.9437,38.2822,197515.96612548828,60741.9722290039
2026-07-17 13:55:01,gpu45,1,7,28.0,1455.62,0.0,64.9437,38.2822,197515.96612548828,60741.9722290039
2026-07-17 13:55:01,gpu45,1,8,31.0,1451.58,0.0,64.9437,38.2822,197515.96612548828,60741.9722290039
2026-07-17 13:55:01,gpu45,1,9,28.0,1453.57,0.0,64.9437,38.2822,197515.96612548828,60741.9722290039
2026-07-17 13:55:01,gpu45,1,10,28.0,1452.3,0.0,64.9437,38.2822,197515.96612548828,60741.9722290039
2026-07-17 13:55:01,gpu45,1,11,29.0,1452.7,0.0,64.9437,38.2822,197515.96612548828,60741.9722290039
2026-07-17 13:55:01,gpu45,1,12,29.0,1450.62,0.0,64.9437,38.2822,197515.96612548828,60741.9722290039
2026-07-17 13:55:01,gpu45,1,13,27.0,1453.93,0.0,64.9437,38.2822,197515.96612548828,60741.9722290039
2026-07-17 13:55:01,gpu45,1,14,29.0,1452.79,0.0,64.9437,38.2822,197515.96612548828,60741.9722290039
2026-07-17 13:55:01,gpu45,1,15,30.0,1453.52,0.0,64.9437,38.2822,197515.96612548828,60741.9722290039
2026-07-17 13:55:01,gpu45,1,16,30.0,1453.45,0.0,64.9437,38.2822,197515.96612548828,60741.9722290039
2026-07-17 13:55:01,gpu45,1,17,26.0,1453.41,0.0,64.9437,38.2822,197515.96612548828,60741.9722290039
2026-07-17 13:55:01,gpu45,1,18,29.0,1454.97,0.0,64.9437,38.2822,197515.96612548828,60741.9722290039
2026-07-17 13:55:01,gpu45,1,19,27.0,1454.08,0.0,64.9437,38.2822,197515.96612548828,60741.9722290039
2026-07-17 13:55:01,gpu45,1,20,27.0,1453.26,0.0,64.9437,38.2822,197515.96612548828,60741.9722290039
2026-07-17 13:55:01,gpu45,1,21,28.0,1454.5,0.0,64.9437,38.2822,197515.96612548828,60741.9722290039
2026-07-17 13:55:01,gpu45,1,22,29.0,1451.36,0.0,64.9437,38.2822,197515.96612548828,60741.9722290039
2026-07-17 13:55:01,gpu45,1,23,30.0,1453.32,0.0,64.9437,38.2822,197515.96612548828,60741.9722290039
2026-07-17 14:00:01,cn21,0,0,25.0,1707.44,0.02,34.9304,28.56,388.78302001953125,244495.97265625
2026-07-17 14:00:01,cn21,0,1,26.0,1765.32,0.0,34.9304,28.56,388.78302001953125,244495.97265625
2026-07-17 14:00:01,cn21,0,2,26.0,1777.44,0.0,34.9304,28.56,388.78302001953125,244495.97265625
2026-07-17 14:00:01,cn21,0,3,23.0,1774.37,0.0,34.9304,28.56,388.78302001953125,244495.97265625
2026-07-17 14:00:01,cn21,0,4,24.0,1741.71,0.99,34.9304,28.56,388.78302001953125,244495.97265625
2026-07-17 14:00:01,cn21,0,5,26.0,1743.32,0.0,34.9304,28.56,388.78302001953125,244495.97265625
2026-07-17 14:00:01,cn21,0,6,26.0,1734.1,0.0,34.9304,28.56,388.78302001953125,244495.97265625
2026-07-17 14:00:01,cn21,0,7,23.0,1736.44,0.0,34.9304,28.56,388.78302001953125,244495.97265625
2026-07-17 14:00:01,cn21,0,8,28.0,1693.09,0.0,34.9304,28.56,388.78302001953125,244495.97265625
2026-07-17 14:00:01,cn21,0,9,28.0,1693.93,0.0,34.9304,28.56,388.78302001953125,244495.97265625
2026-07-17 14:00:01,cn21,0,10,28.0,1602.97,0.0,34.9304,28.56,388.78302001953125,244495.97265625
2026-07-17 14:00:01,cn21,0,11,29.0,1705.79,0.0,34.9304,28.56,388.78302001953125,244495.97265625
2026-07-17 14:00:01,cn21,0,12,26.0,1674.72,0.0,34.9304,28.56,388.78302001953125,244495.97265625
2026-07-17 14:00:01,cn21,0,13,23.0,1646.06,0.0,34.9304,28.56,388.78302001953125,244495.97265625
2026-07-17 14:00:01,cn21,0,14,25.0,1628.43,0.0,34.9304,28.56,388.78302001953125,244495.97265625
2026-07-17 14:00:01,cn21,0,15,26.0,1656.13,0.0,34.9304,28.56,388.78302001953125,244495.97265625
2026-07-17 14:00:01,cn21,0,16,26.0,1641.85,0.0,34.9304,28.56,388.78302001953125,244495.97265625
2026-07-17 14:00:01,cn21,0,17,25.0,1646.82,0.0,34.9304,28.56,388.78302001953125,244495.97265625
2026-07-17 14:00:01,cn21,0,18,28.0,1459.02,0.0,34.9304,28.56,388.78302001953125,244495.97265625
2026-07-17 14:00:01,cn21,0,19,22.0,1627.35,0.0,34.9304,28.56,388.78302001953125,244495.97265625
2026-07-17 14:00:01,cn21,0,20,24.0,1660.69,0.0,34.9304,28.56,388.78302001953125,244495.97265625
2026-07-17 14:00:01,cn21,0,21,25.0,1645.07,0.0,34.9304,28.56,388.78302001953125,244495.97265625
2026-07-17 14:00:01,cn21,0,22,27.0,1643.2,0.0,34.9304,28.56,388.78302001953125,244495.97265625
2026-07-17 14:00:01,cn21,0,23,26.0,1630.14,0.0,34.9304,28.56,388.78302001953125,244495.97265625
2026-07-17 14:00:01,cn21,1,0,32.0,1555.48,0.0,39.6978,50.2727,193356.0965576172,179606.4037475586
2026-07-17 14:00:01,cn21,1,1,30.0,1620.24,0.0,39.6978,50.2727,193356.0965576172,179606.4037475586
2026-07-17 14:00:01,cn21,1,2,27.0,1624.97,0.0,39.6978,50.2727,193356.0965576172,179606.4037475586
2026-07-17 14:00:01,cn21,1,3,27.0,1637.66,0.0,39.6978,50.2727,193356.0965576172,179606.4037475586
2026-07-17 14:00:01,cn21,1,4,25.0,1620.86,0.0,39.6978,50.2727,193356.0965576172,179606.4037475586
2026-07-17 14:00:01,cn21,1,5,26.0,1580.67,0.0,39.6978,50.2727,193356.0965576172,179606.4037475586
2026-07-17 14:00:01,cn21,1,6,27.0,1647.77,0.0,39.6978,50.2727,193356.0965576172,179606.4037475586
2026-07-17 14:00:01,cn21,1,7,26.0,1633.05,0.0,39.6978,50.2727,193356.0965576172,179606.4037475586
2026-07-17 14:00:01,cn21,1,8,26.0,1549.84,0.0,39.6978,50.2727,193356.0965576172,179606.4037475586
2026-07-17 14:00:01,cn21,1,9,26.0,1515.42,0.0,39.6978,50.2727,193356.0965576172,179606.4037475586
2026-07-17 14:00:01,cn21,1,10,28.0,1579.94,0.0,39.6978,50.2727,193356.0965576172,179606.4037475586
2026-07-17 14:00:01,cn21,1,11,28.0,1544.72,0.0,39.6978,50.2727,193356.0965576172,179606.4037475586
2026-07-17 14:00:01,cn21,1,12,29.0,1395.21,0.0,39.6978,50.2727,193356.0965576172,179606.4037475586
2026-07-17 14:00:01,cn21,1,13,27.0,1381.73,0.0,39.6978,50.2727,193356.0965576172,179606.4037475586
2026-07-17 14:00:01,cn21,1,14,27.0,1552.91,0.0,39.6978,50.2727,193356.0965576172,179606.4037475586
2026-07-17 14:00:01,cn21,1,15,28.0,1475.57,0.0,39.6978,50.2727,193356.0965576172,179606.4037475586
2026-07-17 14:00:01,cn21,1,16,28.0,1559.81,0.0,39.6978,50.2727,193356.0965576172,179606.4037475586
2026-07-17 14:00:01,cn21,1,17,28.0,1543.01,0.0,39.6978,50.2727,193356.0965576172,179606.4037475586
2026-07-17 14:00:01,cn21,1,18,26.0,1446.23,0.0,39.6978,50.2727,193356.0965576172,179606.4037475586
2026-07-17 14:00:01,cn21,1,19,33.0,1451.87,0.0,39.6978,50.2727,193356.0965576172,179606.4037475586
2026-07-17 14:00:01,cn21,1,20,27.0,1282.7,0.0,39.6978,50.2727,193356.0965576172,179606.4037475586
2026-07-17 14:00:01,cn21,1,21,28.0,1346.9,0.0,39.6978,50.2727,193356.0965576172,179606.4037475586
2026-07-17 14:00:01,cn21,1,22,28.0,1344.22,0.0,39.6978,50.2727,193356.0965576172,179606.4037475586
2026-07-17 14:00:01,cn21,1,23,28.0,1457.95,0.0,39.6978,50.2727,193356.0965576172,179606.4037475586
2026-07-17 14:00:01,gpu45,0,0,29.0,1431.37,0.02,53.3844,44.2618,81897.716796875,150674.39630126953
2026-07-17 14:00:01,gpu45,0,1,28.0,1431.95,0.0,53.3844,44.2618,81897.716796875,150674.39630126953
2026-07-17 14:00:01,gpu45,0,2,29.0,1428.31,0.0,53.3844,44.2618,81897.716796875,150674.39630126953
2026-07-17 14:00:01,gpu45,0,3,26.0,1423.57,0.0,53.3844,44.2618,81897.716796875,150674.39630126953
2026-07-17 14:00:01,gpu45,0,4,25.0,1419.01,0.0,53.3844,44.2618,81897.716796875,150674.39630126953
2026-07-17 14:00:01,gpu45,0,5,27.0,1417.44,0.0,53.3844,44.2618,81897.716796875,150674.39630126953
2026-07-17 14:00:01,gpu45,0,6,28.0,1417.58,0.0,53.3844,44.2618,81897.716796875,150674.39630126953
2026-07-17 14:00:01,gpu45,0,7,26.0,1421.74,0.0,53.3844,44.2618,81897.716796875,150674.39630126953
2026-07-17 14:00:01,gpu45,0,8,26.0,1415.44,0.0,53.3844,44.2618,81897.716796875,150674.39630126953
2026-07-17 14:00:01,gpu45,0,9,26.0,1419.92,0.0,53.3844,44.2618,81897.716796875,150674.39630126953
2026-07-17 14:00:01,gpu45,0,10,29.0,1415.39,0.0,53.3844,44.2618,81897.716796875,150674.39630126953
2026-07-17 14:00:01,gpu45,0,11,28.0,1417.21,0.0,53.3844,44.2618,81897.716796875,150674.39630126953
2026-07-17 14:00:01,gpu45,0,12,26.0,1418.42,0.0,53.3844,44.2618,81897.716796875,150674.39630126953
2026-07-17 14:00:01,gpu45,0,13,26.0,1412.61,0.0,53.3844,44.2618,81897.716796875,150674.39630126953
2026-07-17 14:00:01,gpu45,0,14,26.0,1417.38,0.99,53.3844,44.2618,81897.716796875,150674.39630126953
2026-07-17 14:00:01,gpu45,0,15,28.0,1417.45,0.0,53.3844,44.2618,81897.716796875,150674.39630126953
2026-07-17 14:00:01,gpu45,0,16,27.0,1417.71,0.0,53.3844,44.2618,81897.716796875,150674.39630126953
2026-07-17 14:00:01,gpu45,0,17,27.0,1416.97,0.0,53.3844,44.2618,81897.716796875,150674.39630126953
2026-07-17 14:00:01,gpu45,0,18,28.0,1418.38,0.0,53.3844,44.2618,81897.716796875,150674.39630126953
2026-07-17 14:00:01,gpu45,0,19,25.0,1416.97,0.0,53.3844,44.2618,81897.716796875,150674.39630126953
2026-07-17 14:00:01,gpu45,0,20,25.0,1422.54,0.0,53.3844,44.2618,81897.716796875,150674.39630126953
2026-07-17 14:00:01,gpu45,0,21,25.0,1419.52,0.0,53.3844,44.2618,81897.716796875,150674.39630126953
2026-07-17 14:00:01,gpu45,0,22,27.0,1416.03,0.0,53.3844,44.2618,81897.716796875,150674.39630126953
2026-07-17 14:00:01,gpu45,0,23,30.0,1418.75,0.0,53.3844,44.2618,81897.716796875,150674.39630126953
2026-07-17 14:00:01,gpu45,1,0,31.0,1452.87,0.0,64.9022,38.5068,213014.42767333984,71664.5335083008
2026-07-17 14:00:01,gpu45,1,1,32.0,1457.0,0.0,64.9022,38.5068,213014.42767333984,71664.5335083008
2026-07-17 14:00:01,gpu45,1,2,31.0,1452.8,0.0,64.9022,38.5068,213014.42767333984,71664.5335083008
2026-07-17 14:00:01,gpu45,1,3,28.0,1454.17,0.0,64.9022,38.5068,213014.42767333984,71664.5335083008
2026-07-17 14:00:01,gpu45,1,4,30.0,1458.25,0.0,64.9022,38.5068,213014.42767333984,71664.5335083008
2026-07-17 14:00:01,gpu45,1,5,30.0,1456.02,0.0,64.9022,38.5068,213014.42767333984,71664.5335083008
2026-07-17 14:00:01,gpu45,1,6,30.0,1452.63,0.0,64.9022,38.5068,213014.42767333984,71664.5335083008
2026-07-17 14:00:01,gpu45,1,7,28.0,1455.62,0.0,64.9022,38.5068,213014.42767333984,71664.5335083008
2026-07-17 14:00:01,gpu45,1,8,28.0,1451.58,0.0,64.9022,38.5068,213014.42767333984,71664.5335083008
2026-07-17 14:00:01,gpu45,1,9,28.0,1453.57,0.0,64.9022,38.5068,213014.42767333984,71664.5335083008
2026-07-17 14:00:01,gpu45,1,10,29.0,1452.3,0.0,64.9022,38.5068,213014.42767333984,71664.5335083008
2026-07-17 14:00:01,gpu45,1,11,30.0,1452.7,0.0,64.9022,38.5068,213014.42767333984,71664.5335083008
2026-07-17 14:00:01,gpu45,1,12,30.0,1450.62,0.0,64.9022,38.5068,213014.42767333984,71664.5335083008
2026-07-17 14:00:01,gpu45,1,13,28.0,1453.93,0.0,64.9022,38.5068,213014.42767333984,71664.5335083008
2026-07-17 14:00:01,gpu45,1,14,30.0,1452.79,0.0,64.9022,38.5068,213014.42767333984,71664.5335083008
2026-07-17 14:00:01,gpu45,1,15,31.0,1453.52,0.0,64.9022,38.5068,213014.42767333984,71664.5335083008
2026-07-17 14:00:01,gpu45,1,16,30.0,1453.45,0.0,64.9022,38.5068,213014.42767333984,71664.5335083008
2026-07-17 14:00:01,gpu45,1,17,27.0,1453.41,0.0,64.9022,38.5068,213014.42767333984,71664.5335083008
2026-07-17 14:00:01,gpu45,1,18,30.0,1454.97,0.0,64.9022,38.5068,213014.42767333984,71664.5335083008
2026-07-17 14:00:01,gpu45,1,19,27.0,1454.07,0.0,64.9022,38.5068,213014.42767333984,71664.5335083008
2026-07-17 14:00:01,gpu45,1,20,28.0,1453.26,0.0,64.9022,38.5068,213014.42767333984,71664.5335083008
2026-07-17 14:00:01,gpu45,1,21,29.0,1454.5,0.0,64.9022,38.5068,213014.42767333984,71664.5335083008
2026-07-17 14:00:01,gpu45,1,22,30.0,1451.36,0.0,64.9022,38.5068,213014.42767333984,71664.5335083008
2026-07-17 14:00:01,gpu45,1,23,30.0,1453.31,0.0,64.9022,38.5068,213014.42767333984,71664.5335083008
2026-07-17 14:05:01,cn21,0,0,25.0,1707.43,0.04,35.0454,29.8424,5040.06201171875,249964.04174804688
2026-07-17 14:05:01,cn21,0,1,27.0,1765.32,0.0,35.0454,29.8424,5040.06201171875,249964.04174804688
2026-07-17 14:05:01,cn21,0,2,27.0,1777.44,0.0,35.0454,29.8424,5040.06201171875,249964.04174804688
2026-07-17 14:05:01,cn21,0,3,23.0,1774.37,0.0,35.0454,29.8424,5040.06201171875,249964.04174804688
2026-07-17 14:05:01,cn21,0,4,25.0,1741.71,0.0,35.0454,29.8424,5040.06201171875,249964.04174804688
2026-07-17 14:05:01,cn21,0,5,26.0,1743.32,0.0,35.0454,29.8424,5040.06201171875,249964.04174804688
2026-07-17 14:05:01,cn21,0,6,27.0,1734.1,0.0,35.0454,29.8424,5040.06201171875,249964.04174804688
2026-07-17 14:05:01,cn21,0,7,23.0,1736.44,0.0,35.0454,29.8424,5040.06201171875,249964.04174804688
2026-07-17 14:05:01,cn21,0,8,28.0,1693.08,0.0,35.0454,29.8424,5040.06201171875,249964.04174804688
2026-07-17 14:05:01,cn21,0,9,28.0,1693.93,0.0,35.0454,29.8424,5040.06201171875,249964.04174804688
2026-07-17 14:05:01,cn21,0,10,29.0,1602.97,0.99,35.0454,29.8424,5040.06201171875,249964.04174804688
2026-07-17 14:05:01,cn21,0,11,29.0,1705.79,0.0,35.0454,29.8424,5040.06201171875,249964.04174804688
2026-07-17 14:05:01,cn21,0,12,26.0,1674.71,0.0,35.0454,29.8424,5040.06201171875,249964.04174804688
2026-07-17 14:05:01,cn21,0,13,24.0,1646.05,0.0,35.0454,29.8424,5040.06201171875,249964.04174804688
2026-07-17 14:05:01,cn21,0,14,25.0,1628.43,0.0,35.0454,29.8424,5040.06201171875,249964.04174804688
2026-07-17 14:05:01,cn21,0,15,27.0,1656.13,0.0,35.0454,29.8424,5040.06201171875,249964.04174804688
2026-07-17 14:05:01,cn21,0,16,27.0,1641.84,0.0,35.0454,29.8424,5040.06201171875,249964.04174804688
2026-07-17 14:05:01,cn21,0,17,25.0,1646.82,0.0,35.0454,29.8424,5040.06201171875,249964.04174804688
2026-07-17 14:05:01,cn21,0,18,28.0,1458.97,0.0,35.0454,29.8424,5040.06201171875,249964.04174804688
2026-07-17 14:05:01,cn21,0,19,22.0,1627.35,0.0,35.0454,29.8424,5040.06201171875,249964.04174804688
2026-07-17 14:05:01,cn21,0,20,25.0,1660.69,0.0,35.0454,29.8424,5040.06201171875,249964.04174804688
2026-07-17 14:05:01,cn21,0,21,26.0,1645.07,0.0,35.0454,29.8424,5040.06201171875,249964.04174804688
2026-07-17 14:05:01,cn21,0,22,27.0,1643.19,0.0,35.0454,29.8424,5040.06201171875,249964.04174804688
2026-07-17 14:05:01,cn21,0,23,26.0,1630.14,0.0,35.0454,29.8424,5040.06201171875,249964.04174804688
2026-07-17 14:05:01,cn21,1,0,33.0,1555.5,0.0,39.3859,49.934,197137.596496582,189235.2730102539
2026-07-17 14:05:01,cn21,1,1,30.0,1620.22,0.0,39.3859,49.934,197137.596496582,189235.2730102539
2026-07-17 14:05:01,cn21,1,2,28.0,1624.94,0.0,39.3859,49.934,197137.596496582,189235.2730102539
2026-07-17 14:05:01,cn21,1,3,27.0,1637.61,0.0,39.3859,49.934,197137.596496582,189235.2730102539
2026-07-17 14:05:01,cn21,1,4,26.0,1620.98,0.0,39.3859,49.934,197137.596496582,189235.2730102539
2026-07-17 14:05:01,cn21,1,5,27.0,1580.67,0.0,39.3859,49.934,197137.596496582,189235.2730102539
2026-07-17 14:05:01,cn21,1,6,28.0,1647.77,0.0,39.3859,49.934,197137.596496582,189235.2730102539
2026-07-17 14:05:01,cn21,1,7,26.0,1633.05,0.99,39.3859,49.934,197137.596496582,189235.2730102539
2026-07-17 14:05:01,cn21,1,8,27.0,1549.84,0.0,39.3859,49.934,197137.596496582,189235.2730102539
2026-07-17 14:05:01,cn21,1,9,27.0,1515.42,0.0,39.3859,49.934,197137.596496582,189235.2730102539
2026-07-17 14:05:01,cn21,1,10,28.0,1579.93,0.0,39.3859,49.934,197137.596496582,189235.2730102539
2026-07-17 14:05:01,cn21,1,11,29.0,1544.47,0.0,39.3859,49.934,197137.596496582,189235.2730102539
2026-07-17 14:05:01,cn21,1,12,30.0,1395.21,0.0,39.3859,49.934,197137.596496582,189235.2730102539
2026-07-17 14:05:01,cn21,1,13,28.0,1381.73,0.0,39.3859,49.934,197137.596496582,189235.2730102539
2026-07-17 14:05:01,cn21,1,14,27.0,1552.89,0.0,39.3859,49.934,197137.596496582,189235.2730102539
2026-07-17 14:05:01,cn21,1,15,28.0,1475.57,0.0,39.3859,49.934,197137.596496582,189235.2730102539
2026-07-17 14:05:01,cn21,1,16,29.0,1559.68,0.0,39.3859,49.934,197137.596496582,189235.2730102539
2026-07-17 14:05:01,cn21,1,17,29.0,1542.82,0.0,39.3859,49.934,197137.596496582,189235.2730102539
2026-07-17 14:05:01,cn21,1,18,27.0,1446.22,0.0,39.3859,49.934,197137.596496582,189235.2730102539
2026-07-17 14:05:01,cn21,1,19,28.0,1453.79,0.0,39.3859,49.934,197137.596496582,189235.2730102539
2026-07-17 14:05:01,cn21,1,20,31.0,1284.56,0.0,39.3859,49.934,197137.596496582,189235.2730102539
2026-07-17 14:05:01,cn21,1,21,29.0,1346.89,0.0,39.3859,49.934,197137.596496582,189235.2730102539
2026-07-17 14:05:01,cn21,1,22,30.0,1344.22,0.0,39.3859,49.934,197137.596496582,189235.2730102539
2026-07-17 14:05:01,cn21,1,23,28.0,1457.85,0.0,39.3859,49.934,197137.596496582,189235.2730102539
2026-07-17 14:05:01,gpu45,0,0,30.0,1431.36,0.02,53.3789,43.8774,97936.1432495117,163606.857421875
2026-07-17 14:05:01,gpu45,0,1,28.0,1431.95,0.0,53.3789,43.8774,97936.1432495117,163606.857421875
2026-07-17 14:05:01,gpu45,0,2,29.0,1428.3,0.0,53.3789,43.8774,97936.1432495117,163606.857421875
2026-07-17 14:05:01,gpu45,0,3,26.0,1423.56,0.0,53.3789,43.8774,97936.1432495117,163606.857421875
2026-07-17 14:05:01,gpu45,0,4,26.0,1419.01,0.0,53.3789,43.8774,97936.1432495117,163606.857421875
2026-07-17 14:05:01,gpu45,0,5,27.0,1417.43,0.0,53.3789,43.8774,97936.1432495117,163606.857421875
2026-07-17 14:05:01,gpu45,0,6,28.0,1417.57,0.0,53.3789,43.8774,97936.1432495117,163606.857421875
2026-07-17 14:05:01,gpu45,0,7,26.0,1421.74,0.0,53.3789,43.8774,97936.1432495117,163606.857421875
2026-07-17 14:05:01,gpu45,0,8,26.0,1415.44,0.0,53.3789,43.8774,97936.1432495117,163606.857421875
2026-07-17 14:05:01,gpu45,0,9,27.0,1419.91,0.0,53.3789,43.8774,97936.1432495117,163606.857421875
2026-07-17 14:05:01,gpu45,0,10,29.0,1415.39,0.0,53.3789,43.8774,97936.1432495117,163606.857421875
2026-07-17 14:05:01,gpu45,0,11,28.0,1417.21,0.0,53.3789,43.8774,97936.1432495117,163606.857421875
2026-07-17 14:05:01,gpu45,0,12,26.0,1418.41,1.0,53.3789,43.8774,97936.1432495117,163606.857421875
2026-07-17 14:05:01,gpu45,0,13,26.0,1412.61,0.0,53.3789,43.8774,97936.1432495117,163606.857421875
2026-07-17 14:05:01,gpu45,0,14,26.0,1417.38,0.0,53.3789,43.8774,97936.1432495117,163606.857421875
2026-07-17 14:05:01,gpu45,0,15,28.0,1417.45,0.0,53.3789,43.8774,97936.1432495117,163606.857421875
2026-07-17 14:05:01,gpu45,0,16,27.0,1417.71,0.0,53.3789,43.8774,97936.1432495117,163606.857421875
2026-07-17 14:05:01,gpu45,0,17,28.0,1416.97,0.0,53.3789,43.8774,97936.1432495117,163606.857421875
2026-07-17 14:05:01,gpu45,0,18,28.0,1418.38,0.0,53.3789,43.8774,97936.1432495117,163606.857421875
2026-07-17 14:05:01,gpu45,0,19,25.0,1416.97,0.0,53.3789,43.8774,97936.1432495117,163606.857421875
2026-07-17 14:05:01,gpu45,0,20,26.0,1422.54,0.0,53.3789,43.8774,97936.1432495117,163606.857421875
2026-07-17 14:05:01,gpu45,0,21,26.0,1419.52,0.0,53.3789,43.8774,97936.1432495117,163606.857421875
2026-07-17 14:05:01,gpu45,0,22,28.0,1416.03,0.0,53.3789,43.8774,97936.1432495117,163606.857421875
2026-07-17 14:05:01,gpu45,0,23,30.0,1418.74,0.0,53.3789,43.8774,97936.1432495117,163606.857421875
2026-07-17 14:05:01,gpu45,1,0,32.0,1452.86,0.0,64.8136,38.7175,228554.59631347656,82578.66162109375
2026-07-17 14:05:01,gpu45,1,1,32.0,1457.0,0.0,64.8136,38.7175,228554.59631347656,82578.66162109375
2026-07-17 14:05:01,gpu45,1,2,32.0,1452.79,0.0,64.8136,38.7175,228554.59631347656,82578.66162109375
2026-07-17 14:05:01,gpu45,1,3,28.0,1454.17,0.0,64.8136,38.7175,228554.59631347656,82578.66162109375
2026-07-17 14:05:01,gpu45,1,4,30.0,1458.25,0.0,64.8136,38.7175,228554.59631347656,82578.66162109375
2026-07-17 14:05:01,gpu45,1,5,30.0,1456.02,0.0,64.8136,38.7175,228554.59631347656,82578.66162109375
2026-07-17 14:05:01,gpu45,1,6,30.0,1452.63,0.0,64.8136,38.7175,228554.59631347656,82578.66162109375
2026-07-17 14:05:01,gpu45,1,7,28.0,1455.62,0.0,64.8136,38.7175,228554.59631347656,82578.66162109375
2026-07-17 14:05:01,gpu45,1,8,29.0,1451.58,0.0,64.8136,38.7175,228554.59631347656,82578.66162109375
2026-07-17 14:05:01,gpu45,1,9,28.0,1453.57,0.0,64.8136,38.7175,228554.59631347656,82578.66162109375
2026-07-17 14:05:01,gpu45,1,10,29.0,1452.3,0.0,64.8136,38.7175,228554.59631347656,82578.66162109375
2026-07-17 14:05:01,gpu45,1,11,30.0,1452.7,0.0,64.8136,38.7175,228554.59631347656,82578.66162109375
2026-07-17 14:05:01,gpu45,1,12,30.0,1450.62,0.0,64.8136,38.7175,228554.59631347656,82578.66162109375
2026-07-17 14:05:01,gpu45,1,13,28.0,1453.93,0.0,64.8136,38.7175,228554.59631347656,82578.66162109375
2026-07-17 14:05:01,gpu45,1,14,30.0,1452.79,0.0,64.8136,38.7175,228554.59631347656,82578.66162109375
2026-07-17 14:05:01,gpu45,1,15,31.0,1453.52,0.0,64.8136,38.7175,228554.59631347656,82578.66162109375
2026-07-17 14:05:01,gpu45,1,16,30.0,1453.45,0.0,64.8136,38.7175,228554.59631347656,82578.66162109375
2026-07-17 14:05:01,gpu45,1,17,27.0,1453.4,0.0,64.8136,38.7175,228554.59631347656,82578.66162109375
2026-07-17 14:05:01,gpu45,1,18,30.0,1454.97,0.0,64.8136,38.7175,228554.59631347656,82578.66162109375
2026-07-17 14:05:01,gpu45,1,19,27.0,1454.07,0.0,64.8136,38.7175,228554.59631347656,82578.66162109375
2026-07-17 14:05:01,gpu45,1,20,28.0,1453.26,0.0,64.8136,38.7175,228554.59631347656,82578.66162109375
2026-07-17 14:05:01,gpu45,1,21,29.0,1454.5,0.0,64.8136,38.7175,228554.59631347656,82578.66162109375
2026-07-17 14:05:01,gpu45,1,22,30.0,1451.36,0.0,64.8136,38.7175,228554.59631347656,82578.66162109375
2026-07-17 14:05:01,gpu45,1,23,31.0,1453.31,0.0,64.8136,38.7175,228554.59631347656,82578.66162109375
2026-07-17 14:10:01,cn21,0,0,25.0,1707.41,0.02,35.2268,29.521,9648.25653076172,255401.42895507812
2026-07-17 14:10:01,cn21,0,1,27.0,1765.32,0.0,35.2268,29.521,9648.25653076172,255401.42895507812
2026-07-17 14:10:01,cn21,0,2,26.0,1777.44,0.0,35.2268,29.521,9648.25653076172,255401.42895507812
2026-07-17 14:10:01,cn21,0,3,23.0,1774.37,0.0,35.2268,29.521,9648.25653076172,255401.42895507812
2026-07-17 14:10:01,cn21,0,4,24.0,1741.7,0.0,35.2268,29.521,9648.25653076172,255401.42895507812
2026-07-17 14:10:01,cn21,0,5,25.0,1743.32,0.0,35.2268,29.521,9648.25653076172,255401.42895507812
2026-07-17 14:10:01,cn21,0,6,26.0,1734.1,0.0,35.2268,29.521,9648.25653076172,255401.42895507812
2026-07-17 14:10:01,cn21,0,7,23.0,1736.44,0.0,35.2268,29.521,9648.25653076172,255401.42895507812
2026-07-17 14:10:01,cn21,0,8,28.0,1693.08,0.0,35.2268,29.521,9648.25653076172,255401.42895507812
2026-07-17 14:10:01,cn21,0,9,28.0,1693.93,0.0,35.2268,29.521,9648.25653076172,255401.42895507812
2026-07-17 14:10:01,cn21,0,10,28.0,1602.97,0.0,35.2268,29.521,9648.25653076172,255401.42895507812
2026-07-17 14:10:01,cn21,0,11,29.0,1705.79,0.0,35.2268,29.521,9648.25653076172,255401.42895507812
2026-07-17 14:10:01,cn21,0,12,25.0,1674.71,0.0,35.2268,29.521,9648.25653076172,255401.42895507812
2026-07-17 14:10:01,cn21,0,13,24.0,1646.05,0.0,35.2268,29.521,9648.25653076172,255401.42895507812
2026-07-17 14:10:01,cn21,0,14,25.0,1628.43,0.0,35.2268,29.521,9648.25653076172,255401.42895507812
2026-07-17 14:10:01,cn21,0,15,27.0,1656.13,0.0,35.2268,29.521,9648.25653076172,255401.42895507812
2026-07-17 14:10:01,cn21,0,16,26.0,1641.82,0.0,35.2268,29.521,9648.25653076172,255401.42895507812
2026-07-17 14:10:01,cn21,0,17,25.0,1646.82,0.0,35.2268,29.521,9648.25653076172,255401.42895507812
2026-07-17 14:10:01,cn21,0,18,28.0,1458.9,0.0,35.2268,29.521,9648.25653076172,255401.42895507812
2026-07-17 14:10:01,cn21,0,19,23.0,1627.35,0.99,35.2268,29.521,9648.25653076172,255401.42895507812
2026-07-17 14:10:01,cn21,0,20,24.0,1660.69,0.0,35.2268,29.521,9648.25653076172,255401.42895507812
2026-07-17 14:10:01,cn21,0,21,26.0,1645.07,0.0,35.2268,29.521,9648.25653076172,255401.42895507812
2026-07-17 14:10:01,cn21,0,22,27.0,1643.19,0.0,35.2268,29.521,9648.25653076172,255401.42895507812
2026-07-17 14:10:01,cn21,0,23,26.0,1630.14,0.0,35.2268,29.521,9648.25653076172,255401.42895507812
2026-07-17 14:10:01,cn21,1,0,33.0,1555.49,0.0,40.133,50.2674,201040.55334472656,198772.55084228516
2026-07-17 14:10:01,cn21,1,1,29.0,1620.22,0.0,40.133,50.2674,201040.55334472656,198772.55084228516
2026-07-17 14:10:01,cn21,1,2,27.0,1624.96,0.0,40.133,50.2674,201040.55334472656,198772.55084228516
2026-07-17 14:10:01,cn21,1,3,25.0,1637.71,0.0,40.133,50.2674,201040.55334472656,198772.55084228516
2026-07-17 14:10:01,cn21,1,4,25.0,1620.97,0.0,40.133,50.2674,201040.55334472656,198772.55084228516
2026-07-17 14:10:01,cn21,1,5,27.0,1580.67,0.0,40.133,50.2674,201040.55334472656,198772.55084228516
2026-07-17 14:10:01,cn21,1,6,28.0,1647.59,0.0,40.133,50.2674,201040.55334472656,198772.55084228516
2026-07-17 14:10:01,cn21,1,7,25.0,1633.05,0.0,40.133,50.2674,201040.55334472656,198772.55084228516
2026-07-17 14:10:01,cn21,1,8,26.0,1549.83,0.0,40.133,50.2674,201040.55334472656,198772.55084228516
2026-07-17 14:10:01,cn21,1,9,26.0,1515.42,0.0,40.133,50.2674,201040.55334472656,198772.55084228516
2026-07-17 14:10:01,cn21,1,10,28.0,1579.92,0.0,40.133,50.2674,201040.55334472656,198772.55084228516
2026-07-17 14:10:01,cn21,1,11,30.0,1544.45,0.0,40.133,50.2674,201040.55334472656,198772.55084228516
2026-07-17 14:10:01,cn21,1,12,30.0,1395.21,0.0,40.133,50.2674,201040.55334472656,198772.55084228516
2026-07-17 14:10:01,cn21,1,13,28.0,1381.73,0.0,40.133,50.2674,201040.55334472656,198772.55084228516
2026-07-17 14:10:01,cn21,1,14,26.0,1552.88,0.0,40.133,50.2674,201040.55334472656,198772.55084228516
2026-07-17 14:10:01,cn21,1,15,28.0,1475.56,0.0,40.133,50.2674,201040.55334472656,198772.55084228516
2026-07-17 14:10:01,cn21,1,16,28.0,1559.68,0.0,40.133,50.2674,201040.55334472656,198772.55084228516
2026-07-17 14:10:01,cn21,1,17,29.0,1542.53,0.0,40.133,50.2674,201040.55334472656,198772.55084228516
2026-07-17 14:10:01,cn21,1,18,27.0,1446.22,0.0,40.133,50.2674,201040.55334472656,198772.55084228516
2026-07-17 14:10:01,cn21,1,19,26.0,1455.0,0.0,40.133,50.2674,201040.55334472656,198772.55084228516
2026-07-17 14:10:01,cn21,1,20,27.0,1286.11,0.0,40.133,50.2674,201040.55334472656,198772.55084228516
2026-07-17 14:10:01,cn21,1,21,28.0,1347.81,0.0,40.133,50.2674,201040.55334472656,198772.55084228516
2026-07-17 14:10:01,cn21,1,22,31.0,1344.79,0.0,40.133,50.2674,201040.55334472656,198772.55084228516
2026-07-17 14:10:01,cn21,1,23,29.0,1457.76,0.0,40.133,50.2674,201040.55334472656,198772.55084228516
2026-07-17 14:10:01,gpu45,0,0,30.0,1431.36,0.04,53.5411,43.4839,113962.47143554688,176546.0234375
2026-07-17 14:10:01,gpu45,0,1,28.0,1431.94,0.0,53.5411,43.4839,113962.47143554688,176546.0234375
2026-07-17 14:10:01,gpu45,0,2,29.0,1428.3,0.0,53.5411,43.4839,113962.47143554688,176546.0234375
2026-07-17 14:10:01,gpu45,0,3,26.0,1423.56,0.0,53.5411,43.4839,113962.47143554688,176546.0234375
2026-07-17 14:10:01,gpu45,0,4,26.0,1419.01,0.0,53.5411,43.4839,113962.47143554688,176546.0234375
2026-07-17 14:10:01,gpu45,0,5,27.0,1417.43,0.0,53.5411,43.4839,113962.47143554688,176546.0234375
2026-07-17 14:10:01,gpu45,0,6,28.0,1417.57,0.0,53.5411,43.4839,113962.47143554688,176546.0234375
2026-07-17 14:10:01,gpu45,0,7,26.0,1421.74,0.0,53.5411,43.4839,113962.47143554688,176546.0234375
2026-07-17 14:10:01,gpu45,0,8,27.0,1415.43,0.0,53.5411,43.4839,113962.47143554688,176546.0234375
2026-07-17 14:10:01,gpu45,0,9,27.0,1419.91,0.0,53.5411,43.4839,113962.47143554688,176546.0234375
2026-07-17 14:10:01,gpu45,0,10,29.0,1415.39,0.0,53.5411,43.4839,113962.47143554688,176546.0234375
2026-07-17 14:10:01,gpu45,0,11,28.0,1417.21,0.0,53.5411,43.4839,113962.47143554688,176546.0234375
2026-07-17 14:10:01,gpu45,0,12,26.0,1418.41,0.0,53.5411,43.4839,113962.47143554688,176546.0234375
2026-07-17 14:10:01,gpu45,0,13,26.0,1412.61,0.0,53.5411,43.4839,113962.47143554688,176546.0234375
2026-07-17 14:10:01,gpu45,0,14,26.0,1417.37,0.0,53.5411,43.4839,113962.47143554688,176546.0234375
2026-07-17 14:10:01,gpu45,0,15,28.0,1417.44,0.0,53.5411,43.4839,113962.47143554688,176546.0234375
2026-07-17 14:10:01,gpu45,0,16,27.0,1417.71,0.0,53.5411,43.4839,113962.47143554688,176546.0234375
2026-07-17 14:10:01,gpu45,0,17,28.0,1416.97,0.0,53.5411,43.4839,113962.47143554688,176546.0234375
2026-07-17 14:10:01,gpu45,0,18,28.0,1418.37,0.0,53.5411,43.4839,113962.47143554688,176546.0234375
2026-07-17 14:10:01,gpu45,0,19,25.0,1416.97,0.0,53.5411,43.4839,113962.47143554688,176546.0234375
2026-07-17 14:10:01,gpu45,0,20,26.0,1422.54,0.0,53.5411,43.4839,113962.47143554688,176546.0234375
2026-07-17 14:10:01,gpu45,0,21,26.0,1419.51,0.0,53.5411,43.4839,113962.47143554688,176546.0234375
2026-07-17 14:10:01,gpu45,0,22,28.0,1416.03,0.0,53.5411,43.4839,113962.47143554688,176546.0234375
2026-07-17 14:10:01,gpu45,0,23,30.0,1418.74,0.0,53.5411,43.4839,113962.47143554688,176546.0234375
2026-07-17 14:10:01,gpu45,1,0,31.0,1452.86,0.0,64.6119,38.1448,244069.1060180664,93583.54553222656
2026-07-17 14:10:01,gpu45,1,1,32.0,1457.0,0.0,64.6119,38.1448,244069.1060180664,93583.54553222656
2026-07-17 14:10:01,gpu45,1,2,31.0,1452.79,0.0,64.6119,38.1448,244069.1060180664,93583.54553222656
2026-07-17 14:10:01,gpu45,1,3,29.0,1454.16,0.0,64.6119,38.1448,244069.1060180664,93583.54553222656
2026-07-17 14:10:01,gpu45,1,4,30.0,1458.25,0.0,64.6119,38.1448,244069.1060180664,93583.54553222656
2026-07-17 14:10:01,gpu45,1,5,29.0,1456.02,0.0,64.6119,38.1448,244069.1060180664,93583.54553222656
2026-07-17 14:10:01,gpu45,1,6,30.0,1452.63,0.99,64.6119,38.1448,244069.1060180664,93583.54553222656
2026-07-17 14:10:01,gpu45,1,7,28.0,1455.62,0.0,64.6119,38.1448,244069.1060180664,93583.54553222656
2026-07-17 14:10:01,gpu45,1,8,28.0,1451.58,0.0,64.6119,38.1448,244069.1060180664,93583.54553222656
2026-07-17 14:10:01,gpu45,1,9,28.0,1453.57,0.0,64.6119,38.1448,244069.1060180664,93583.54553222656
2026-07-17 14:10:01,gpu45,1,10,29.0,1452.29,0.0,64.6119,38.1448,244069.1060180664,93583.54553222656
2026-07-17 14:10:01,gpu45,1,11,30.0,1452.7,0.0,64.6119,38.1448,244069.1060180664,93583.54553222656
2026-07-17 14:10:01,gpu45,1,12,30.0,1450.62,0.0,64.6119,38.1448,244069.1060180664,93583.54553222656
2026-07-17 14:10:01,gpu45,1,13,28.0,1453.92,0.0,64.6119,38.1448,244069.1060180664,93583.54553222656
2026-07-17 14:10:01,gpu45,1,14,30.0,1452.78,0.0,64.6119,38.1448,244069.1060180664,93583.54553222656
2026-07-17 14:10:01,gpu45,1,15,31.0,1453.52,0.0,64.6119,38.1448,244069.1060180664,93583.54553222656
2026-07-17 14:10:01,gpu45,1,16,30.0,1453.45,0.0,64.6119,38.1448,244069.1060180664,93583.54553222656
2026-07-17 14:10:01,gpu45,1,17,28.0,1453.4,0.0,64.6119,38.1448,244069.1060180664,93583.54553222656
2026-07-17 14:10:01,gpu45,1,18,30.0,1454.97,0.0,64.6119,38.1448,244069.1060180664,93583.54553222656
2026-07-17 14:10:01,gpu45,1,19,27.0,1454.07,0.0,64.6119,38.1448,244069.1060180664,93583.54553222656
2026-07-17 14:10:01,gpu45,1,20,28.0,1453.26,0.0,64.6119,38.1448,244069.1060180664,93583.54553222656
2026-07-17 14:10:01,gpu45,1,21,29.0,1454.49,0.99,64.6119,38.1448,244069.1060180664,93583.54553222656
2026-07-17 14:10:01,gpu45,1,22,30.0,1451.35,0.0,64.6119,38.1448,244069.1060180664,93583.54553222656
2026-07-17 14:10:01,gpu45,1,23,31.0,1453.31,0.0,64.6119,38.1448,244069.1060180664,93583.54553222656
2026-07-17 14:15:01,gpu45,0,0,29.0,1431.36,0.0,53.3327,43.7396,129997.0678100586,189412.2596435547
2026-07-17 14:15:01,gpu45,0,1,28.0,1431.94,0.0,53.3327,43.7396,129997.0678100586,189412.2596435547
2026-07-17 14:15:01,gpu45,0,2,29.0,1428.3,0.0,53.3327,43.7396,129997.0678100586,189412.2596435547
2026-07-17 14:15:01,gpu45,0,3,26.0,1423.56,0.0,53.3327,43.7396,129997.0678100586,189412.2596435547
2026-07-17 14:15:01,gpu45,0,4,25.0,1419.01,0.0,53.3327,43.7396,129997.0678100586,189412.2596435547
2026-07-17 14:15:01,gpu45,0,5,27.0,1417.43,0.0,53.3327,43.7396,129997.0678100586,189412.2596435547
2026-07-17 14:15:01,gpu45,0,6,27.0,1417.57,0.0,53.3327,43.7396,129997.0678100586,189412.2596435547
2026-07-17 14:15:01,gpu45,0,7,25.0,1421.73,0.0,53.3327,43.7396,129997.0678100586,189412.2596435547
2026-07-17 14:15:01,gpu45,0,8,26.0,1415.43,0.0,53.3327,43.7396,129997.0678100586,189412.2596435547
2026-07-17 14:15:01,gpu45,0,9,26.0,1419.91,0.0,53.3327,43.7396,129997.0678100586,189412.2596435547
2026-07-17 14:15:01,gpu45,0,10,28.0,1415.39,0.0,53.3327,43.7396,129997.0678100586,189412.2596435547
2026-07-17 14:15:01,gpu45,0,11,28.0,1417.2,0.0,53.3327,43.7396,129997.0678100586,189412.2596435547
2026-07-17 14:15:01,gpu45,0,12,26.0,1418.41,0.0,53.3327,43.7396,129997.0678100586,189412.2596435547
2026-07-17 14:15:01,gpu45,0,13,26.0,1412.61,0.0,53.3327,43.7396,129997.0678100586,189412.2596435547
2026-07-17 14:15:01,gpu45,0,14,26.0,1417.37,0.0,53.3327,43.7396,129997.0678100586,189412.2596435547
2026-07-17 14:15:01,gpu45,0,15,27.0,1417.44,0.0,53.3327,43.7396,129997.0678100586,189412.2596435547
2026-07-17 14:15:01,gpu45,0,16,26.0,1417.71,0.0,53.3327,43.7396,129997.0678100586,189412.2596435547
2026-07-17 14:15:01,gpu45,0,17,27.0,1416.96,0.0,53.3327,43.7396,129997.0678100586,189412.2596435547
2026-07-17 14:15:01,gpu45,0,18,28.0,1418.37,0.0,53.3327,43.7396,129997.0678100586,189412.2596435547
2026-07-17 14:15:01,gpu45,0,19,24.0,1416.97,0.0,53.3327,43.7396,129997.0678100586,189412.2596435547
2026-07-17 14:15:01,gpu45,0,20,25.0,1422.54,0.0,53.3327,43.7396,129997.0678100586,189412.2596435547
2026-07-17 14:15:01,gpu45,0,21,25.0,1419.51,0.0,53.3327,43.7396,129997.0678100586,189412.2596435547
2026-07-17 14:15:01,gpu45,0,22,27.0,1416.02,0.0,53.3327,43.7396,129997.0678100586,189412.2596435547
2026-07-17 14:15:01,gpu45,0,23,29.0,1418.74,0.0,53.3327,43.7396,129997.0678100586,189412.2596435547
2026-07-17 14:15:01,gpu45,1,0,31.0,1452.86,0.0,64.5869,38.6735,259542.94500732422,104551.90130615234
2026-07-17 14:15:01,gpu45,1,1,32.0,1457.0,0.0,64.5869,38.6735,259542.94500732422,104551.90130615234
2026-07-17 14:15:01,gpu45,1,2,31.0,1452.79,0.0,64.5869,38.6735,259542.94500732422,104551.90130615234
2026-07-17 14:15:01,gpu45,1,3,27.0,1454.16,0.0,64.5869,38.6735,259542.94500732422,104551.90130615234
2026-07-17 14:15:01,gpu45,1,4,29.0,1458.25,0.0,64.5869,38.6735,259542.94500732422,104551.90130615234
2026-07-17 14:15:01,gpu45,1,5,30.0,1456.02,0.0,64.5869,38.6735,259542.94500732422,104551.90130615234
2026-07-17 14:15:01,gpu45,1,6,30.0,1452.62,0.0,64.5869,38.6735,259542.94500732422,104551.90130615234
2026-07-17 14:15:01,gpu45,1,7,28.0,1455.61,0.0,64.5869,38.6735,259542.94500732422,104551.90130615234
2026-07-17 14:15:01,gpu45,1,8,28.0,1451.58,0.0,64.5869,38.6735,259542.94500732422,104551.90130615234
2026-07-17 14:15:01,gpu45,1,9,28.0,1453.57,0.0,64.5869,38.6735,259542.94500732422,104551.90130615234
2026-07-17 14:15:01,gpu45,1,10,29.0,1452.29,0.0,64.5869,38.6735,259542.94500732422,104551.90130615234
2026-07-17 14:15:01,gpu45,1,11,30.0,1452.69,0.0,64.5869,38.6735,259542.94500732422,104551.90130615234
2026-07-17 14:15:01,gpu45,1,12,29.0,1450.62,0.0,64.5869,38.6735,259542.94500732422,104551.90130615234
2026-07-17 14:15:01,gpu45,1,13,28.0,1453.92,0.0,64.5869,38.6735,259542.94500732422,104551.90130615234
2026-07-17 14:15:01,gpu45,1,14,30.0,1452.78,0.0,64.5869,38.6735,259542.94500732422,104551.90130615234
2026-07-17 14:15:01,gpu45,1,15,31.0,1453.51,0.0,64.5869,38.6735,259542.94500732422,104551.90130615234
2026-07-17 14:15:01,gpu45,1,16,30.0,1453.44,0.0,64.5869,38.6735,259542.94500732422,104551.90130615234
2026-07-17 14:15:01,gpu45,1,17,27.0,1453.4,0.0,64.5869,38.6735,259542.94500732422,104551.90130615234
2026-07-17 14:15:01,gpu45,1,18,30.0,1454.96,0.0,64.5869,38.6735,259542.94500732422,104551.90130615234
2026-07-17 14:15:01,gpu45,1,19,26.0,1454.07,0.0,64.5869,38.6735,259542.94500732422,104551.90130615234
2026-07-17 14:15:01,gpu45,1,20,27.0,1453.26,0.0,64.5869,38.6735,259542.94500732422,104551.90130615234
2026-07-17 14:15:01,gpu45,1,21,29.0,1454.49,0.0,64.5869,38.6735,259542.94500732422,104551.90130615234
2026-07-17 14:15:01,gpu45,1,22,29.0,1451.35,0.0,64.5869,38.6735,259542.94500732422,104551.90130615234
2026-07-17 14:15:01,gpu45,1,23,30.0,1453.31,0.0,64.5869,38.6735,259542.94500732422,104551.90130615234
2026-07-17 14:15:02,cn21,0,0,25.0,1707.4,0.02,35.3359,30.2912,14290.943420410156,260886.16900634766
2026-07-17 14:15:02,cn21,0,1,27.0,1765.31,0.0,35.3359,30.2912,14290.943420410156,260886.16900634766
2026-07-17 14:15:02,cn21,0,2,27.0,1777.44,0.0,35.3359,30.2912,14290.943420410156,260886.16900634766
2026-07-17 14:15:02,cn21,0,3,23.0,1774.36,0.0,35.3359,30.2912,14290.943420410156,260886.16900634766
2026-07-17 14:15:02,cn21,0,4,24.0,1741.7,0.0,35.3359,30.2912,14290.943420410156,260886.16900634766
2026-07-17 14:15:02,cn21,0,5,25.0,1743.32,0.0,35.3359,30.2912,14290.943420410156,260886.16900634766
2026-07-17 14:15:02,cn21,0,6,26.0,1734.1,0.0,35.3359,30.2912,14290.943420410156,260886.16900634766
2026-07-17 14:15:02,cn21,0,7,23.0,1736.44,0.0,35.3359,30.2912,14290.943420410156,260886.16900634766
2026-07-17 14:15:02,cn21,0,8,28.0,1693.07,0.0,35.3359,30.2912,14290.943420410156,260886.16900634766
2026-07-17 14:15:02,cn21,0,9,28.0,1693.93,0.0,35.3359,30.2912,14290.943420410156,260886.16900634766
2026-07-17 14:15:02,cn21,0,10,28.0,1602.96,0.0,35.3359,30.2912,14290.943420410156,260886.16900634766
2026-07-17 14:15:02,cn21,0,11,29.0,1705.79,0.0,35.3359,30.2912,14290.943420410156,260886.16900634766
2026-07-17 14:15:02,cn21,0,12,25.0,1674.71,0.0,35.3359,30.2912,14290.943420410156,260886.16900634766
2026-07-17 14:15:02,cn21,0,13,24.0,1646.04,0.0,35.3359,30.2912,14290.943420410156,260886.16900634766
2026-07-17 14:15:02,cn21,0,14,25.0,1628.43,0.0,35.3359,30.2912,14290.943420410156,260886.16900634766
2026-07-17 14:15:02,cn21,0,15,27.0,1656.12,0.0,35.3359,30.2912,14290.943420410156,260886.16900634766
2026-07-17 14:15:02,cn21,0,16,27.0,1641.8,0.0,35.3359,30.2912,14290.943420410156,260886.16900634766
2026-07-17 14:15:02,cn21,0,17,25.0,1646.81,0.0,35.3359,30.2912,14290.943420410156,260886.16900634766
2026-07-17 14:15:02,cn21,0,18,28.0,1458.83,0.0,35.3359,30.2912,14290.943420410156,260886.16900634766
2026-07-17 14:15:02,cn21,0,19,23.0,1627.34,0.0,35.3359,30.2912,14290.943420410156,260886.16900634766
2026-07-17 14:15:02,cn21,0,20,24.0,1660.69,0.0,35.3359,30.2912,14290.943420410156,260886.16900634766
2026-07-17 14:15:02,cn21,0,21,26.0,1645.06,0.0,35.3359,30.2912,14290.943420410156,260886.16900634766
2026-07-17 14:15:02,cn21,0,22,27.0,1643.19,0.0,35.3359,30.2912,14290.943420410156,260886.16900634766
2026-07-17 14:15:02,cn21,0,23,26.0,1630.14,0.0,35.3359,30.2912,14290.943420410156,260886.16900634766
2026-07-17 14:15:02,cn21,1,0,33.0,1555.49,0.0,39.8437,50.0101,204948.29345703125,208426.4210205078
2026-07-17 14:15:02,cn21,1,1,30.0,1620.2,0.0,39.8437,50.0101,204948.29345703125,208426.4210205078
2026-07-17 14:15:02,cn21,1,2,27.0,1624.95,0.0,39.8437,50.0101,204948.29345703125,208426.4210205078
2026-07-17 14:15:02,cn21,1,3,27.0,1637.71,0.0,39.8437,50.0101,204948.29345703125,208426.4210205078
2026-07-17 14:15:02,cn21,1,4,26.0,1620.97,0.0,39.8437,50.0101,204948.29345703125,208426.4210205078
2026-07-17 14:15:02,cn21,1,5,27.0,1580.67,0.0,39.8437,50.0101,204948.29345703125,208426.4210205078
2026-07-17 14:15:02,cn21,1,6,27.0,1647.4,0.0,39.8437,50.0101,204948.29345703125,208426.4210205078
2026-07-17 14:15:02,cn21,1,7,26.0,1633.05,0.99,39.8437,50.0101,204948.29345703125,208426.4210205078
2026-07-17 14:15:02,cn21,1,8,26.0,1549.83,0.0,39.8437,50.0101,204948.29345703125,208426.4210205078
2026-07-17 14:15:02,cn21,1,9,27.0,1515.42,0.0,39.8437,50.0101,204948.29345703125,208426.4210205078
2026-07-17 14:15:02,cn21,1,10,28.0,1579.92,0.0,39.8437,50.0101,204948.29345703125,208426.4210205078
2026-07-17 14:15:02,cn21,1,11,30.0,1544.44,0.0,39.8437,50.0101,204948.29345703125,208426.4210205078
2026-07-17 14:15:02,cn21,1,12,31.0,1395.21,0.0,39.8437,50.0101,204948.29345703125,208426.4210205078
2026-07-17 14:15:02,cn21,1,13,28.0,1381.72,0.0,39.8437,50.0101,204948.29345703125,208426.4210205078
2026-07-17 14:15:02,cn21,1,14,27.0,1552.87,0.0,39.8437,50.0101,204948.29345703125,208426.4210205078
2026-07-17 14:15:02,cn21,1,15,28.0,1475.56,0.0,39.8437,50.0101,204948.29345703125,208426.4210205078
2026-07-17 14:15:02,cn21,1,16,28.0,1559.68,0.0,39.8437,50.0101,204948.29345703125,208426.4210205078
2026-07-17 14:15:02,cn21,1,17,29.0,1542.24,0.0,39.8437,50.0101,204948.29345703125,208426.4210205078
2026-07-17 14:15:02,cn21,1,18,27.0,1446.49,0.0,39.8437,50.0101,204948.29345703125,208426.4210205078
2026-07-17 14:15:02,cn21,1,19,27.0,1455.65,0.0,39.8437,50.0101,204948.29345703125,208426.4210205078
2026-07-17 14:15:02,cn21,1,20,31.0,1288.37,0.0,39.8437,50.0101,204948.29345703125,208426.4210205078
2026-07-17 14:15:02,cn21,1,21,29.0,1349.18,0.0,39.8437,50.0101,204948.29345703125,208426.4210205078
2026-07-17 14:15:02,cn21,1,22,29.0,1344.79,0.0,39.8437,50.0101,204948.29345703125,208426.4210205078
2026-07-17 14:15:02,cn21,1,23,28.0,1457.67,0.0,39.8437,50.0101,204948.29345703125,208426.4210205078
2026-07-17 14:20:01,cn21,0,0,24.0,1707.39,0.02,34.8706,29.346,18925.18603515625,4192.350830078125
2026-07-17 14:20:01,cn21,0,1,26.0,1765.31,0.0,34.8706,29.346,18925.18603515625,4192.350830078125
2026-07-17 14:20:01,cn21,0,2,26.0,1777.44,0.0,34.8706,29.346,18925.18603515625,4192.350830078125
2026-07-17 14:20:01,cn21,0,3,22.0,1774.36,0.0,34.8706,29.346,18925.18603515625,4192.350830078125
2026-07-17 14:20:01,cn21,0,4,24.0,1741.7,0.0,34.8706,29.346,18925.18603515625,4192.350830078125
2026-07-17 14:20:01,cn21,0,5,25.0,1743.31,0.0,34.8706,29.346,18925.18603515625,4192.350830078125
2026-07-17 14:20:01,cn21,0,6,26.0,1734.1,0.0,34.8706,29.346,18925.18603515625,4192.350830078125
2026-07-17 14:20:01,cn21,0,7,23.0,1736.44,0.0,34.8706,29.346,18925.18603515625,4192.350830078125
2026-07-17 14:20:01,cn21,0,8,27.0,1693.06,0.0,34.8706,29.346,18925.18603515625,4192.350830078125
2026-07-17 14:20:01,cn21,0,9,27.0,1693.93,0.0,34.8706,29.346,18925.18603515625,4192.350830078125
2026-07-17 14:20:01,cn21,0,10,27.0,1602.96,0.0,34.8706,29.346,18925.18603515625,4192.350830078125
2026-07-17 14:20:01,cn21,0,11,29.0,1705.79,0.0,34.8706,29.346,18925.18603515625,4192.350830078125
2026-07-17 14:20:01,cn21,0,12,25.0,1674.71,0.0,34.8706,29.346,18925.18603515625,4192.350830078125
2026-07-17 14:20:01,cn21,0,13,22.0,1646.03,0.0,34.8706,29.346,18925.18603515625,4192.350830078125
2026-07-17 14:20:01,cn21,0,14,24.0,1628.43,0.0,34.8706,29.346,18925.18603515625,4192.350830078125
2026-07-17 14:20:01,cn21,0,15,26.0,1656.12,0.0,34.8706,29.346,18925.18603515625,4192.350830078125
2026-07-17 14:20:01,cn21,0,16,26.0,1641.79,0.0,34.8706,29.346,18925.18603515625,4192.350830078125
2026-07-17 14:20:01,cn21,0,17,24.0,1646.81,0.0,34.8706,29.346,18925.18603515625,4192.350830078125
2026-07-17 14:20:01,cn21,0,18,27.0,1458.77,0.0,34.8706,29.346,18925.18603515625,4192.350830078125
2026-07-17 14:20:01,cn21,0,19,22.0,1627.32,0.0,34.8706,29.346,18925.18603515625,4192.350830078125
2026-07-17 14:20:01,cn21,0,20,24.0,1660.68,0.0,34.8706,29.346,18925.18603515625,4192.350830078125
2026-07-17 14:20:01,cn21,0,21,25.0,1645.06,0.0,34.8706,29.346,18925.18603515625,4192.350830078125
2026-07-17 14:20:01,cn21,0,22,26.0,1643.19,0.0,34.8706,29.346,18925.18603515625,4192.350830078125
2026-07-17 14:20:01,cn21,0,23,25.0,1630.13,0.0,34.8706,29.346,18925.18603515625,4192.350830078125
2026-07-17 14:20:01,cn21,1,0,32.0,1555.51,0.0,39.2863,50.0222,208755.31427001953,217962.08392333984
2026-07-17 14:20:01,cn21,1,1,29.0,1620.18,0.0,39.2863,50.0222,208755.31427001953,217962.08392333984
2026-07-17 14:20:01,cn21,1,2,26.0,1624.94,0.0,39.2863,50.0222,208755.31427001953,217962.08392333984
2026-07-17 14:20:01,cn21,1,3,32.0,1637.82,0.0,39.2863,50.0222,208755.31427001953,217962.08392333984
2026-07-17 14:20:01,cn21,1,4,26.0,1620.97,0.0,39.2863,50.0222,208755.31427001953,217962.08392333984
2026-07-17 14:20:01,cn21,1,5,26.0,1580.67,0.0,39.2863,50.0222,208755.31427001953,217962.08392333984
2026-07-17 14:20:01,cn21,1,6,26.0,1647.27,0.0,39.2863,50.0222,208755.31427001953,217962.08392333984
2026-07-17 14:20:01,cn21,1,7,25.0,1633.05,0.0,39.2863,50.0222,208755.31427001953,217962.08392333984
2026-07-17 14:20:01,cn21,1,8,25.0,1549.83,0.0,39.2863,50.0222,208755.31427001953,217962.08392333984
2026-07-17 14:20:01,cn21,1,9,26.0,1515.41,0.0,39.2863,50.0222,208755.31427001953,217962.08392333984
2026-07-17 14:20:01,cn21,1,10,27.0,1580.11,0.0,39.2863,50.0222,208755.31427001953,217962.08392333984
2026-07-17 14:20:01,cn21,1,11,28.0,1544.33,0.0,39.2863,50.0222,208755.31427001953,217962.08392333984
2026-07-17 14:20:01,cn21,1,12,30.0,1395.21,0.99,39.2863,50.0222,208755.31427001953,217962.08392333984
2026-07-17 14:20:01,cn21,1,13,27.0,1381.72,0.0,39.2863,50.0222,208755.31427001953,217962.08392333984
2026-07-17 14:20:01,cn21,1,14,26.0,1552.87,0.0,39.2863,50.0222,208755.31427001953,217962.08392333984
2026-07-17 14:20:01,cn21,1,15,27.0,1475.55,0.0,39.2863,50.0222,208755.31427001953,217962.08392333984
2026-07-17 14:20:01,cn21,1,16,27.0,1559.68,0.0,39.2863,50.0222,208755.31427001953,217962.08392333984
2026-07-17 14:20:01,cn21,1,17,28.0,1541.94,0.0,39.2863,50.0222,208755.31427001953,217962.08392333984
2026-07-17 14:20:01,cn21,1,18,26.0,1447.98,0.0,39.2863,50.0222,208755.31427001953,217962.08392333984
2026-07-17 14:20:01,cn21,1,19,27.0,1455.65,0.0,39.2863,50.0222,208755.31427001953,217962.08392333984
2026-07-17 14:20:01,cn21,1,20,27.0,1289.89,0.0,39.2863,50.0222,208755.31427001953,217962.08392333984
2026-07-17 14:20:01,cn21,1,21,27.0,1349.18,0.0,39.2863,50.0222,208755.31427001953,217962.08392333984
2026-07-17 14:20:01,cn21,1,22,28.0,1344.79,0.0,39.2863,50.0222,208755.31427001953,217962.08392333984
2026-07-17 14:20:01,cn21,1,23,28.0,1457.58,0.0,39.2863,50.0222,208755.31427001953,217962.08392333984
2026-07-17 14:20:01,gpu45,0,0,29.0,1431.36,0.04,53.5699,43.4276,146015.24279785156,202267.04223632812
2026-07-17 14:20:01,gpu45,0,1,28.0,1431.94,0.0,53.5699,43.4276,146015.24279785156,202267.04223632812
2026-07-17 14:20:01,gpu45,0,2,29.0,1428.3,0.0,53.5699,43.4276,146015.24279785156,202267.04223632812
2026-07-17 14:20:01,gpu45,0,3,26.0,1423.56,0.0,53.5699,43.4276,146015.24279785156,202267.04223632812
2026-07-17 14:20:01,gpu45,0,4,25.0,1419.01,0.0,53.5699,43.4276,146015.24279785156,202267.04223632812
2026-07-17 14:20:01,gpu45,0,5,27.0,1417.43,0.0,53.5699,43.4276,146015.24279785156,202267.04223632812
2026-07-17 14:20:01,gpu45,0,6,28.0,1417.57,0.0,53.5699,43.4276,146015.24279785156,202267.04223632812
2026-07-17 14:20:01,gpu45,0,7,25.0,1421.73,0.0,53.5699,43.4276,146015.24279785156,202267.04223632812
2026-07-17 14:20:01,gpu45,0,8,26.0,1415.43,0.0,53.5699,43.4276,146015.24279785156,202267.04223632812
2026-07-17 14:20:01,gpu45,0,9,26.0,1419.91,0.0,53.5699,43.4276,146015.24279785156,202267.04223632812
2026-07-17 14:20:01,gpu45,0,10,29.0,1415.38,0.0,53.5699,43.4276,146015.24279785156,202267.04223632812
2026-07-17 14:20:01,gpu45,0,11,28.0,1417.2,0.0,53.5699,43.4276,146015.24279785156,202267.04223632812
2026-07-17 14:20:01,gpu45,0,12,26.0,1418.41,0.0,53.5699,43.4276,146015.24279785156,202267.04223632812
2026-07-17 14:20:01,gpu45,0,13,26.0,1412.6,0.0,53.5699,43.4276,146015.24279785156,202267.04223632812
2026-07-17 14:20:01,gpu45,0,14,26.0,1417.37,0.0,53.5699,43.4276,146015.24279785156,202267.04223632812
2026-07-17 14:20:01,gpu45,0,15,28.0,1417.44,0.0,53.5699,43.4276,146015.24279785156,202267.04223632812
2026-07-17 14:20:01,gpu45,0,16,26.0,1417.7,0.0,53.5699,43.4276,146015.24279785156,202267.04223632812
2026-07-17 14:20:01,gpu45,0,17,27.0,1416.96,0.99,53.5699,43.4276,146015.24279785156,202267.04223632812
2026-07-17 14:20:01,gpu45,0,18,28.0,1418.37,0.0,53.5699,43.4276,146015.24279785156,202267.04223632812
2026-07-17 14:20:01,gpu45,0,19,24.0,1416.96,0.0,53.5699,43.4276,146015.24279785156,202267.04223632812
2026-07-17 14:20:01,gpu45,0,20,25.0,1422.54,0.0,53.5699,43.4276,146015.24279785156,202267.04223632812
2026-07-17 14:20:01,gpu45,0,21,25.0,1419.51,0.0,53.5699,43.4276,146015.24279785156,202267.04223632812
2026-07-17 14:20:01,gpu45,0,22,27.0,1416.02,0.0,53.5699,43.4276,146015.24279785156,202267.04223632812
2026-07-17 14:20:01,gpu45,0,23,29.0,1418.74,0.0,53.5699,43.4276,146015.24279785156,202267.04223632812
2026-07-17 14:20:01,gpu45,1,0,31.0,1452.86,0.0,64.8076,38.9918,12913.843322753906,115592.07336425781
2026-07-17 14:20:01,gpu45,1,1,30.0,1456.99,0.0,64.8076,38.9918,12913.843322753906,115592.07336425781
2026-07-17 14:20:01,gpu45,1,2,30.0,1452.79,0.0,64.8076,38.9918,12913.843322753906,115592.07336425781
2026-07-17 14:20:01,gpu45,1,3,27.0,1454.16,0.0,64.8076,38.9918,12913.843322753906,115592.07336425781
2026-07-17 14:20:01,gpu45,1,4,29.0,1458.25,0.0,64.8076,38.9918,12913.843322753906,115592.07336425781
2026-07-17 14:20:01,gpu45,1,5,29.0,1456.02,0.0,64.8076,38.9918,12913.843322753906,115592.07336425781
2026-07-17 14:20:01,gpu45,1,6,30.0,1452.62,0.0,64.8076,38.9918,12913.843322753906,115592.07336425781
2026-07-17 14:20:01,gpu45,1,7,28.0,1455.61,0.0,64.8076,38.9918,12913.843322753906,115592.07336425781
2026-07-17 14:20:01,gpu45,1,8,28.0,1451.58,0.0,64.8076,38.9918,12913.843322753906,115592.07336425781
2026-07-17 14:20:01,gpu45,1,9,28.0,1453.56,0.0,64.8076,38.9918,12913.843322753906,115592.07336425781
2026-07-17 14:20:01,gpu45,1,10,31.0,1452.29,0.0,64.8076,38.9918,12913.843322753906,115592.07336425781
2026-07-17 14:20:01,gpu45,1,11,30.0,1452.69,0.0,64.8076,38.9918,12913.843322753906,115592.07336425781
2026-07-17 14:20:01,gpu45,1,12,29.0,1450.61,0.0,64.8076,38.9918,12913.843322753906,115592.07336425781
2026-07-17 14:20:01,gpu45,1,13,27.0,1453.92,0.0,64.8076,38.9918,12913.843322753906,115592.07336425781
2026-07-17 14:20:01,gpu45,1,14,30.0,1452.78,0.0,64.8076,38.9918,12913.843322753906,115592.07336425781
2026-07-17 14:20:01,gpu45,1,15,31.0,1453.51,0.0,64.8076,38.9918,12913.843322753906,115592.07336425781
2026-07-17 14:20:01,gpu45,1,16,30.0,1453.44,0.0,64.8076,38.9918,12913.843322753906,115592.07336425781
2026-07-17 14:20:01,gpu45,1,17,27.0,1453.4,0.0,64.8076,38.9918,12913.843322753906,115592.07336425781
2026-07-17 14:20:01,gpu45,1,18,30.0,1454.96,0.0,64.8076,38.9918,12913.843322753906,115592.07336425781
2026-07-17 14:20:01,gpu45,1,19,26.0,1454.07,0.0,64.8076,38.9918,12913.843322753906,115592.07336425781
2026-07-17 14:20:01,gpu45,1,20,27.0,1453.25,0.99,64.8076,38.9918,12913.843322753906,115592.07336425781
2026-07-17 14:20:01,gpu45,1,21,29.0,1454.49,0.0,64.8076,38.9918,12913.843322753906,115592.07336425781
2026-07-17 14:20:01,gpu45,1,22,29.0,1451.35,0.0,64.8076,38.9918,12913.843322753906,115592.07336425781
2026-07-17 14:20:01,gpu45,1,23,30.0,1453.31,0.0,64.8076,38.9918,12913.843322753906,115592.07336425781
2026-07-17 14:25:01,cn21,0,0,25.0,1707.38,0.0,34.7026,28.149,23569.966857910156,9536.58465576172
2026-07-17 14:25:01,cn21,0,1,27.0,1765.31,0.0,34.7026,28.149,23569.966857910156,9536.58465576172
2026-07-17 14:25:01,cn21,0,2,27.0,1777.43,0.0,34.7026,28.149,23569.966857910156,9536.58465576172
2026-07-17 14:25:01,cn21,0,3,23.0,1774.35,0.0,34.7026,28.149,23569.966857910156,9536.58465576172
2026-07-17 14:25:01,cn21,0,4,25.0,1741.7,0.0,34.7026,28.149,23569.966857910156,9536.58465576172
2026-07-17 14:25:01,cn21,0,5,26.0,1743.29,0.0,34.7026,28.149,23569.966857910156,9536.58465576172
2026-07-17 14:25:01,cn21,0,6,26.0,1734.09,0.0,34.7026,28.149,23569.966857910156,9536.58465576172
2026-07-17 14:25:01,cn21,0,7,24.0,1736.43,0.0,34.7026,28.149,23569.966857910156,9536.58465576172
2026-07-17 14:25:01,cn21,0,8,28.0,1693.06,0.0,34.7026,28.149,23569.966857910156,9536.58465576172
2026-07-17 14:25:01,cn21,0,9,29.0,1693.92,0.0,34.7026,28.149,23569.966857910156,9536.58465576172
2026-07-17 14:25:01,cn21,0,10,28.0,1602.96,0.0,34.7026,28.149,23569.966857910156,9536.58465576172
2026-07-17 14:25:01,cn21,0,11,29.0,1705.78,0.0,34.7026,28.149,23569.966857910156,9536.58465576172
2026-07-17 14:25:01,cn21,0,12,26.0,1674.71,0.0,34.7026,28.149,23569.966857910156,9536.58465576172
2026-07-17 14:25:01,cn21,0,13,24.0,1646.03,0.0,34.7026,28.149,23569.966857910156,9536.58465576172
2026-07-17 14:25:01,cn21,0,14,26.0,1628.42,0.0,34.7026,28.149,23569.966857910156,9536.58465576172
2026-07-17 14:25:01,cn21,0,15,27.0,1656.12,0.0,34.7026,28.149,23569.966857910156,9536.58465576172
2026-07-17 14:25:01,cn21,0,16,27.0,1641.77,0.0,34.7026,28.149,23569.966857910156,9536.58465576172
2026-07-17 14:25:01,cn21,0,17,25.0,1646.81,0.0,34.7026,28.149,23569.966857910156,9536.58465576172
2026-07-17 14:25:01,cn21,0,18,28.0,1458.73,0.0,34.7026,28.149,23569.966857910156,9536.58465576172
2026-07-17 14:25:01,cn21,0,19,23.0,1627.31,0.0,34.7026,28.149,23569.966857910156,9536.58465576172
2026-07-17 14:25:01,cn21,0,20,25.0,1660.68,0.0,34.7026,28.149,23569.966857910156,9536.58465576172
2026-07-17 14:25:01,cn21,0,21,27.0,1645.06,0.0,34.7026,28.149,23569.966857910156,9536.58465576172
2026-07-17 14:25:01,cn21,0,22,27.0,1643.19,0.0,34.7026,28.149,23569.966857910156,9536.58465576172
2026-07-17 14:25:01,cn21,0,23,26.0,1630.13,0.0,34.7026,28.149,23569.966857910156,9536.58465576172
2026-07-17 14:25:01,cn21,1,0,33.0,1555.51,0.0,39.5594,50.1286,212562.35479736328,227592.13079833984
2026-07-17 14:25:01,cn21,1,1,29.0,1620.17,0.0,39.5594,50.1286,212562.35479736328,227592.13079833984
2026-07-17 14:25:01,cn21,1,2,29.0,1624.92,0.0,39.5594,50.1286,212562.35479736328,227592.13079833984
2026-07-17 14:25:01,cn21,1,3,27.0,1637.82,0.0,39.5594,50.1286,212562.35479736328,227592.13079833984
2026-07-17 14:25:01,cn21,1,4,26.0,1620.97,0.0,39.5594,50.1286,212562.35479736328,227592.13079833984
2026-07-17 14:25:01,cn21,1,5,27.0,1580.66,0.0,39.5594,50.1286,212562.35479736328,227592.13079833984
2026-07-17 14:25:01,cn21,1,6,28.0,1647.27,0.0,39.5594,50.1286,212562.35479736328,227592.13079833984
2026-07-17 14:25:01,cn21,1,7,26.0,1633.04,0.0,39.5594,50.1286,212562.35479736328,227592.13079833984
2026-07-17 14:25:01,cn21,1,8,27.0,1549.83,0.0,39.5594,50.1286,212562.35479736328,227592.13079833984
2026-07-17 14:25:01,cn21,1,9,27.0,1515.41,0.0,39.5594,50.1286,212562.35479736328,227592.13079833984
2026-07-17 14:25:01,cn21,1,10,28.0,1580.09,0.0,39.5594,50.1286,212562.35479736328,227592.13079833984
2026-07-17 14:25:01,cn21,1,11,29.0,1544.09,0.0,39.5594,50.1286,212562.35479736328,227592.13079833984
2026-07-17 14:25:01,cn21,1,12,31.0,1395.21,0.0,39.5594,50.1286,212562.35479736328,227592.13079833984
2026-07-17 14:25:01,cn21,1,13,29.0,1381.72,0.0,39.5594,50.1286,212562.35479736328,227592.13079833984
2026-07-17 14:25:01,cn21,1,14,27.0,1552.87,0.0,39.5594,50.1286,212562.35479736328,227592.13079833984
2026-07-17 14:25:01,cn21,1,15,28.0,1475.55,0.0,39.5594,50.1286,212562.35479736328,227592.13079833984
2026-07-17 14:25:01,cn21,1,16,29.0,1559.67,0.0,39.5594,50.1286,212562.35479736328,227592.13079833984
2026-07-17 14:25:01,cn21,1,17,29.0,1541.66,0.0,39.5594,50.1286,212562.35479736328,227592.13079833984
2026-07-17 14:25:01,cn21,1,18,27.0,1448.99,0.0,39.5594,50.1286,212562.35479736328,227592.13079833984
2026-07-17 14:25:01,cn21,1,19,28.0,1457.27,0.0,39.5594,50.1286,212562.35479736328,227592.13079833984
2026-07-17 14:25:01,cn21,1,20,31.0,1291.04,0.0,39.5594,50.1286,212562.35479736328,227592.13079833984
2026-07-17 14:25:01,cn21,1,21,29.0,1349.17,0.0,39.5594,50.1286,212562.35479736328,227592.13079833984
2026-07-17 14:25:01,cn21,1,22,30.0,1344.79,0.0,39.5594,50.1286,212562.35479736328,227592.13079833984
2026-07-17 14:25:01,cn21,1,23,29.0,1457.59,0.0,39.5594,50.1286,212562.35479736328,227592.13079833984
2026-07-17 14:25:01,gpu45,0,0,29.0,1431.36,0.0,53.6354,43.1069,162052.37884521484,215142.60479736328
2026-07-17 14:25:01,gpu45,0,1,28.0,1431.94,0.0,53.6354,43.1069,162052.37884521484,215142.60479736328
2026-07-17 14:25:01,gpu45,0,2,29.0,1428.3,0.0,53.6354,43.1069,162052.37884521484,215142.60479736328
2026-07-17 14:25:01,gpu45,0,3,26.0,1423.55,0.0,53.6354,43.1069,162052.37884521484,215142.60479736328
2026-07-17 14:25:01,gpu45,0,4,26.0,1419.0,0.0,53.6354,43.1069,162052.37884521484,215142.60479736328
2026-07-17 14:25:01,gpu45,0,5,27.0,1417.42,0.0,53.6354,43.1069,162052.37884521484,215142.60479736328
2026-07-17 14:25:01,gpu45,0,6,28.0,1417.56,0.0,53.6354,43.1069,162052.37884521484,215142.60479736328
2026-07-17 14:25:01,gpu45,0,7,25.0,1421.73,0.0,53.6354,43.1069,162052.37884521484,215142.60479736328
2026-07-17 14:25:01,gpu45,0,8,26.0,1415.43,0.0,53.6354,43.1069,162052.37884521484,215142.60479736328
2026-07-17 14:25:01,gpu45,0,9,26.0,1419.9,0.0,53.6354,43.1069,162052.37884521484,215142.60479736328
2026-07-17 14:25:01,gpu45,0,10,29.0,1415.38,0.0,53.6354,43.1069,162052.37884521484,215142.60479736328
2026-07-17 14:25:01,gpu45,0,11,28.0,1417.2,0.0,53.6354,43.1069,162052.37884521484,215142.60479736328
2026-07-17 14:25:01,gpu45,0,12,27.0,1418.4,0.0,53.6354,43.1069,162052.37884521484,215142.60479736328
2026-07-17 14:25:01,gpu45,0,13,26.0,1412.6,0.0,53.6354,43.1069,162052.37884521484,215142.60479736328
2026-07-17 14:25:01,gpu45,0,14,26.0,1417.37,0.0,53.6354,43.1069,162052.37884521484,215142.60479736328
2026-07-17 14:25:01,gpu45,0,15,28.0,1417.44,0.0,53.6354,43.1069,162052.37884521484,215142.60479736328
2026-07-17 14:25:01,gpu45,0,16,26.0,1417.7,0.0,53.6354,43.1069,162052.37884521484,215142.60479736328
2026-07-17 14:25:01,gpu45,0,17,27.0,1416.96,0.0,53.6354,43.1069,162052.37884521484,215142.60479736328
2026-07-17 14:25:01,gpu45,0,18,28.0,1418.37,0.0,53.6354,43.1069,162052.37884521484,215142.60479736328
2026-07-17 14:25:01,gpu45,0,19,25.0,1416.96,0.0,53.6354,43.1069,162052.37884521484,215142.60479736328
2026-07-17 14:25:01,gpu45,0,20,25.0,1422.53,0.0,53.6354,43.1069,162052.37884521484,215142.60479736328
2026-07-17 14:25:01,gpu45,0,21,25.0,1419.51,0.0,53.6354,43.1069,162052.37884521484,215142.60479736328
2026-07-17 14:25:01,gpu45,0,22,28.0,1416.02,0.0,53.6354,43.1069,162052.37884521484,215142.60479736328
2026-07-17 14:25:01,gpu45,0,23,29.0,1418.74,0.0,53.6354,43.1069,162052.37884521484,215142.60479736328
2026-07-17 14:25:01,gpu45,1,0,31.0,1452.86,0.0,64.8476,38.6996,28452.890563964844,126608.50164794922
2026-07-17 14:25:01,gpu45,1,1,31.0,1456.99,0.0,64.8476,38.6996,28452.890563964844,126608.50164794922
2026-07-17 14:25:01,gpu45,1,2,31.0,1452.79,0.0,64.8476,38.6996,28452.890563964844,126608.50164794922
2026-07-17 14:25:01,gpu45,1,3,31.0,1454.16,0.0,64.8476,38.6996,28452.890563964844,126608.50164794922
2026-07-17 14:25:01,gpu45,1,4,30.0,1458.24,0.0,64.8476,38.6996,28452.890563964844,126608.50164794922
2026-07-17 14:25:01,gpu45,1,5,29.0,1456.01,0.0,64.8476,38.6996,28452.890563964844,126608.50164794922
2026-07-17 14:25:01,gpu45,1,6,30.0,1452.62,0.0,64.8476,38.6996,28452.890563964844,126608.50164794922
2026-07-17 14:25:01,gpu45,1,7,28.0,1455.61,0.0,64.8476,38.6996,28452.890563964844,126608.50164794922
2026-07-17 14:25:01,gpu45,1,8,28.0,1451.58,0.0,64.8476,38.6996,28452.890563964844,126608.50164794922
2026-07-17 14:25:01,gpu45,1,9,28.0,1453.56,0.0,64.8476,38.6996,28452.890563964844,126608.50164794922
2026-07-17 14:25:01,gpu45,1,10,30.0,1452.29,0.0,64.8476,38.6996,28452.890563964844,126608.50164794922
2026-07-17 14:25:01,gpu45,1,11,30.0,1452.69,0.0,64.8476,38.6996,28452.890563964844,126608.50164794922
2026-07-17 14:25:01,gpu45,1,12,29.0,1450.61,0.0,64.8476,38.6996,28452.890563964844,126608.50164794922
2026-07-17 14:25:01,gpu45,1,13,28.0,1453.92,0.0,64.8476,38.6996,28452.890563964844,126608.50164794922
2026-07-17 14:25:01,gpu45,1,14,30.0,1452.78,0.0,64.8476,38.6996,28452.890563964844,126608.50164794922
2026-07-17 14:25:01,gpu45,1,15,31.0,1453.51,0.0,64.8476,38.6996,28452.890563964844,126608.50164794922
2026-07-17 14:25:01,gpu45,1,16,30.0,1453.44,0.0,64.8476,38.6996,28452.890563964844,126608.50164794922
2026-07-17 14:25:01,gpu45,1,17,28.0,1453.4,0.0,64.8476,38.6996,28452.890563964844,126608.50164794922
2026-07-17 14:25:01,gpu45,1,18,30.0,1454.96,0.0,64.8476,38.6996,28452.890563964844,126608.50164794922
2026-07-17 14:25:01,gpu45,1,19,27.0,1454.06,0.0,64.8476,38.6996,28452.890563964844,126608.50164794922
2026-07-17 14:25:01,gpu45,1,20,28.0,1453.25,0.0,64.8476,38.6996,28452.890563964844,126608.50164794922
2026-07-17 14:25:01,gpu45,1,21,29.0,1454.49,0.0,64.8476,38.6996,28452.890563964844,126608.50164794922
2026-07-17 14:25:01,gpu45,1,22,30.0,1451.35,0.0,64.8476,38.6996,28452.890563964844,126608.50164794922
2026-07-17 14:25:01,gpu45,1,23,31.0,1453.3,0.0,64.8476,38.6996,28452.890563964844,126608.50164794922
2026-07-17 14:30:01,cn21,0,0,25.0,1707.37,0.02,35.0906,29.6662,28163.08984375,14779.482604980469
2026-07-17 14:30:01,cn21,0,1,27.0,1765.31,0.0,35.0906,29.6662,28163.08984375,14779.482604980469
2026-07-17 14:30:01,cn21,0,2,26.0,1777.42,0.0,35.0906,29.6662,28163.08984375,14779.482604980469
2026-07-17 14:30:01,cn21,0,3,23.0,1774.35,0.0,35.0906,29.6662,28163.08984375,14779.482604980469
2026-07-17 14:30:01,cn21,0,4,25.0,1741.7,0.0,35.0906,29.6662,28163.08984375,14779.482604980469
2026-07-17 14:30:01,cn21,0,5,25.0,1743.29,0.0,35.0906,29.6662,28163.08984375,14779.482604980469
2026-07-17 14:30:01,cn21,0,6,26.0,1734.09,0.0,35.0906,29.6662,28163.08984375,14779.482604980469
2026-07-17 14:30:01,cn21,0,7,24.0,1736.43,0.0,35.0906,29.6662,28163.08984375,14779.482604980469
2026-07-17 14:30:01,cn21,0,8,28.0,1693.05,0.0,35.0906,29.6662,28163.08984375,14779.482604980469
2026-07-17 14:30:01,cn21,0,9,28.0,1693.92,0.0,35.0906,29.6662,28163.08984375,14779.482604980469
2026-07-17 14:30:01,cn21,0,10,28.0,1602.96,0.0,35.0906,29.6662,28163.08984375,14779.482604980469
2026-07-17 14:30:01,cn21,0,11,29.0,1705.78,0.0,35.0906,29.6662,28163.08984375,14779.482604980469
2026-07-17 14:30:01,cn21,0,12,25.0,1674.71,0.0,35.0906,29.6662,28163.08984375,14779.482604980469
2026-07-17 14:30:01,cn21,0,13,24.0,1646.02,0.0,35.0906,29.6662,28163.08984375,14779.482604980469
2026-07-17 14:30:01,cn21,0,14,25.0,1628.42,0.0,35.0906,29.6662,28163.08984375,14779.482604980469
2026-07-17 14:30:01,cn21,0,15,27.0,1656.12,0.0,35.0906,29.6662,28163.08984375,14779.482604980469
2026-07-17 14:30:01,cn21,0,16,27.0,1641.76,0.0,35.0906,29.6662,28163.08984375,14779.482604980469
2026-07-17 14:30:01,cn21,0,17,25.0,1646.81,0.0,35.0906,29.6662,28163.08984375,14779.482604980469
2026-07-17 14:30:01,cn21,0,18,28.0,1458.69,0.0,35.0906,29.6662,28163.08984375,14779.482604980469
2026-07-17 14:30:01,cn21,0,19,23.0,1627.31,0.0,35.0906,29.6662,28163.08984375,14779.482604980469
2026-07-17 14:30:01,cn21,0,20,24.0,1660.68,0.0,35.0906,29.6662,28163.08984375,14779.482604980469
2026-07-17 14:30:01,cn21,0,21,26.0,1645.06,0.0,35.0906,29.6662,28163.08984375,14779.482604980469
2026-07-17 14:30:01,cn21,0,22,27.0,1643.19,0.0,35.0906,29.6662,28163.08984375,14779.482604980469
2026-07-17 14:30:01,cn21,0,23,26.0,1630.13,0.0,35.0906,29.6662,28163.08984375,14779.482604980469
2026-07-17 14:30:01,cn21,1,0,33.0,1555.51,0.0,39.152,49.8862,216247.61279296875,237116.64526367188
2026-07-17 14:30:01,cn21,1,1,30.0,1620.15,0.0,39.152,49.8862,216247.61279296875,237116.64526367188
2026-07-17 14:30:01,cn21,1,2,29.0,1624.9,0.0,39.152,49.8862,216247.61279296875,237116.64526367188
2026-07-17 14:30:01,cn21,1,3,28.0,1637.92,0.0,39.152,49.8862,216247.61279296875,237116.64526367188
2026-07-17 14:30:01,cn21,1,4,25.0,1620.97,0.0,39.152,49.8862,216247.61279296875,237116.64526367188
2026-07-17 14:30:01,cn21,1,5,27.0,1580.66,0.0,39.152,49.8862,216247.61279296875,237116.64526367188
2026-07-17 14:30:01,cn21,1,6,27.0,1647.14,0.0,39.152,49.8862,216247.61279296875,237116.64526367188
2026-07-17 14:30:01,cn21,1,7,27.0,1633.04,0.0,39.152,49.8862,216247.61279296875,237116.64526367188
2026-07-17 14:30:01,cn21,1,8,26.0,1549.77,0.0,39.152,49.8862,216247.61279296875,237116.64526367188
2026-07-17 14:30:01,cn21,1,9,27.0,1515.41,0.0,39.152,49.8862,216247.61279296875,237116.64526367188
2026-07-17 14:30:01,cn21,1,10,28.0,1580.08,0.0,39.152,49.8862,216247.61279296875,237116.64526367188
2026-07-17 14:30:01,cn21,1,11,29.0,1544.0,0.99,39.152,49.8862,216247.61279296875,237116.64526367188
2026-07-17 14:30:01,cn21,1,12,31.0,1395.21,0.0,39.152,49.8862,216247.61279296875,237116.64526367188
2026-07-17 14:30:01,cn21,1,13,29.0,1381.72,0.0,39.152,49.8862,216247.61279296875,237116.64526367188
2026-07-17 14:30:01,cn21,1,14,27.0,1552.86,0.0,39.152,49.8862,216247.61279296875,237116.64526367188
2026-07-17 14:30:01,cn21,1,15,28.0,1475.55,0.0,39.152,49.8862,216247.61279296875,237116.64526367188
2026-07-17 14:30:01,cn21,1,16,29.0,1559.67,0.0,39.152,49.8862,216247.61279296875,237116.64526367188
2026-07-17 14:30:01,cn21,1,17,29.0,1541.37,0.0,39.152,49.8862,216247.61279296875,237116.64526367188
2026-07-17 14:30:01,cn21,1,18,27.0,1448.99,0.0,39.152,49.8862,216247.61279296875,237116.64526367188
2026-07-17 14:30:01,cn21,1,19,34.0,1459.2,0.0,39.152,49.8862,216247.61279296875,237116.64526367188
2026-07-17 14:30:01,cn21,1,20,27.0,1292.57,0.0,39.152,49.8862,216247.61279296875,237116.64526367188
2026-07-17 14:30:01,cn21,1,21,29.0,1349.63,0.0,39.152,49.8862,216247.61279296875,237116.64526367188
2026-07-17 14:30:01,cn21,1,22,29.0,1344.78,0.0,39.152,49.8862,216247.61279296875,237116.64526367188
2026-07-17 14:30:01,cn21,1,23,28.0,1457.59,0.0,39.152,49.8862,216247.61279296875,237116.64526367188
2026-07-17 14:30:01,gpu45,0,0,28.0,1431.35,0.0,53.6142,43.6125,178061.1151123047,227987.87231445312
2026-07-17 14:30:01,gpu45,0,1,28.0,1431.93,0.0,53.6142,43.6125,178061.1151123047,227987.87231445312
2026-07-17 14:30:01,gpu45,0,2,28.0,1428.29,0.0,53.6142,43.6125,178061.1151123047,227987.87231445312
2026-07-17 14:30:01,gpu45,0,3,25.0,1423.55,0.0,53.6142,43.6125,178061.1151123047,227987.87231445312
2026-07-17 14:30:01,gpu45,0,4,25.0,1419.0,0.0,53.6142,43.6125,178061.1151123047,227987.87231445312
2026-07-17 14:30:01,gpu45,0,5,26.0,1417.42,0.0,53.6142,43.6125,178061.1151123047,227987.87231445312
2026-07-17 14:30:01,gpu45,0,6,27.0,1417.56,0.0,53.6142,43.6125,178061.1151123047,227987.87231445312
2026-07-17 14:30:01,gpu45,0,7,25.0,1421.73,0.0,53.6142,43.6125,178061.1151123047,227987.87231445312
2026-07-17 14:30:01,gpu45,0,8,25.0,1415.42,0.0,53.6142,43.6125,178061.1151123047,227987.87231445312
2026-07-17 14:30:01,gpu45,0,9,25.0,1419.9,0.0,53.6142,43.6125,178061.1151123047,227987.87231445312
2026-07-17 14:30:01,gpu45,0,10,28.0,1415.38,0.0,53.6142,43.6125,178061.1151123047,227987.87231445312
2026-07-17 14:30:01,gpu45,0,11,28.0,1417.2,0.0,53.6142,43.6125,178061.1151123047,227987.87231445312
2026-07-17 14:30:01,gpu45,0,12,26.0,1418.4,0.0,53.6142,43.6125,178061.1151123047,227987.87231445312
2026-07-17 14:30:01,gpu45,0,13,25.0,1412.6,0.0,53.6142,43.6125,178061.1151123047,227987.87231445312
2026-07-17 14:30:01,gpu45,0,14,25.0,1417.37,0.0,53.6142,43.6125,178061.1151123047,227987.87231445312
2026-07-17 14:30:01,gpu45,0,15,27.0,1417.43,0.0,53.6142,43.6125,178061.1151123047,227987.87231445312
2026-07-17 14:30:01,gpu45,0,16,26.0,1417.7,0.0,53.6142,43.6125,178061.1151123047,227987.87231445312
2026-07-17 14:30:01,gpu45,0,17,27.0,1416.96,0.0,53.6142,43.6125,178061.1151123047,227987.87231445312
2026-07-17 14:30:01,gpu45,0,18,27.0,1418.36,0.0,53.6142,43.6125,178061.1151123047,227987.87231445312
2026-07-17 14:30:01,gpu45,0,19,24.0,1416.96,0.0,53.6142,43.6125,178061.1151123047,227987.87231445312
2026-07-17 14:30:01,gpu45,0,20,24.0,1422.53,0.0,53.6142,43.6125,178061.1151123047,227987.87231445312
2026-07-17 14:30:01,gpu45,0,21,24.0,1419.51,0.0,53.6142,43.6125,178061.1151123047,227987.87231445312
2026-07-17 14:30:01,gpu45,0,22,26.0,1416.02,0.0,53.6142,43.6125,178061.1151123047,227987.87231445312
2026-07-17 14:30:01,gpu45,0,23,29.0,1418.73,0.0,53.6142,43.6125,178061.1151123047,227987.87231445312
2026-07-17 14:30:01,gpu45,1,0,31.0,1452.85,0.0,64.9279,38.7005,43971.32507324219,137493.2315673828
2026-07-17 14:30:01,gpu45,1,1,30.0,1456.99,0.0,64.9279,38.7005,43971.32507324219,137493.2315673828
2026-07-17 14:30:01,gpu45,1,2,31.0,1452.78,0.0,64.9279,38.7005,43971.32507324219,137493.2315673828
2026-07-17 14:30:01,gpu45,1,3,28.0,1454.16,0.0,64.9279,38.7005,43971.32507324219,137493.2315673828
2026-07-17 14:30:01,gpu45,1,4,30.0,1458.24,0.0,64.9279,38.7005,43971.32507324219,137493.2315673828
2026-07-17 14:30:01,gpu45,1,5,29.0,1456.01,0.0,64.9279,38.7005,43971.32507324219,137493.2315673828
2026-07-17 14:30:01,gpu45,1,6,30.0,1452.62,0.0,64.9279,38.7005,43971.32507324219,137493.2315673828
2026-07-17 14:30:01,gpu45,1,7,28.0,1455.61,0.0,64.9279,38.7005,43971.32507324219,137493.2315673828
2026-07-17 14:30:01,gpu45,1,8,28.0,1451.57,0.0,64.9279,38.7005,43971.32507324219,137493.2315673828
2026-07-17 14:30:01,gpu45,1,9,28.0,1453.56,0.0,64.9279,38.7005,43971.32507324219,137493.2315673828
2026-07-17 14:30:01,gpu45,1,10,32.0,1452.29,0.0,64.9279,38.7005,43971.32507324219,137493.2315673828
2026-07-17 14:30:01,gpu45,1,11,30.0,1452.69,0.0,64.9279,38.7005,43971.32507324219,137493.2315673828
2026-07-17 14:30:01,gpu45,1,12,29.0,1450.61,0.0,64.9279,38.7005,43971.32507324219,137493.2315673828
2026-07-17 14:30:01,gpu45,1,13,28.0,1453.92,0.0,64.9279,38.7005,43971.32507324219,137493.2315673828
2026-07-17 14:30:01,gpu45,1,14,30.0,1452.78,0.0,64.9279,38.7005,43971.32507324219,137493.2315673828
2026-07-17 14:30:01,gpu45,1,15,31.0,1453.51,0.0,64.9279,38.7005,43971.32507324219,137493.2315673828
2026-07-17 14:30:01,gpu45,1,16,31.0,1453.44,0.0,64.9279,38.7005,43971.32507324219,137493.2315673828
2026-07-17 14:30:01,gpu45,1,17,27.0,1453.39,0.0,64.9279,38.7005,43971.32507324219,137493.2315673828
2026-07-17 14:30:01,gpu45,1,18,30.0,1454.96,0.0,64.9279,38.7005,43971.32507324219,137493.2315673828
2026-07-17 14:30:01,gpu45,1,19,27.0,1454.06,0.0,64.9279,38.7005,43971.32507324219,137493.2315673828
2026-07-17 14:30:01,gpu45,1,20,27.0,1453.25,0.0,64.9279,38.7005,43971.32507324219,137493.2315673828
2026-07-17 14:30:01,gpu45,1,21,29.0,1454.49,0.0,64.9279,38.7005,43971.32507324219,137493.2315673828
2026-07-17 14:30:01,gpu45,1,22,30.0,1451.35,0.0,64.9279,38.7005,43971.32507324219,137493.2315673828
2026-07-17 14:30:01,gpu45,1,23,31.0,1453.3,0.0,64.9279,38.7005,43971.32507324219,137493.2315673828
2026-07-17 14:35:01,cn21,0,0,25.0,1707.36,0.02,35.4021,29.4732,32799.965576171875,20051.54638671875
2026-07-17 14:35:01,cn21,0,1,27.0,1765.31,0.0,35.4021,29.4732,32799.965576171875,20051.54638671875
2026-07-17 14:35:01,cn21,0,2,27.0,1777.4,0.0,35.4021,29.4732,32799.965576171875,20051.54638671875
2026-07-17 14:35:01,cn21,0,3,24.0,1774.35,0.0,35.4021,29.4732,32799.965576171875,20051.54638671875
2026-07-17 14:35:01,cn21,0,4,24.0,1741.7,0.0,35.4021,29.4732,32799.965576171875,20051.54638671875
2026-07-17 14:35:01,cn21,0,5,26.0,1743.29,0.0,35.4021,29.4732,32799.965576171875,20051.54638671875
2026-07-17 14:35:01,cn21,0,6,27.0,1734.09,0.0,35.4021,29.4732,32799.965576171875,20051.54638671875
2026-07-17 14:35:01,cn21,0,7,24.0,1736.43,0.0,35.4021,29.4732,32799.965576171875,20051.54638671875
2026-07-17 14:35:01,cn21,0,8,28.0,1693.05,0.0,35.4021,29.4732,32799.965576171875,20051.54638671875
2026-07-17 14:35:01,cn21,0,9,28.0,1693.92,0.0,35.4021,29.4732,32799.965576171875,20051.54638671875
2026-07-17 14:35:01,cn21,0,10,28.0,1602.96,0.0,35.4021,29.4732,32799.965576171875,20051.54638671875
2026-07-17 14:35:01,cn21,0,11,29.0,1705.78,0.0,35.4021,29.4732,32799.965576171875,20051.54638671875
2026-07-17 14:35:01,cn21,0,12,26.0,1674.7,0.0,35.4021,29.4732,32799.965576171875,20051.54638671875
2026-07-17 14:35:01,cn21,0,13,24.0,1646.02,0.99,35.4021,29.4732,32799.965576171875,20051.54638671875
2026-07-17 14:35:01,cn21,0,14,25.0,1628.42,0.0,35.4021,29.4732,32799.965576171875,20051.54638671875
2026-07-17 14:35:01,cn21,0,15,27.0,1656.11,0.0,35.4021,29.4732,32799.965576171875,20051.54638671875
2026-07-17 14:35:01,cn21,0,16,27.0,1641.74,0.0,35.4021,29.4732,32799.965576171875,20051.54638671875
2026-07-17 14:35:01,cn21,0,17,25.0,1646.8,0.0,35.4021,29.4732,32799.965576171875,20051.54638671875
2026-07-17 14:35:01,cn21,0,18,28.0,1458.65,0.0,35.4021,29.4732,32799.965576171875,20051.54638671875
2026-07-17 14:35:01,cn21,0,19,22.0,1627.31,0.0,35.4021,29.4732,32799.965576171875,20051.54638671875
2026-07-17 14:35:01,cn21,0,20,24.0,1660.68,0.0,35.4021,29.4732,32799.965576171875,20051.54638671875
2026-07-17 14:35:01,cn21,0,21,26.0,1645.06,0.0,35.4021,29.4732,32799.965576171875,20051.54638671875
2026-07-17 14:35:01,cn21,0,22,27.0,1643.18,0.0,35.4021,29.4732,32799.965576171875,20051.54638671875
2026-07-17 14:35:01,cn21,0,23,26.0,1630.13,0.0,35.4021,29.4732,32799.965576171875,20051.54638671875
2026-07-17 14:35:01,cn21,1,0,33.0,1555.53,0.0,39.537,49.8811,219961.70245361328,246499.8501586914
2026-07-17 14:35:01,cn21,1,1,30.0,1620.37,0.0,39.537,49.8811,219961.70245361328,246499.8501586914
2026-07-17 14:35:01,cn21,1,2,29.0,1624.88,0.0,39.537,49.8811,219961.70245361328,246499.8501586914
2026-07-17 14:35:01,cn21,1,3,32.0,1638.03,0.0,39.537,49.8811,219961.70245361328,246499.8501586914
2026-07-17 14:35:01,cn21,1,4,26.0,1621.2,0.0,39.537,49.8811,219961.70245361328,246499.8501586914
2026-07-17 14:35:01,cn21,1,5,27.0,1580.66,0.0,39.537,49.8811,219961.70245361328,246499.8501586914
2026-07-17 14:35:01,cn21,1,6,28.0,1646.96,0.0,39.537,49.8811,219961.70245361328,246499.8501586914
2026-07-17 14:35:01,cn21,1,7,26.0,1633.04,0.0,39.537,49.8811,219961.70245361328,246499.8501586914
2026-07-17 14:35:01,cn21,1,8,27.0,1549.76,0.0,39.537,49.8811,219961.70245361328,246499.8501586914
2026-07-17 14:35:01,cn21,1,9,27.0,1515.41,0.0,39.537,49.8811,219961.70245361328,246499.8501586914
2026-07-17 14:35:01,cn21,1,10,28.0,1580.07,0.0,39.537,49.8811,219961.70245361328,246499.8501586914
2026-07-17 14:35:01,cn21,1,11,29.0,1543.99,0.0,39.537,49.8811,219961.70245361328,246499.8501586914
2026-07-17 14:35:01,cn21,1,12,31.0,1395.21,0.0,39.537,49.8811,219961.70245361328,246499.8501586914
2026-07-17 14:35:01,cn21,1,13,28.0,1381.72,0.0,39.537,49.8811,219961.70245361328,246499.8501586914
2026-07-17 14:35:01,cn21,1,14,27.0,1552.86,0.0,39.537,49.8811,219961.70245361328,246499.8501586914
2026-07-17 14:35:01,cn21,1,15,28.0,1475.43,0.0,39.537,49.8811,219961.70245361328,246499.8501586914
2026-07-17 14:35:01,cn21,1,16,28.0,1559.66,0.0,39.537,49.8811,219961.70245361328,246499.8501586914
2026-07-17 14:35:01,cn21,1,17,29.0,1541.1,0.0,39.537,49.8811,219961.70245361328,246499.8501586914
2026-07-17 14:35:01,cn21,1,18,27.0,1448.99,0.0,39.537,49.8811,219961.70245361328,246499.8501586914
2026-07-17 14:35:01,cn21,1,19,28.0,1459.78,0.0,39.537,49.8811,219961.70245361328,246499.8501586914
2026-07-17 14:35:01,cn21,1,20,28.0,1293.71,0.0,39.537,49.8811,219961.70245361328,246499.8501586914
2026-07-17 14:35:01,cn21,1,21,29.0,1350.49,0.0,39.537,49.8811,219961.70245361328,246499.8501586914
2026-07-17 14:35:01,cn21,1,22,30.0,1344.78,0.0,39.537,49.8811,219961.70245361328,246499.8501586914
2026-07-17 14:35:01,cn21,1,23,28.0,1457.6,0.0,39.537,49.8811,219961.70245361328,246499.8501586914
2026-07-17 14:35:01,gpu45,0,0,29.0,1431.35,0.02,53.5985,42.6602,194094.73303222656,240861.24627685547
2026-07-17 14:35:01,gpu45,0,1,28.0,1431.93,0.0,53.5985,42.6602,194094.73303222656,240861.24627685547
2026-07-17 14:35:01,gpu45,0,2,29.0,1428.29,0.0,53.5985,42.6602,194094.73303222656,240861.24627685547
2026-07-17 14:35:01,gpu45,0,3,25.0,1423.55,0.0,53.5985,42.6602,194094.73303222656,240861.24627685547
2026-07-17 14:35:01,gpu45,0,4,25.0,1419.0,0.0,53.5985,42.6602,194094.73303222656,240861.24627685547
2026-07-17 14:35:01,gpu45,0,5,27.0,1417.42,0.0,53.5985,42.6602,194094.73303222656,240861.24627685547
2026-07-17 14:35:01,gpu45,0,6,28.0,1417.56,0.0,53.5985,42.6602,194094.73303222656,240861.24627685547
2026-07-17 14:35:01,gpu45,0,7,25.0,1421.73,0.0,53.5985,42.6602,194094.73303222656,240861.24627685547
2026-07-17 14:35:01,gpu45,0,8,26.0,1415.42,0.0,53.5985,42.6602,194094.73303222656,240861.24627685547
2026-07-17 14:35:01,gpu45,0,9,26.0,1419.9,0.0,53.5985,42.6602,194094.73303222656,240861.24627685547
2026-07-17 14:35:01,gpu45,0,10,28.0,1415.38,0.0,53.5985,42.6602,194094.73303222656,240861.24627685547
2026-07-17 14:35:01,gpu45,0,11,28.0,1417.19,0.0,53.5985,42.6602,194094.73303222656,240861.24627685547
2026-07-17 14:35:01,gpu45,0,12,26.0,1418.4,0.0,53.5985,42.6602,194094.73303222656,240861.24627685547
2026-07-17 14:35:01,gpu45,0,13,26.0,1412.6,0.0,53.5985,42.6602,194094.73303222656,240861.24627685547
2026-07-17 14:35:01,gpu45,0,14,25.0,1417.36,0.99,53.5985,42.6602,194094.73303222656,240861.24627685547
2026-07-17 14:35:01,gpu45,0,15,27.0,1417.43,0.0,53.5985,42.6602,194094.73303222656,240861.24627685547
2026-07-17 14:35:01,gpu45,0,16,26.0,1417.7,0.0,53.5985,42.6602,194094.73303222656,240861.24627685547
2026-07-17 14:35:01,gpu45,0,17,27.0,1416.95,0.0,53.5985,42.6602,194094.73303222656,240861.24627685547
2026-07-17 14:35:01,gpu45,0,18,27.0,1418.36,0.0,53.5985,42.6602,194094.73303222656,240861.24627685547
2026-07-17 14:35:01,gpu45,0,19,25.0,1416.96,0.0,53.5985,42.6602,194094.73303222656,240861.24627685547
2026-07-17 14:35:01,gpu45,0,20,25.0,1422.53,0.0,53.5985,42.6602,194094.73303222656,240861.24627685547
2026-07-17 14:35:01,gpu45,0,21,25.0,1419.5,0.0,53.5985,42.6602,194094.73303222656,240861.24627685547
2026-07-17 14:35:01,gpu45,0,22,27.0,1416.01,0.0,53.5985,42.6602,194094.73303222656,240861.24627685547
2026-07-17 14:35:01,gpu45,0,23,29.0,1418.73,0.0,53.5985,42.6602,194094.73303222656,240861.24627685547
2026-07-17 14:35:01,gpu45,1,0,31.0,1452.85,0.0,64.6962,38.9237,59476.040771484375,148469.24194335938
2026-07-17 14:35:01,gpu45,1,1,31.0,1456.99,0.0,64.6962,38.9237,59476.040771484375,148469.24194335938
2026-07-17 14:35:01,gpu45,1,2,31.0,1452.78,0.0,64.6962,38.9237,59476.040771484375,148469.24194335938
2026-07-17 14:35:01,gpu45,1,3,28.0,1454.15,0.0,64.6962,38.9237,59476.040771484375,148469.24194335938
2026-07-17 14:35:01,gpu45,1,4,33.0,1458.24,0.0,64.6962,38.9237,59476.040771484375,148469.24194335938
2026-07-17 14:35:01,gpu45,1,5,30.0,1456.01,0.0,64.6962,38.9237,59476.040771484375,148469.24194335938
2026-07-17 14:35:01,gpu45,1,6,31.0,1452.62,0.0,64.6962,38.9237,59476.040771484375,148469.24194335938
2026-07-17 14:35:01,gpu45,1,7,28.0,1455.61,0.0,64.6962,38.9237,59476.040771484375,148469.24194335938
2026-07-17 14:35:01,gpu45,1,8,28.0,1451.57,0.0,64.6962,38.9237,59476.040771484375,148469.24194335938
2026-07-17 14:35:01,gpu45,1,9,28.0,1453.56,0.0,64.6962,38.9237,59476.040771484375,148469.24194335938
2026-07-17 14:35:01,gpu45,1,10,29.0,1452.29,0.0,64.6962,38.9237,59476.040771484375,148469.24194335938
2026-07-17 14:35:01,gpu45,1,11,30.0,1452.69,0.0,64.6962,38.9237,59476.040771484375,148469.24194335938
2026-07-17 14:35:01,gpu45,1,12,30.0,1450.61,0.0,64.6962,38.9237,59476.040771484375,148469.24194335938
2026-07-17 14:35:01,gpu45,1,13,27.0,1453.91,0.0,64.6962,38.9237,59476.040771484375,148469.24194335938
2026-07-17 14:35:01,gpu45,1,14,29.0,1452.77,0.0,64.6962,38.9237,59476.040771484375,148469.24194335938
2026-07-17 14:35:01,gpu45,1,15,31.0,1453.51,0.0,64.6962,38.9237,59476.040771484375,148469.24194335938
2026-07-17 14:35:01,gpu45,1,16,30.0,1453.44,0.0,64.6962,38.9237,59476.040771484375,148469.24194335938
2026-07-17 14:35:01,gpu45,1,17,27.0,1453.39,0.0,64.6962,38.9237,59476.040771484375,148469.24194335938
2026-07-17 14:35:01,gpu45,1,18,30.0,1454.96,0.0,64.6962,38.9237,59476.040771484375,148469.24194335938
2026-07-17 14:35:01,gpu45,1,19,27.0,1454.06,0.0,64.6962,38.9237,59476.040771484375,148469.24194335938
2026-07-17 14:35:01,gpu45,1,20,27.0,1453.25,0.0,64.6962,38.9237,59476.040771484375,148469.24194335938
2026-07-17 14:35:01,gpu45,1,21,29.0,1454.48,0.0,64.6962,38.9237,59476.040771484375,148469.24194335938
2026-07-17 14:35:01,gpu45,1,22,30.0,1451.34,0.0,64.6962,38.9237,59476.040771484375,148469.24194335938
2026-07-17 14:35:01,gpu45,1,23,30.0,1453.3,0.0,64.6962,38.9237,59476.040771484375,148469.24194335938
2026-07-17 14:40:01,gpu45,0,0,30.0,1431.35,0.02,53.6771,43.5249,210147.82220458984,253715.79370117188
2026-07-17 14:40:01,gpu45,0,1,28.0,1431.93,0.0,53.6771,43.5249,210147.82220458984,253715.79370117188
2026-07-17 14:40:01,gpu45,0,2,29.0,1428.29,0.0,53.6771,43.5249,210147.82220458984,253715.79370117188
2026-07-17 14:40:01,gpu45,0,3,26.0,1423.55,0.0,53.6771,43.5249,210147.82220458984,253715.79370117188
2026-07-17 14:40:01,gpu45,0,4,26.0,1419.0,0.0,53.6771,43.5249,210147.82220458984,253715.79370117188
2026-07-17 14:40:01,gpu45,0,5,27.0,1417.42,0.0,53.6771,43.5249,210147.82220458984,253715.79370117188
2026-07-17 14:40:01,gpu45,0,6,28.0,1417.56,0.0,53.6771,43.5249,210147.82220458984,253715.79370117188
2026-07-17 14:40:01,gpu45,0,7,25.0,1421.72,0.0,53.6771,43.5249,210147.82220458984,253715.79370117188
2026-07-17 14:40:01,gpu45,0,8,26.0,1415.42,0.0,53.6771,43.5249,210147.82220458984,253715.79370117188
2026-07-17 14:40:01,gpu45,0,9,26.0,1419.9,0.0,53.6771,43.5249,210147.82220458984,253715.79370117188
2026-07-17 14:40:01,gpu45,0,10,29.0,1415.38,0.0,53.6771,43.5249,210147.82220458984,253715.79370117188
2026-07-17 14:40:01,gpu45,0,11,28.0,1417.19,0.0,53.6771,43.5249,210147.82220458984,253715.79370117188
2026-07-17 14:40:01,gpu45,0,12,27.0,1418.4,0.0,53.6771,43.5249,210147.82220458984,253715.79370117188
2026-07-17 14:40:01,gpu45,0,13,26.0,1412.6,0.0,53.6771,43.5249,210147.82220458984,253715.79370117188
2026-07-17 14:40:01,gpu45,0,14,26.0,1417.36,0.0,53.6771,43.5249,210147.82220458984,253715.79370117188
2026-07-17 14:40:01,gpu45,0,15,28.0,1417.43,0.0,53.6771,43.5249,210147.82220458984,253715.79370117188
2026-07-17 14:40:01,gpu45,0,16,27.0,1417.69,0.0,53.6771,43.5249,210147.82220458984,253715.79370117188
2026-07-17 14:40:01,gpu45,0,17,27.0,1416.95,0.0,53.6771,43.5249,210147.82220458984,253715.79370117188
2026-07-17 14:40:01,gpu45,0,18,28.0,1418.36,0.0,53.6771,43.5249,210147.82220458984,253715.79370117188
2026-07-17 14:40:01,gpu45,0,19,25.0,1416.95,0.0,53.6771,43.5249,210147.82220458984,253715.79370117188
2026-07-17 14:40:01,gpu45,0,20,25.0,1422.53,0.0,53.6771,43.5249,210147.82220458984,253715.79370117188
2026-07-17 14:40:01,gpu45,0,21,26.0,1419.5,0.0,53.6771,43.5249,210147.82220458984,253715.79370117188
2026-07-17 14:40:01,gpu45,0,22,27.0,1416.01,0.0,53.6771,43.5249,210147.82220458984,253715.79370117188
2026-07-17 14:40:01,gpu45,0,23,30.0,1418.73,0.0,53.6771,43.5249,210147.82220458984,253715.79370117188
2026-07-17 14:40:01,gpu45,1,0,31.0,1452.85,0.0,65.0547,38.46,74996.92095947266,159460.25775146484
2026-07-17 14:40:01,gpu45,1,1,31.0,1456.99,0.0,65.0547,38.46,74996.92095947266,159460.25775146484
2026-07-17 14:40:01,gpu45,1,2,31.0,1452.78,0.0,65.0547,38.46,74996.92095947266,159460.25775146484
2026-07-17 14:40:01,gpu45,1,3,28.0,1454.15,0.0,65.0547,38.46,74996.92095947266,159460.25775146484
2026-07-17 14:40:01,gpu45,1,4,30.0,1458.24,0.0,65.0547,38.46,74996.92095947266,159460.25775146484
2026-07-17 14:40:01,gpu45,1,5,29.0,1456.01,0.0,65.0547,38.46,74996.92095947266,159460.25775146484
2026-07-17 14:40:01,gpu45,1,6,30.0,1452.61,0.99,65.0547,38.46,74996.92095947266,159460.25775146484
2026-07-17 14:40:01,gpu45,1,7,28.0,1455.6,0.0,65.0547,38.46,74996.92095947266,159460.25775146484
2026-07-17 14:40:01,gpu45,1,8,29.0,1451.57,0.0,65.0547,38.46,74996.92095947266,159460.25775146484
2026-07-17 14:40:01,gpu45,1,9,32.0,1453.56,0.0,65.0547,38.46,74996.92095947266,159460.25775146484
2026-07-17 14:40:01,gpu45,1,10,29.0,1452.28,0.0,65.0547,38.46,74996.92095947266,159460.25775146484
2026-07-17 14:40:01,gpu45,1,11,30.0,1452.68,0.0,65.0547,38.46,74996.92095947266,159460.25775146484
2026-07-17 14:40:01,gpu45,1,12,30.0,1450.6,0.0,65.0547,38.46,74996.92095947266,159460.25775146484
2026-07-17 14:40:01,gpu45,1,13,28.0,1453.91,0.0,65.0547,38.46,74996.92095947266,159460.25775146484
2026-07-17 14:40:01,gpu45,1,14,30.0,1452.77,0.0,65.0547,38.46,74996.92095947266,159460.25775146484
2026-07-17 14:40:01,gpu45,1,15,32.0,1453.5,0.0,65.0547,38.46,74996.92095947266,159460.25775146484
2026-07-17 14:40:01,gpu45,1,16,30.0,1453.43,0.0,65.0547,38.46,74996.92095947266,159460.25775146484
2026-07-17 14:40:01,gpu45,1,17,27.0,1453.39,0.0,65.0547,38.46,74996.92095947266,159460.25775146484
2026-07-17 14:40:01,gpu45,1,18,30.0,1454.95,0.0,65.0547,38.46,74996.92095947266,159460.25775146484
2026-07-17 14:40:01,gpu45,1,19,27.0,1454.06,0.0,65.0547,38.46,74996.92095947266,159460.25775146484
2026-07-17 14:40:01,gpu45,1,20,28.0,1453.25,0.0,65.0547,38.46,74996.92095947266,159460.25775146484
2026-07-17 14:40:01,gpu45,1,21,29.0,1454.48,0.0,65.0547,38.46,74996.92095947266,159460.25775146484
2026-07-17 14:40:01,gpu45,1,22,30.0,1451.34,0.0,65.0547,38.46,74996.92095947266,159460.25775146484
2026-07-17 14:40:01,gpu45,1,23,30.0,1453.3,0.0,65.0547,38.46,74996.92095947266,159460.25775146484
2026-07-17 14:40:02,cn21,0,0,25.0,1707.35,0.02,35.3024,29.6247,37489.82629394531,25479.096435546875
2026-07-17 14:40:02,cn21,0,1,27.0,1765.31,0.0,35.3024,29.6247,37489.82629394531,25479.096435546875
2026-07-17 14:40:02,cn21,0,2,27.0,1777.38,0.0,35.3024,29.6247,37489.82629394531,25479.096435546875
2026-07-17 14:40:02,cn21,0,3,23.0,1774.34,0.0,35.3024,29.6247,37489.82629394531,25479.096435546875
2026-07-17 14:40:02,cn21,0,4,24.0,1741.69,0.0,35.3024,29.6247,37489.82629394531,25479.096435546875
2026-07-17 14:40:02,cn21,0,5,25.0,1743.29,0.0,35.3024,29.6247,37489.82629394531,25479.096435546875
2026-07-17 14:40:02,cn21,0,6,26.0,1734.09,0.0,35.3024,29.6247,37489.82629394531,25479.096435546875
2026-07-17 14:40:02,cn21,0,7,23.0,1736.43,0.0,35.3024,29.6247,37489.82629394531,25479.096435546875
2026-07-17 14:40:02,cn21,0,8,28.0,1693.04,0.0,35.3024,29.6247,37489.82629394531,25479.096435546875
2026-07-17 14:40:02,cn21,0,9,28.0,1693.92,0.0,35.3024,29.6247,37489.82629394531,25479.096435546875
2026-07-17 14:40:02,cn21,0,10,28.0,1602.96,0.0,35.3024,29.6247,37489.82629394531,25479.096435546875
2026-07-17 14:40:02,cn21,0,11,28.0,1705.78,0.0,35.3024,29.6247,37489.82629394531,25479.096435546875
2026-07-17 14:40:02,cn21,0,12,26.0,1674.7,0.0,35.3024,29.6247,37489.82629394531,25479.096435546875
2026-07-17 14:40:02,cn21,0,13,24.0,1646.01,0.0,35.3024,29.6247,37489.82629394531,25479.096435546875
2026-07-17 14:40:02,cn21,0,14,25.0,1628.42,0.0,35.3024,29.6247,37489.82629394531,25479.096435546875
2026-07-17 14:40:02,cn21,0,15,27.0,1656.11,0.0,35.3024,29.6247,37489.82629394531,25479.096435546875
2026-07-17 14:40:02,cn21,0,16,27.0,1641.74,0.0,35.3024,29.6247,37489.82629394531,25479.096435546875
2026-07-17 14:40:02,cn21,0,17,25.0,1646.8,0.0,35.3024,29.6247,37489.82629394531,25479.096435546875
2026-07-17 14:40:02,cn21,0,18,28.0,1458.6,0.0,35.3024,29.6247,37489.82629394531,25479.096435546875
2026-07-17 14:40:02,cn21,0,19,23.0,1627.31,0.0,35.3024,29.6247,37489.82629394531,25479.096435546875
2026-07-17 14:40:02,cn21,0,20,25.0,1660.68,0.0,35.3024,29.6247,37489.82629394531,25479.096435546875
2026-07-17 14:40:02,cn21,0,21,26.0,1645.05,0.0,35.3024,29.6247,37489.82629394531,25479.096435546875
2026-07-17 14:40:02,cn21,0,22,27.0,1643.18,0.0,35.3024,29.6247,37489.82629394531,25479.096435546875
2026-07-17 14:40:02,cn21,0,23,26.0,1630.13,0.0,35.3024,29.6247,37489.82629394531,25479.096435546875
2026-07-17 14:40:02,cn21,1,0,33.0,1555.53,0.0,39.4071,49.8663,223736.017578125,255951.79913330078
2026-07-17 14:40:02,cn21,1,1,30.0,1620.44,0.0,39.4071,49.8663,223736.017578125,255951.79913330078
2026-07-17 14:40:02,cn21,1,2,27.0,1625.09,0.0,39.4071,49.8663,223736.017578125,255951.79913330078
2026-07-17 14:40:02,cn21,1,3,26.0,1638.6,0.0,39.4071,49.8663,223736.017578125,255951.79913330078
2026-07-17 14:40:02,cn21,1,4,33.0,1621.67,0.0,39.4071,49.8663,223736.017578125,255951.79913330078
2026-07-17 14:40:02,cn21,1,5,27.0,1580.66,0.0,39.4071,49.8663,223736.017578125,255951.79913330078
2026-07-17 14:40:02,cn21,1,6,28.0,1646.87,0.0,39.4071,49.8663,223736.017578125,255951.79913330078
2026-07-17 14:40:02,cn21,1,7,26.0,1633.03,0.0,39.4071,49.8663,223736.017578125,255951.79913330078
2026-07-17 14:40:02,cn21,1,8,26.0,1549.7,0.0,39.4071,49.8663,223736.017578125,255951.79913330078
2026-07-17 14:40:02,cn21,1,9,26.0,1515.41,0.0,39.4071,49.8663,223736.017578125,255951.79913330078
2026-07-17 14:40:02,cn21,1,10,28.0,1580.05,0.0,39.4071,49.8663,223736.017578125,255951.79913330078
2026-07-17 14:40:02,cn21,1,11,29.0,1543.86,0.0,39.4071,49.8663,223736.017578125,255951.79913330078
2026-07-17 14:40:02,cn21,1,12,31.0,1395.21,0.0,39.4071,49.8663,223736.017578125,255951.79913330078
2026-07-17 14:40:02,cn21,1,13,28.0,1381.72,0.0,39.4071,49.8663,223736.017578125,255951.79913330078
2026-07-17 14:40:02,cn21,1,14,27.0,1552.86,0.0,39.4071,49.8663,223736.017578125,255951.79913330078
2026-07-17 14:40:02,cn21,1,15,28.0,1475.42,0.0,39.4071,49.8663,223736.017578125,255951.79913330078
2026-07-17 14:40:02,cn21,1,16,28.0,1559.66,0.0,39.4071,49.8663,223736.017578125,255951.79913330078
2026-07-17 14:40:02,cn21,1,17,28.0,1540.81,0.0,39.4071,49.8663,223736.017578125,255951.79913330078
2026-07-17 14:40:02,cn21,1,18,28.0,1448.98,0.99,39.4071,49.8663,223736.017578125,255951.79913330078
2026-07-17 14:40:02,cn21,1,19,26.0,1459.78,0.0,39.4071,49.8663,223736.017578125,255951.79913330078
2026-07-17 14:40:02,cn21,1,20,27.0,1293.71,0.0,39.4071,49.8663,223736.017578125,255951.79913330078
2026-07-17 14:40:02,cn21,1,21,29.0,1350.49,0.0,39.4071,49.8663,223736.017578125,255951.79913330078
2026-07-17 14:40:02,cn21,1,22,29.0,1344.78,0.0,39.4071,49.8663,223736.017578125,255951.79913330078
2026-07-17 14:40:02,cn21,1,23,29.0,1457.6,0.0,39.4071,49.8663,223736.017578125,255951.79913330078
2026-07-17 14:45:01,cn21,0,0,25.0,1707.33,0.0,34.9783,28.8954,42114.014892578125,30850.885314941406
2026-07-17 14:45:01,cn21,0,1,27.0,1765.31,0.0,34.9783,28.8954,42114.014892578125,30850.885314941406
2026-07-17 14:45:01,cn21,0,2,27.0,1777.36,0.0,34.9783,28.8954,42114.014892578125,30850.885314941406
2026-07-17 14:45:01,cn21,0,3,23.0,1774.34,0.0,34.9783,28.8954,42114.014892578125,30850.885314941406
2026-07-17 14:45:01,cn21,0,4,24.0,1741.69,0.0,34.9783,28.8954,42114.014892578125,30850.885314941406
2026-07-17 14:45:01,cn21,0,5,25.0,1743.29,0.0,34.9783,28.8954,42114.014892578125,30850.885314941406
2026-07-17 14:45:01,cn21,0,6,26.0,1734.09,0.0,34.9783,28.8954,42114.014892578125,30850.885314941406
2026-07-17 14:45:01,cn21,0,7,23.0,1736.43,0.0,34.9783,28.8954,42114.014892578125,30850.885314941406
2026-07-17 14:45:01,cn21,0,8,28.0,1693.03,0.0,34.9783,28.8954,42114.014892578125,30850.885314941406
2026-07-17 14:45:01,cn21,0,9,29.0,1693.92,0.0,34.9783,28.8954,42114.014892578125,30850.885314941406
2026-07-17 14:45:01,cn21,0,10,28.0,1602.96,0.0,34.9783,28.8954,42114.014892578125,30850.885314941406
2026-07-17 14:45:01,cn21,0,11,29.0,1705.78,0.0,34.9783,28.8954,42114.014892578125,30850.885314941406
2026-07-17 14:45:01,cn21,0,12,25.0,1674.7,0.0,34.9783,28.8954,42114.014892578125,30850.885314941406
2026-07-17 14:45:01,cn21,0,13,24.0,1646.0,0.0,34.9783,28.8954,42114.014892578125,30850.885314941406
2026-07-17 14:45:01,cn21,0,14,25.0,1628.41,0.0,34.9783,28.8954,42114.014892578125,30850.885314941406
2026-07-17 14:45:01,cn21,0,15,27.0,1656.11,0.0,34.9783,28.8954,42114.014892578125,30850.885314941406
2026-07-17 14:45:01,cn21,0,16,27.0,1641.74,0.0,34.9783,28.8954,42114.014892578125,30850.885314941406
2026-07-17 14:45:01,cn21,0,17,25.0,1646.8,0.0,34.9783,28.8954,42114.014892578125,30850.885314941406
2026-07-17 14:45:01,cn21,0,18,28.0,1458.56,0.0,34.9783,28.8954,42114.014892578125,30850.885314941406
2026-07-17 14:45:01,cn21,0,19,23.0,1627.31,0.0,34.9783,28.8954,42114.014892578125,30850.885314941406
2026-07-17 14:45:01,cn21,0,20,24.0,1660.67,0.0,34.9783,28.8954,42114.014892578125,30850.885314941406
2026-07-17 14:45:01,cn21,0,21,26.0,1645.05,0.0,34.9783,28.8954,42114.014892578125,30850.885314941406
2026-07-17 14:45:01,cn21,0,22,27.0,1643.18,0.0,34.9783,28.8954,42114.014892578125,30850.885314941406
2026-07-17 14:45:01,cn21,0,23,26.0,1630.13,0.0,34.9783,28.8954,42114.014892578125,30850.885314941406
2026-07-17 14:45:01,cn21,1,0,33.0,1555.53,0.0,39.445,49.9563,227495.95068359375,3260.2715454101562
2026-07-17 14:45:01,cn21,1,1,30.0,1620.42,0.0,39.445,49.9563,227495.95068359375,3260.2715454101562
2026-07-17 14:45:01,cn21,1,2,28.0,1625.83,0.0,39.445,49.9563,227495.95068359375,3260.2715454101562
2026-07-17 14:45:01,cn21,1,3,32.0,1638.9,0.0,39.445,49.9563,227495.95068359375,3260.2715454101562
2026-07-17 14:45:01,cn21,1,4,26.0,1621.91,0.0,39.445,49.9563,227495.95068359375,3260.2715454101562
2026-07-17 14:45:01,cn21,1,5,27.0,1580.66,0.0,39.445,49.9563,227495.95068359375,3260.2715454101562
2026-07-17 14:45:01,cn21,1,6,27.0,1646.78,0.0,39.445,49.9563,227495.95068359375,3260.2715454101562
2026-07-17 14:45:01,cn21,1,7,26.0,1633.03,0.0,39.445,49.9563,227495.95068359375,3260.2715454101562
2026-07-17 14:45:01,cn21,1,8,26.0,1549.63,0.0,39.445,49.9563,227495.95068359375,3260.2715454101562
2026-07-17 14:45:01,cn21,1,9,27.0,1515.41,0.0,39.445,49.9563,227495.95068359375,3260.2715454101562
2026-07-17 14:45:01,cn21,1,10,28.0,1579.89,0.0,39.445,49.9563,227495.95068359375,3260.2715454101562
2026-07-17 14:45:01,cn21,1,11,29.0,1543.72,0.0,39.445,49.9563,227495.95068359375,3260.2715454101562
2026-07-17 14:45:01,cn21,1,12,31.0,1395.21,0.0,39.445,49.9563,227495.95068359375,3260.2715454101562
2026-07-17 14:45:01,cn21,1,13,28.0,1381.72,0.0,39.445,49.9563,227495.95068359375,3260.2715454101562
2026-07-17 14:45:01,cn21,1,14,27.0,1552.85,0.0,39.445,49.9563,227495.95068359375,3260.2715454101562
2026-07-17 14:45:01,cn21,1,15,28.0,1475.42,0.0,39.445,49.9563,227495.95068359375,3260.2715454101562
2026-07-17 14:45:01,cn21,1,16,28.0,1559.66,0.0,39.445,49.9563,227495.95068359375,3260.2715454101562
2026-07-17 14:45:01,cn21,1,17,29.0,1540.74,0.0,39.445,49.9563,227495.95068359375,3260.2715454101562
2026-07-17 14:45:01,cn21,1,18,27.0,1448.98,0.0,39.445,49.9563,227495.95068359375,3260.2715454101562
2026-07-17 14:45:01,cn21,1,19,27.0,1459.77,0.0,39.445,49.9563,227495.95068359375,3260.2715454101562
2026-07-17 14:45:01,cn21,1,20,27.0,1293.69,0.0,39.445,49.9563,227495.95068359375,3260.2715454101562
2026-07-17 14:45:01,cn21,1,21,29.0,1350.48,0.0,39.445,49.9563,227495.95068359375,3260.2715454101562
2026-07-17 14:45:01,cn21,1,22,29.0,1344.77,0.0,39.445,49.9563,227495.95068359375,3260.2715454101562
2026-07-17 14:45:01,cn21,1,23,28.0,1457.61,0.0,39.445,49.9563,227495.95068359375,3260.2715454101562
2026-07-17 14:45:01,gpu45,0,0,30.0,1431.35,0.0,53.517,43.3538,226187.27337646484,4532.74188232422
2026-07-17 14:45:01,gpu45,0,1,29.0,1431.93,0.0,53.517,43.3538,226187.27337646484,4532.74188232422
2026-07-17 14:45:01,gpu45,0,2,29.0,1428.29,0.0,53.517,43.3538,226187.27337646484,4532.74188232422
2026-07-17 14:45:01,gpu45,0,3,26.0,1423.55,0.0,53.517,43.3538,226187.27337646484,4532.74188232422
2026-07-17 14:45:01,gpu45,0,4,26.0,1418.99,0.0,53.517,43.3538,226187.27337646484,4532.74188232422
2026-07-17 14:45:01,gpu45,0,5,27.0,1417.42,0.0,53.517,43.3538,226187.27337646484,4532.74188232422
2026-07-17 14:45:01,gpu45,0,6,29.0,1417.56,0.0,53.517,43.3538,226187.27337646484,4532.74188232422
2026-07-17 14:45:01,gpu45,0,7,25.0,1421.72,0.0,53.517,43.3538,226187.27337646484,4532.74188232422
2026-07-17 14:45:01,gpu45,0,8,26.0,1415.42,0.0,53.517,43.3538,226187.27337646484,4532.74188232422
2026-07-17 14:45:01,gpu45,0,9,27.0,1419.9,0.0,53.517,43.3538,226187.27337646484,4532.74188232422
2026-07-17 14:45:01,gpu45,0,10,29.0,1415.37,0.0,53.517,43.3538,226187.27337646484,4532.74188232422
2026-07-17 14:45:01,gpu45,0,11,28.0,1417.19,0.0,53.517,43.3538,226187.27337646484,4532.74188232422
2026-07-17 14:45:01,gpu45,0,12,27.0,1418.4,0.0,53.517,43.3538,226187.27337646484,4532.74188232422
2026-07-17 14:45:01,gpu45,0,13,26.0,1412.59,0.0,53.517,43.3538,226187.27337646484,4532.74188232422
2026-07-17 14:45:01,gpu45,0,14,27.0,1417.36,0.0,53.517,43.3538,226187.27337646484,4532.74188232422
2026-07-17 14:45:01,gpu45,0,15,28.0,1417.43,0.0,53.517,43.3538,226187.27337646484,4532.74188232422
2026-07-17 14:45:01,gpu45,0,16,27.0,1417.69,0.0,53.517,43.3538,226187.27337646484,4532.74188232422
2026-07-17 14:45:01,gpu45,0,17,27.0,1416.95,0.0,53.517,43.3538,226187.27337646484,4532.74188232422
2026-07-17 14:45:01,gpu45,0,18,28.0,1418.36,0.0,53.517,43.3538,226187.27337646484,4532.74188232422
2026-07-17 14:45:01,gpu45,0,19,25.0,1416.95,0.0,53.517,43.3538,226187.27337646484,4532.74188232422
2026-07-17 14:45:01,gpu45,0,20,26.0,1422.52,0.0,53.517,43.3538,226187.27337646484,4532.74188232422
2026-07-17 14:45:01,gpu45,0,21,25.0,1419.5,0.0,53.517,43.3538,226187.27337646484,4532.74188232422
2026-07-17 14:45:01,gpu45,0,22,27.0,1416.01,0.0,53.517,43.3538,226187.27337646484,4532.74188232422
2026-07-17 14:45:01,gpu45,0,23,30.0,1418.73,0.0,53.517,43.3538,226187.27337646484,4532.74188232422
2026-07-17 14:45:01,gpu45,1,0,31.0,1452.85,0.0,64.8579,38.3741,90545.0247192383,170444.80682373047
2026-07-17 14:45:01,gpu45,1,1,31.0,1456.98,0.0,64.8579,38.3741,90545.0247192383,170444.80682373047
2026-07-17 14:45:01,gpu45,1,2,31.0,1452.78,0.0,64.8579,38.3741,90545.0247192383,170444.80682373047
2026-07-17 14:45:01,gpu45,1,3,29.0,1454.15,0.0,64.8579,38.3741,90545.0247192383,170444.80682373047
2026-07-17 14:45:01,gpu45,1,4,30.0,1458.23,0.0,64.8579,38.3741,90545.0247192383,170444.80682373047
2026-07-17 14:45:01,gpu45,1,5,30.0,1456.01,0.0,64.8579,38.3741,90545.0247192383,170444.80682373047
2026-07-17 14:45:01,gpu45,1,6,30.0,1452.61,0.0,64.8579,38.3741,90545.0247192383,170444.80682373047
2026-07-17 14:45:01,gpu45,1,7,29.0,1455.6,0.0,64.8579,38.3741,90545.0247192383,170444.80682373047
2026-07-17 14:45:01,gpu45,1,8,31.0,1451.57,0.0,64.8579,38.3741,90545.0247192383,170444.80682373047
2026-07-17 14:45:01,gpu45,1,9,28.0,1453.56,0.0,64.8579,38.3741,90545.0247192383,170444.80682373047
2026-07-17 14:45:01,gpu45,1,10,29.0,1452.28,0.0,64.8579,38.3741,90545.0247192383,170444.80682373047
2026-07-17 14:45:01,gpu45,1,11,30.0,1452.68,0.0,64.8579,38.3741,90545.0247192383,170444.80682373047
2026-07-17 14:45:01,gpu45,1,12,30.0,1450.6,0.0,64.8579,38.3741,90545.0247192383,170444.80682373047
2026-07-17 14:45:01,gpu45,1,13,28.0,1453.91,0.0,64.8579,38.3741,90545.0247192383,170444.80682373047
2026-07-17 14:45:01,gpu45,1,14,30.0,1452.77,0.0,64.8579,38.3741,90545.0247192383,170444.80682373047
2026-07-17 14:45:01,gpu45,1,15,31.0,1453.5,0.0,64.8579,38.3741,90545.0247192383,170444.80682373047
2026-07-17 14:45:01,gpu45,1,16,30.0,1453.43,0.0,64.8579,38.3741,90545.0247192383,170444.80682373047
2026-07-17 14:45:01,gpu45,1,17,28.0,1453.39,0.0,64.8579,38.3741,90545.0247192383,170444.80682373047
2026-07-17 14:45:01,gpu45,1,18,30.0,1454.95,0.0,64.8579,38.3741,90545.0247192383,170444.80682373047
2026-07-17 14:45:01,gpu45,1,19,28.0,1454.06,0.0,64.8579,38.3741,90545.0247192383,170444.80682373047
2026-07-17 14:45:01,gpu45,1,20,28.0,1453.24,0.0,64.8579,38.3741,90545.0247192383,170444.80682373047
2026-07-17 14:45:01,gpu45,1,21,29.0,1454.48,0.0,64.8579,38.3741,90545.0247192383,170444.80682373047
2026-07-17 14:45:01,gpu45,1,22,30.0,1451.34,0.0,64.8579,38.3741,90545.0247192383,170444.80682373047
2026-07-17 14:45:01,gpu45,1,23,30.0,1453.3,0.0,64.8579,38.3741,90545.0247192383,170444.80682373047
2026-07-17 14:50:01,cn21,0,0,24.0,1707.32,0.0,34.8222,28.0923,46809.27966308594,36244.17218017578
2026-07-17 14:50:01,cn21,0,1,26.0,1765.31,0.0,34.8222,28.0923,46809.27966308594,36244.17218017578
2026-07-17 14:50:01,cn21,0,2,26.0,1777.36,0.0,34.8222,28.0923,46809.27966308594,36244.17218017578
2026-07-17 14:50:01,cn21,0,3,23.0,1774.32,0.0,34.8222,28.0923,46809.27966308594,36244.17218017578
2026-07-17 14:50:01,cn21,0,4,24.0,1741.69,0.0,34.8222,28.0923,46809.27966308594,36244.17218017578
2026-07-17 14:50:01,cn21,0,5,25.0,1743.29,0.0,34.8222,28.0923,46809.27966308594,36244.17218017578
2026-07-17 14:50:01,cn21,0,6,26.0,1734.09,0.0,34.8222,28.0923,46809.27966308594,36244.17218017578
2026-07-17 14:50:01,cn21,0,7,23.0,1736.43,0.0,34.8222,28.0923,46809.27966308594,36244.17218017578
2026-07-17 14:50:01,cn21,0,8,27.0,1693.03,0.0,34.8222,28.0923,46809.27966308594,36244.17218017578
2026-07-17 14:50:01,cn21,0,9,27.0,1693.91,0.0,34.8222,28.0923,46809.27966308594,36244.17218017578
2026-07-17 14:50:01,cn21,0,10,28.0,1602.95,0.0,34.8222,28.0923,46809.27966308594,36244.17218017578
2026-07-17 14:50:01,cn21,0,11,28.0,1705.78,0.0,34.8222,28.0923,46809.27966308594,36244.17218017578
2026-07-17 14:50:01,cn21,0,12,25.0,1674.7,0.0,34.8222,28.0923,46809.27966308594,36244.17218017578
2026-07-17 14:50:01,cn21,0,13,23.0,1646.0,0.0,34.8222,28.0923,46809.27966308594,36244.17218017578
2026-07-17 14:50:01,cn21,0,14,24.0,1628.41,0.0,34.8222,28.0923,46809.27966308594,36244.17218017578
2026-07-17 14:50:01,cn21,0,15,26.0,1656.11,0.0,34.8222,28.0923,46809.27966308594,36244.17218017578
2026-07-17 14:50:01,cn21,0,16,26.0,1641.74,0.0,34.8222,28.0923,46809.27966308594,36244.17218017578
2026-07-17 14:50:01,cn21,0,17,24.0,1646.8,0.0,34.8222,28.0923,46809.27966308594,36244.17218017578
2026-07-17 14:50:01,cn21,0,18,27.0,1458.52,0.0,34.8222,28.0923,46809.27966308594,36244.17218017578
2026-07-17 14:50:01,cn21,0,19,22.0,1627.3,0.0,34.8222,28.0923,46809.27966308594,36244.17218017578
2026-07-17 14:50:01,cn21,0,20,23.0,1660.67,0.0,34.8222,28.0923,46809.27966308594,36244.17218017578
2026-07-17 14:50:01,cn21,0,21,25.0,1645.05,0.0,34.8222,28.0923,46809.27966308594,36244.17218017578
2026-07-17 14:50:01,cn21,0,22,26.0,1643.18,0.0,34.8222,28.0923,46809.27966308594,36244.17218017578
2026-07-17 14:50:01,cn21,0,23,25.0,1630.12,0.0,34.8222,28.0923,46809.27966308594,36244.17218017578
2026-07-17 14:50:01,cn21,1,0,33.0,1555.53,0.0,39.4797,49.0252,231426.4213256836,12690.103454589844
2026-07-17 14:50:01,cn21,1,1,31.0,1620.88,0.0,39.4797,49.0252,231426.4213256836,12690.103454589844
2026-07-17 14:50:01,cn21,1,2,28.0,1626.02,0.0,39.4797,49.0252,231426.4213256836,12690.103454589844
2026-07-17 14:50:01,cn21,1,3,25.0,1639.35,0.0,39.4797,49.0252,231426.4213256836,12690.103454589844
2026-07-17 14:50:01,cn21,1,4,25.0,1622.02,0.0,39.4797,49.0252,231426.4213256836,12690.103454589844
2026-07-17 14:50:01,cn21,1,5,26.0,1580.79,0.0,39.4797,49.0252,231426.4213256836,12690.103454589844
2026-07-17 14:50:01,cn21,1,6,26.0,1646.68,0.0,39.4797,49.0252,231426.4213256836,12690.103454589844
2026-07-17 14:50:01,cn21,1,7,25.0,1633.03,0.0,39.4797,49.0252,231426.4213256836,12690.103454589844
2026-07-17 14:50:01,cn21,1,8,25.0,1549.63,0.0,39.4797,49.0252,231426.4213256836,12690.103454589844
2026-07-17 14:50:01,cn21,1,9,26.0,1515.41,0.0,39.4797,49.0252,231426.4213256836,12690.103454589844
2026-07-17 14:50:01,cn21,1,10,27.0,1579.88,0.0,39.4797,49.0252,231426.4213256836,12690.103454589844
2026-07-17 14:50:01,cn21,1,11,28.0,1543.6,0.0,39.4797,49.0252,231426.4213256836,12690.103454589844
2026-07-17 14:50:01,cn21,1,12,30.0,1395.2,0.0,39.4797,49.0252,231426.4213256836,12690.103454589844
2026-07-17 14:50:01,cn21,1,13,28.0,1381.71,0.0,39.4797,49.0252,231426.4213256836,12690.103454589844
2026-07-17 14:50:01,cn21,1,14,27.0,1552.85,0.0,39.4797,49.0252,231426.4213256836,12690.103454589844
2026-07-17 14:50:01,cn21,1,15,27.0,1475.31,0.0,39.4797,49.0252,231426.4213256836,12690.103454589844
2026-07-17 14:50:01,cn21,1,16,28.0,1559.65,0.0,39.4797,49.0252,231426.4213256836,12690.103454589844
2026-07-17 14:50:01,cn21,1,17,28.0,1540.45,0.0,39.4797,49.0252,231426.4213256836,12690.103454589844
2026-07-17 14:50:01,cn21,1,18,26.0,1448.98,0.0,39.4797,49.0252,231426.4213256836,12690.103454589844
2026-07-17 14:50:01,cn21,1,19,25.0,1459.76,0.0,39.4797,49.0252,231426.4213256836,12690.103454589844
2026-07-17 14:50:01,cn21,1,20,26.0,1293.69,0.0,39.4797,49.0252,231426.4213256836,12690.103454589844
2026-07-17 14:50:01,cn21,1,21,27.0,1350.46,0.0,39.4797,49.0252,231426.4213256836,12690.103454589844
2026-07-17 14:50:01,cn21,1,22,28.0,1344.77,0.0,39.4797,49.0252,231426.4213256836,12690.103454589844
2026-07-17 14:50:01,cn21,1,23,28.0,1457.59,0.0,39.4797,49.0252,231426.4213256836,12690.103454589844
2026-07-17 14:50:01,gpu45,0,0,30.0,1431.34,0.02,53.6718,43.3344,242197.63104248047,17380.528442382812
2026-07-17 14:50:01,gpu45,0,1,28.0,1431.93,0.0,53.6718,43.3344,242197.63104248047,17380.528442382812
2026-07-17 14:50:01,gpu45,0,2,29.0,1428.29,0.0,53.6718,43.3344,242197.63104248047,17380.528442382812
2026-07-17 14:50:01,gpu45,0,3,26.0,1423.54,0.0,53.6718,43.3344,242197.63104248047,17380.528442382812
2026-07-17 14:50:01,gpu45,0,4,26.0,1418.99,0.0,53.6718,43.3344,242197.63104248047,17380.528442382812
2026-07-17 14:50:01,gpu45,0,5,27.0,1417.41,0.0,53.6718,43.3344,242197.63104248047,17380.528442382812
2026-07-17 14:50:01,gpu45,0,6,28.0,1417.55,0.0,53.6718,43.3344,242197.63104248047,17380.528442382812
2026-07-17 14:50:01,gpu45,0,7,25.0,1421.72,0.0,53.6718,43.3344,242197.63104248047,17380.528442382812
2026-07-17 14:50:01,gpu45,0,8,26.0,1415.42,0.0,53.6718,43.3344,242197.63104248047,17380.528442382812
2026-07-17 14:50:01,gpu45,0,9,26.0,1419.89,0.0,53.6718,43.3344,242197.63104248047,17380.528442382812
2026-07-17 14:50:01,gpu45,0,10,29.0,1415.37,0.0,53.6718,43.3344,242197.63104248047,17380.528442382812
2026-07-17 14:50:01,gpu45,0,11,28.0,1417.19,0.0,53.6718,43.3344,242197.63104248047,17380.528442382812
2026-07-17 14:50:01,gpu45,0,12,26.0,1418.39,0.0,53.6718,43.3344,242197.63104248047,17380.528442382812
2026-07-17 14:50:01,gpu45,0,13,26.0,1412.59,0.0,53.6718,43.3344,242197.63104248047,17380.528442382812
2026-07-17 14:50:01,gpu45,0,14,26.0,1417.36,0.0,53.6718,43.3344,242197.63104248047,17380.528442382812
2026-07-17 14:50:01,gpu45,0,15,28.0,1417.43,0.0,53.6718,43.3344,242197.63104248047,17380.528442382812
2026-07-17 14:50:01,gpu45,0,16,26.0,1417.69,0.0,53.6718,43.3344,242197.63104248047,17380.528442382812
2026-07-17 14:50:01,gpu45,0,17,27.0,1416.95,0.0,53.6718,43.3344,242197.63104248047,17380.528442382812
2026-07-17 14:50:01,gpu45,0,18,28.0,1418.36,0.0,53.6718,43.3344,242197.63104248047,17380.528442382812
2026-07-17 14:50:01,gpu45,0,19,25.0,1416.95,0.0,53.6718,43.3344,242197.63104248047,17380.528442382812
2026-07-17 14:50:01,gpu45,0,20,26.0,1422.52,0.0,53.6718,43.3344,242197.63104248047,17380.528442382812
2026-07-17 14:50:01,gpu45,0,21,25.0,1419.5,0.0,53.6718,43.3344,242197.63104248047,17380.528442382812
2026-07-17 14:50:01,gpu45,0,22,27.0,1416.01,0.0,53.6718,43.3344,242197.63104248047,17380.528442382812
2026-07-17 14:50:01,gpu45,0,23,29.0,1418.73,0.0,53.6718,43.3344,242197.63104248047,17380.528442382812
2026-07-17 14:50:01,gpu45,1,0,30.0,1452.84,0.0,64.852,38.4908,106043.20733642578,181480.23376464844
2026-07-17 14:50:01,gpu45,1,1,30.0,1456.98,0.0,64.852,38.4908,106043.20733642578,181480.23376464844
2026-07-17 14:50:01,gpu45,1,2,31.0,1452.78,0.0,64.852,38.4908,106043.20733642578,181480.23376464844
2026-07-17 14:50:01,gpu45,1,3,28.0,1454.15,0.0,64.852,38.4908,106043.20733642578,181480.23376464844
2026-07-17 14:50:01,gpu45,1,4,29.0,1458.23,0.0,64.852,38.4908,106043.20733642578,181480.23376464844
2026-07-17 14:50:01,gpu45,1,5,29.0,1456.0,0.0,64.852,38.4908,106043.20733642578,181480.23376464844
2026-07-17 14:50:01,gpu45,1,6,30.0,1452.61,0.99,64.852,38.4908,106043.20733642578,181480.23376464844
2026-07-17 14:50:01,gpu45,1,7,28.0,1455.6,0.0,64.852,38.4908,106043.20733642578,181480.23376464844
2026-07-17 14:50:01,gpu45,1,8,30.0,1451.57,0.0,64.852,38.4908,106043.20733642578,181480.23376464844
2026-07-17 14:50:01,gpu45,1,9,29.0,1453.56,0.0,64.852,38.4908,106043.20733642578,181480.23376464844
2026-07-17 14:50:01,gpu45,1,10,29.0,1452.28,0.0,64.852,38.4908,106043.20733642578,181480.23376464844
2026-07-17 14:50:01,gpu45,1,11,29.0,1452.68,0.0,64.852,38.4908,106043.20733642578,181480.23376464844
2026-07-17 14:50:01,gpu45,1,12,29.0,1450.6,0.0,64.852,38.4908,106043.20733642578,181480.23376464844
2026-07-17 14:50:01,gpu45,1,13,27.0,1453.91,0.0,64.852,38.4908,106043.20733642578,181480.23376464844
2026-07-17 14:50:01,gpu45,1,14,30.0,1452.77,0.0,64.852,38.4908,106043.20733642578,181480.23376464844
2026-07-17 14:50:01,gpu45,1,15,31.0,1453.5,0.0,64.852,38.4908,106043.20733642578,181480.23376464844
2026-07-17 14:50:01,gpu45,1,16,30.0,1453.43,0.0,64.852,38.4908,106043.20733642578,181480.23376464844
2026-07-17 14:50:01,gpu45,1,17,27.0,1453.39,0.0,64.852,38.4908,106043.20733642578,181480.23376464844
2026-07-17 14:50:01,gpu45,1,18,30.0,1454.95,0.0,64.852,38.4908,106043.20733642578,181480.23376464844
2026-07-17 14:50:01,gpu45,1,19,27.0,1454.05,0.0,64.852,38.4908,106043.20733642578,181480.23376464844
2026-07-17 14:50:01,gpu45,1,20,28.0,1453.24,0.0,64.852,38.4908,106043.20733642578,181480.23376464844
2026-07-17 14:50:01,gpu45,1,21,29.0,1454.48,0.0,64.852,38.4908,106043.20733642578,181480.23376464844
2026-07-17 14:50:01,gpu45,1,22,30.0,1451.34,0.0,64.852,38.4908,106043.20733642578,181480.23376464844
2026-07-17 14:50:01,gpu45,1,23,30.0,1453.29,0.0,64.852,38.4908,106043.20733642578,181480.23376464844
2026-07-17 14:55:01,cn21,0,0,25.0,1707.31,0.02,35.2601,28.8768,51489.68957519531,41587.16149902344
2026-07-17 14:55:01,cn21,0,1,27.0,1765.31,0.0,35.2601,28.8768,51489.68957519531,41587.16149902344
2026-07-17 14:55:01,cn21,0,2,26.0,1777.36,0.0,35.2601,28.8768,51489.68957519531,41587.16149902344
2026-07-17 14:55:01,cn21,0,3,23.0,1774.32,0.0,35.2601,28.8768,51489.68957519531,41587.16149902344
2026-07-17 14:55:01,cn21,0,4,25.0,1741.69,0.0,35.2601,28.8768,51489.68957519531,41587.16149902344
2026-07-17 14:55:01,cn21,0,5,26.0,1743.28,0.0,35.2601,28.8768,51489.68957519531,41587.16149902344
2026-07-17 14:55:01,cn21,0,6,26.0,1734.08,0.0,35.2601,28.8768,51489.68957519531,41587.16149902344
2026-07-17 14:55:01,cn21,0,7,23.0,1736.43,0.0,35.2601,28.8768,51489.68957519531,41587.16149902344
2026-07-17 14:55:01,cn21,0,8,28.0,1693.02,0.0,35.2601,28.8768,51489.68957519531,41587.16149902344
2026-07-17 14:55:01,cn21,0,9,28.0,1693.91,0.0,35.2601,28.8768,51489.68957519531,41587.16149902344
2026-07-17 14:55:01,cn21,0,10,28.0,1602.95,0.0,35.2601,28.8768,51489.68957519531,41587.16149902344
2026-07-17 14:55:01,cn21,0,11,29.0,1705.77,0.0,35.2601,28.8768,51489.68957519531,41587.16149902344
2026-07-17 14:55:01,cn21,0,12,26.0,1674.65,0.0,35.2601,28.8768,51489.68957519531,41587.16149902344
2026-07-17 14:55:01,cn21,0,13,23.0,1645.99,0.0,35.2601,28.8768,51489.68957519531,41587.16149902344
2026-07-17 14:55:01,cn21,0,14,24.0,1628.41,0.0,35.2601,28.8768,51489.68957519531,41587.16149902344
2026-07-17 14:55:01,cn21,0,15,27.0,1656.11,0.0,35.2601,28.8768,51489.68957519531,41587.16149902344
2026-07-17 14:55:01,cn21,0,16,26.0,1641.73,0.0,35.2601,28.8768,51489.68957519531,41587.16149902344
2026-07-17 14:55:01,cn21,0,17,25.0,1646.8,0.0,35.2601,28.8768,51489.68957519531,41587.16149902344
2026-07-17 14:55:01,cn21,0,18,28.0,1458.47,0.0,35.2601,28.8768,51489.68957519531,41587.16149902344
2026-07-17 14:55:01,cn21,0,19,22.0,1627.3,0.0,35.2601,28.8768,51489.68957519531,41587.16149902344
2026-07-17 14:55:01,cn21,0,20,24.0,1660.67,0.0,35.2601,28.8768,51489.68957519531,41587.16149902344
2026-07-17 14:55:01,cn21,0,21,26.0,1645.05,0.0,35.2601,28.8768,51489.68957519531,41587.16149902344
2026-07-17 14:55:01,cn21,0,22,27.0,1643.18,0.0,35.2601,28.8768,51489.68957519531,41587.16149902344
2026-07-17 14:55:01,cn21,0,23,26.0,1630.12,0.0,35.2601,28.8768,51489.68957519531,41587.16149902344
2026-07-17 14:55:01,cn21,1,0,37.0,1555.54,0.0,39.6166,50.6007,235299.0444946289,22142.029174804688
2026-07-17 14:55:01,cn21,1,1,30.0,1621.1,0.0,39.6166,50.6007,235299.0444946289,22142.029174804688
2026-07-17 14:55:01,cn21,1,2,28.0,1626.0,0.0,39.6166,50.6007,235299.0444946289,22142.029174804688
2026-07-17 14:55:01,cn21,1,3,25.0,1639.35,0.0,39.6166,50.6007,235299.0444946289,22142.029174804688
2026-07-17 14:55:01,cn21,1,4,26.0,1622.13,0.0,39.6166,50.6007,235299.0444946289,22142.029174804688
2026-07-17 14:55:01,cn21,1,5,27.0,1580.78,0.0,39.6166,50.6007,235299.0444946289,22142.029174804688
2026-07-17 14:55:01,cn21,1,6,28.0,1646.5,0.0,39.6166,50.6007,235299.0444946289,22142.029174804688
2026-07-17 14:55:01,cn21,1,7,26.0,1633.02,0.0,39.6166,50.6007,235299.0444946289,22142.029174804688
2026-07-17 14:55:01,cn21,1,8,26.0,1549.63,0.0,39.6166,50.6007,235299.0444946289,22142.029174804688
2026-07-17 14:55:01,cn21,1,9,26.0,1515.4,0.0,39.6166,50.6007,235299.0444946289,22142.029174804688
2026-07-17 14:55:01,cn21,1,10,28.0,1579.79,0.0,39.6166,50.6007,235299.0444946289,22142.029174804688
2026-07-17 14:55:01,cn21,1,11,29.0,1543.57,0.0,39.6166,50.6007,235299.0444946289,22142.029174804688
2026-07-17 14:55:01,cn21,1,12,30.0,1395.2,0.99,39.6166,50.6007,235299.0444946289,22142.029174804688
2026-07-17 14:55:01,cn21,1,13,28.0,1381.71,0.0,39.6166,50.6007,235299.0444946289,22142.029174804688
2026-07-17 14:55:01,cn21,1,14,27.0,1552.85,0.0,39.6166,50.6007,235299.0444946289,22142.029174804688
2026-07-17 14:55:01,cn21,1,15,28.0,1475.19,0.0,39.6166,50.6007,235299.0444946289,22142.029174804688
2026-07-17 14:55:01,cn21,1,16,28.0,1559.65,0.0,39.6166,50.6007,235299.0444946289,22142.029174804688
2026-07-17 14:55:01,cn21,1,17,28.0,1540.28,0.0,39.6166,50.6007,235299.0444946289,22142.029174804688
2026-07-17 14:55:01,cn21,1,18,27.0,1448.98,0.0,39.6166,50.6007,235299.0444946289,22142.029174804688
2026-07-17 14:55:01,cn21,1,19,26.0,1460.39,0.0,39.6166,50.6007,235299.0444946289,22142.029174804688
2026-07-17 14:55:01,cn21,1,20,27.0,1294.81,0.0,39.6166,50.6007,235299.0444946289,22142.029174804688
2026-07-17 14:55:01,cn21,1,21,28.0,1351.81,0.0,39.6166,50.6007,235299.0444946289,22142.029174804688
2026-07-17 14:55:01,cn21,1,22,29.0,1345.28,0.0,39.6166,50.6007,235299.0444946289,22142.029174804688
2026-07-17 14:55:01,cn21,1,23,29.0,1457.59,0.0,39.6166,50.6007,235299.0444946289,22142.029174804688
2026-07-17 14:55:01,gpu45,0,0,29.0,1431.34,0.0,53.7908,42.7811,258254.1143798828,30211.463806152344
2026-07-17 14:55:01,gpu45,0,1,28.0,1431.92,0.0,53.7908,42.7811,258254.1143798828,30211.463806152344
2026-07-17 14:55:01,gpu45,0,2,29.0,1428.28,0.0,53.7908,42.7811,258254.1143798828,30211.463806152344
2026-07-17 14:55:01,gpu45,0,3,26.0,1423.54,0.0,53.7908,42.7811,258254.1143798828,30211.463806152344
2026-07-17 14:55:01,gpu45,0,4,25.0,1418.99,0.0,53.7908,42.7811,258254.1143798828,30211.463806152344
2026-07-17 14:55:01,gpu45,0,5,26.0,1417.41,0.0,53.7908,42.7811,258254.1143798828,30211.463806152344
2026-07-17 14:55:01,gpu45,0,6,27.0,1417.55,0.0,53.7908,42.7811,258254.1143798828,30211.463806152344
2026-07-17 14:55:01,gpu45,0,7,25.0,1421.72,0.0,53.7908,42.7811,258254.1143798828,30211.463806152344
2026-07-17 14:55:01,gpu45,0,8,26.0,1415.41,0.0,53.7908,42.7811,258254.1143798828,30211.463806152344
2026-07-17 14:55:01,gpu45,0,9,26.0,1419.89,0.0,53.7908,42.7811,258254.1143798828,30211.463806152344
2026-07-17 14:55:01,gpu45,0,10,28.0,1415.37,0.0,53.7908,42.7811,258254.1143798828,30211.463806152344
2026-07-17 14:55:01,gpu45,0,11,28.0,1417.18,0.0,53.7908,42.7811,258254.1143798828,30211.463806152344
2026-07-17 14:55:01,gpu45,0,12,26.0,1418.39,0.0,53.7908,42.7811,258254.1143798828,30211.463806152344
2026-07-17 14:55:01,gpu45,0,13,26.0,1412.59,0.0,53.7908,42.7811,258254.1143798828,30211.463806152344
2026-07-17 14:55:01,gpu45,0,14,26.0,1417.35,0.0,53.7908,42.7811,258254.1143798828,30211.463806152344
2026-07-17 14:55:01,gpu45,0,15,27.0,1417.42,0.0,53.7908,42.7811,258254.1143798828,30211.463806152344
2026-07-17 14:55:01,gpu45,0,16,26.0,1417.69,0.0,53.7908,42.7811,258254.1143798828,30211.463806152344
2026-07-17 14:55:01,gpu45,0,17,27.0,1416.94,0.0,53.7908,42.7811,258254.1143798828,30211.463806152344
2026-07-17 14:55:01,gpu45,0,18,28.0,1418.35,0.0,53.7908,42.7811,258254.1143798828,30211.463806152344
2026-07-17 14:55:01,gpu45,0,19,24.0,1416.95,0.0,53.7908,42.7811,258254.1143798828,30211.463806152344
2026-07-17 14:55:01,gpu45,0,20,25.0,1422.52,0.0,53.7908,42.7811,258254.1143798828,30211.463806152344
2026-07-17 14:55:01,gpu45,0,21,24.0,1419.49,0.0,53.7908,42.7811,258254.1143798828,30211.463806152344
2026-07-17 14:55:01,gpu45,0,22,27.0,1416.0,0.0,53.7908,42.7811,258254.1143798828,30211.463806152344
2026-07-17 14:55:01,gpu45,0,23,29.0,1418.72,0.0,53.7908,42.7811,258254.1143798828,30211.463806152344
2026-07-17 14:55:01,gpu45,1,0,31.0,1452.84,0.0,64.7471,38.2104,121505.18176269531,192507.44482421875
2026-07-17 14:55:01,gpu45,1,1,30.0,1456.98,0.0,64.7471,38.2104,121505.18176269531,192507.44482421875
2026-07-17 14:55:01,gpu45,1,2,31.0,1452.77,0.0,64.7471,38.2104,121505.18176269531,192507.44482421875
2026-07-17 14:55:01,gpu45,1,3,28.0,1454.15,0.0,64.7471,38.2104,121505.18176269531,192507.44482421875
2026-07-17 14:55:01,gpu45,1,4,29.0,1458.23,0.0,64.7471,38.2104,121505.18176269531,192507.44482421875
2026-07-17 14:55:01,gpu45,1,5,30.0,1456.0,0.0,64.7471,38.2104,121505.18176269531,192507.44482421875
2026-07-17 14:55:01,gpu45,1,6,36.0,1452.61,0.0,64.7471,38.2104,121505.18176269531,192507.44482421875
2026-07-17 14:55:01,gpu45,1,7,28.0,1455.6,0.0,64.7471,38.2104,121505.18176269531,192507.44482421875
2026-07-17 14:55:01,gpu45,1,8,28.0,1451.57,0.0,64.7471,38.2104,121505.18176269531,192507.44482421875
2026-07-17 14:55:01,gpu45,1,9,27.0,1453.55,0.0,64.7471,38.2104,121505.18176269531,192507.44482421875
2026-07-17 14:55:01,gpu45,1,10,29.0,1452.28,0.0,64.7471,38.2104,121505.18176269531,192507.44482421875
2026-07-17 14:55:01,gpu45,1,11,30.0,1452.68,0.0,64.7471,38.2104,121505.18176269531,192507.44482421875
2026-07-17 14:55:01,gpu45,1,12,30.0,1450.6,0.0,64.7471,38.2104,121505.18176269531,192507.44482421875
2026-07-17 14:55:01,gpu45,1,13,27.0,1453.91,0.0,64.7471,38.2104,121505.18176269531,192507.44482421875
2026-07-17 14:55:01,gpu45,1,14,29.0,1452.77,0.0,64.7471,38.2104,121505.18176269531,192507.44482421875
2026-07-17 14:55:01,gpu45,1,15,31.0,1453.5,0.0,64.7471,38.2104,121505.18176269531,192507.44482421875
2026-07-17 14:55:01,gpu45,1,16,30.0,1453.43,0.0,64.7471,38.2104,121505.18176269531,192507.44482421875
2026-07-17 14:55:01,gpu45,1,17,28.0,1453.38,0.0,64.7471,38.2104,121505.18176269531,192507.44482421875
2026-07-17 14:55:01,gpu45,1,18,31.0,1454.95,0.0,64.7471,38.2104,121505.18176269531,192507.44482421875
2026-07-17 14:55:01,gpu45,1,19,26.0,1454.05,0.0,64.7471,38.2104,121505.18176269531,192507.44482421875
2026-07-17 14:55:01,gpu45,1,20,27.0,1453.24,0.0,64.7471,38.2104,121505.18176269531,192507.44482421875
2026-07-17 14:55:01,gpu45,1,21,28.0,1454.48,0.0,64.7471,38.2104,121505.18176269531,192507.44482421875
2026-07-17 14:55:01,gpu45,1,22,30.0,1451.33,0.0,64.7471,38.2104,121505.18176269531,192507.44482421875
2026-07-17 14:55:01,gpu45,1,23,30.0,1453.29,0.0,64.7471,38.2104,121505.18176269531,192507.44482421875
2026-07-17 15:00:01,cn21,0,0,25.0,1707.3,0.06,34.9858,28.9628,56076.46911621094,46879.27880859375
2026-07-17 15:00:01,cn21,0,1,26.0,1765.31,0.0,34.9858,28.9628,56076.46911621094,46879.27880859375
2026-07-17 15:00:01,cn21,0,2,26.0,1777.36,0.0,34.9858,28.9628,56076.46911621094,46879.27880859375
2026-07-17 15:00:01,cn21,0,3,23.0,1774.32,0.99,34.9858,28.9628,56076.46911621094,46879.27880859375
2026-07-17 15:00:01,cn21,0,4,24.0,1741.69,0.0,34.9858,28.9628,56076.46911621094,46879.27880859375
2026-07-17 15:00:01,cn21,0,5,25.0,1743.28,0.0,34.9858,28.9628,56076.46911621094,46879.27880859375
2026-07-17 15:00:01,cn21,0,6,26.0,1734.06,0.0,34.9858,28.9628,56076.46911621094,46879.27880859375
2026-07-17 15:00:01,cn21,0,7,23.0,1736.43,0.0,34.9858,28.9628,56076.46911621094,46879.27880859375
2026-07-17 15:00:01,cn21,0,8,28.0,1693.02,0.0,34.9858,28.9628,56076.46911621094,46879.27880859375
2026-07-17 15:00:01,cn21,0,9,27.0,1693.91,0.0,34.9858,28.9628,56076.46911621094,46879.27880859375
2026-07-17 15:00:01,cn21,0,10,28.0,1602.95,0.0,34.9858,28.9628,56076.46911621094,46879.27880859375
2026-07-17 15:00:01,cn21,0,11,29.0,1705.77,0.0,34.9858,28.9628,56076.46911621094,46879.27880859375
2026-07-17 15:00:01,cn21,0,12,26.0,1674.65,0.0,34.9858,28.9628,56076.46911621094,46879.27880859375
2026-07-17 15:00:01,cn21,0,13,23.0,1645.98,0.0,34.9858,28.9628,56076.46911621094,46879.27880859375
2026-07-17 15:00:01,cn21,0,14,24.0,1628.41,0.0,34.9858,28.9628,56076.46911621094,46879.27880859375
2026-07-17 15:00:01,cn21,0,15,27.0,1656.1,0.0,34.9858,28.9628,56076.46911621094,46879.27880859375
2026-07-17 15:00:01,cn21,0,16,26.0,1641.73,0.0,34.9858,28.9628,56076.46911621094,46879.27880859375
2026-07-17 15:00:01,cn21,0,17,24.0,1646.8,0.0,34.9858,28.9628,56076.46911621094,46879.27880859375
2026-07-17 15:00:01,cn21,0,18,27.0,1458.42,0.0,34.9858,28.9628,56076.46911621094,46879.27880859375
2026-07-17 15:00:01,cn21,0,19,22.0,1627.3,0.0,34.9858,28.9628,56076.46911621094,46879.27880859375
2026-07-17 15:00:01,cn21,0,20,24.0,1660.67,0.0,34.9858,28.9628,56076.46911621094,46879.27880859375
2026-07-17 15:00:01,cn21,0,21,25.0,1645.05,0.0,34.9858,28.9628,56076.46911621094,46879.27880859375
2026-07-17 15:00:01,cn21,0,22,27.0,1643.18,0.0,34.9858,28.9628,56076.46911621094,46879.27880859375
2026-07-17 15:00:01,cn21,0,23,25.0,1630.12,0.0,34.9858,28.9628,56076.46911621094,46879.27880859375
2026-07-17 15:00:01,cn21,1,0,32.0,1555.55,0.0,39.7634,49.8586,239173.1103515625,31648.50537109375
2026-07-17 15:00:01,cn21,1,1,29.0,1621.1,0.99,39.7634,49.8586,239173.1103515625,31648.50537109375
2026-07-17 15:00:01,cn21,1,2,28.0,1625.98,0.0,39.7634,49.8586,239173.1103515625,31648.50537109375
2026-07-17 15:00:01,cn21,1,3,26.0,1639.34,0.0,39.7634,49.8586,239173.1103515625,31648.50537109375
2026-07-17 15:00:01,cn21,1,4,25.0,1622.13,0.0,39.7634,49.8586,239173.1103515625,31648.50537109375
2026-07-17 15:00:01,cn21,1,5,27.0,1580.78,0.0,39.7634,49.8586,239173.1103515625,31648.50537109375
2026-07-17 15:00:01,cn21,1,6,28.0,1646.36,0.0,39.7634,49.8586,239173.1103515625,31648.50537109375
2026-07-17 15:00:01,cn21,1,7,25.0,1633.02,0.99,39.7634,49.8586,239173.1103515625,31648.50537109375
2026-07-17 15:00:01,cn21,1,8,26.0,1549.65,0.0,39.7634,49.8586,239173.1103515625,31648.50537109375
2026-07-17 15:00:01,cn21,1,9,27.0,1515.4,0.0,39.7634,49.8586,239173.1103515625,31648.50537109375
2026-07-17 15:00:01,cn21,1,10,27.0,1579.78,0.0,39.7634,49.8586,239173.1103515625,31648.50537109375
2026-07-17 15:00:01,cn21,1,11,28.0,1543.49,0.0,39.7634,49.8586,239173.1103515625,31648.50537109375
2026-07-17 15:00:01,cn21,1,12,30.0,1395.2,0.0,39.7634,49.8586,239173.1103515625,31648.50537109375
2026-07-17 15:00:01,cn21,1,13,27.0,1381.71,0.0,39.7634,49.8586,239173.1103515625,31648.50537109375
2026-07-17 15:00:01,cn21,1,14,26.0,1552.84,0.0,39.7634,49.8586,239173.1103515625,31648.50537109375
2026-07-17 15:00:01,cn21,1,15,28.0,1475.09,0.0,39.7634,49.8586,239173.1103515625,31648.50537109375
2026-07-17 15:00:01,cn21,1,16,28.0,1559.65,0.0,39.7634,49.8586,239173.1103515625,31648.50537109375
2026-07-17 15:00:01,cn21,1,17,28.0,1539.99,0.0,39.7634,49.8586,239173.1103515625,31648.50537109375
2026-07-17 15:00:01,cn21,1,18,26.0,1448.97,0.0,39.7634,49.8586,239173.1103515625,31648.50537109375
2026-07-17 15:00:01,cn21,1,19,27.0,1462.3,0.0,39.7634,49.8586,239173.1103515625,31648.50537109375
2026-07-17 15:00:01,cn21,1,20,29.0,1296.3,0.0,39.7634,49.8586,239173.1103515625,31648.50537109375
2026-07-17 15:00:01,cn21,1,21,28.0,1352.6,0.0,39.7634,49.8586,239173.1103515625,31648.50537109375
2026-07-17 15:00:01,cn21,1,22,29.0,1345.28,0.0,39.7634,49.8586,239173.1103515625,31648.50537109375
2026-07-17 15:00:01,cn21,1,23,28.0,1457.6,0.0,39.7634,49.8586,239173.1103515625,31648.50537109375
2026-07-17 15:00:01,gpu45,0,0,30.0,1431.34,0.02,53.4862,42.8148,12116.258361816406,43010.728271484375
2026-07-17 15:00:01,gpu45,0,1,29.0,1431.92,0.0,53.4862,42.8148,12116.258361816406,43010.728271484375
2026-07-17 15:00:01,gpu45,0,2,29.0,1428.28,0.0,53.4862,42.8148,12116.258361816406,43010.728271484375
2026-07-17 15:00:01,gpu45,0,3,26.0,1423.54,0.0,53.4862,42.8148,12116.258361816406,43010.728271484375
2026-07-17 15:00:01,gpu45,0,4,26.0,1418.99,0.0,53.4862,42.8148,12116.258361816406,43010.728271484375
2026-07-17 15:00:01,gpu45,0,5,27.0,1417.41,0.0,53.4862,42.8148,12116.258361816406,43010.728271484375
2026-07-17 15:00:01,gpu45,0,6,28.0,1417.55,0.0,53.4862,42.8148,12116.258361816406,43010.728271484375
2026-07-17 15:00:01,gpu45,0,7,25.0,1421.71,0.0,53.4862,42.8148,12116.258361816406,43010.728271484375
2026-07-17 15:00:01,gpu45,0,8,27.0,1415.41,0.0,53.4862,42.8148,12116.258361816406,43010.728271484375
2026-07-17 15:00:01,gpu45,0,9,26.0,1419.89,0.0,53.4862,42.8148,12116.258361816406,43010.728271484375
2026-07-17 15:00:01,gpu45,0,10,29.0,1415.37,0.0,53.4862,42.8148,12116.258361816406,43010.728271484375
2026-07-17 15:00:01,gpu45,0,11,28.0,1417.18,0.0,53.4862,42.8148,12116.258361816406,43010.728271484375
2026-07-17 15:00:01,gpu45,0,12,27.0,1418.39,0.99,53.4862,42.8148,12116.258361816406,43010.728271484375
2026-07-17 15:00:01,gpu45,0,13,26.0,1412.59,0.0,53.4862,42.8148,12116.258361816406,43010.728271484375
2026-07-17 15:00:01,gpu45,0,14,26.0,1417.35,0.0,53.4862,42.8148,12116.258361816406,43010.728271484375
2026-07-17 15:00:01,gpu45,0,15,28.0,1417.42,0.0,53.4862,42.8148,12116.258361816406,43010.728271484375
2026-07-17 15:00:01,gpu45,0,16,27.0,1417.68,0.0,53.4862,42.8148,12116.258361816406,43010.728271484375
2026-07-17 15:00:01,gpu45,0,17,27.0,1416.94,0.0,53.4862,42.8148,12116.258361816406,43010.728271484375
2026-07-17 15:00:01,gpu45,0,18,29.0,1418.35,0.0,53.4862,42.8148,12116.258361816406,43010.728271484375
2026-07-17 15:00:01,gpu45,0,19,25.0,1416.95,0.0,53.4862,42.8148,12116.258361816406,43010.728271484375
2026-07-17 15:00:01,gpu45,0,20,26.0,1422.52,0.0,53.4862,42.8148,12116.258361816406,43010.728271484375
2026-07-17 15:00:01,gpu45,0,21,26.0,1419.49,0.0,53.4862,42.8148,12116.258361816406,43010.728271484375
2026-07-17 15:00:01,gpu45,0,22,28.0,1416.0,0.0,53.4862,42.8148,12116.258361816406,43010.728271484375
2026-07-17 15:00:01,gpu45,0,23,30.0,1418.72,0.0,53.4862,42.8148,12116.258361816406,43010.728271484375
2026-07-17 15:00:01,gpu45,1,0,31.0,1452.84,0.0,64.8754,39.0764,137003.07061767578,203490.039855957
2026-07-17 15:00:01,gpu45,1,1,31.0,1456.98,0.0,64.8754,39.0764,137003.07061767578,203490.039855957
2026-07-17 15:00:01,gpu45,1,2,31.0,1452.77,0.0,64.8754,39.0764,137003.07061767578,203490.039855957
2026-07-17 15:00:01,gpu45,1,3,28.0,1454.14,0.0,64.8754,39.0764,137003.07061767578,203490.039855957
2026-07-17 15:00:01,gpu45,1,4,31.0,1458.23,0.0,64.8754,39.0764,137003.07061767578,203490.039855957
2026-07-17 15:00:01,gpu45,1,5,30.0,1456.0,0.0,64.8754,39.0764,137003.07061767578,203490.039855957
2026-07-17 15:00:01,gpu45,1,6,30.0,1452.61,0.0,64.8754,39.0764,137003.07061767578,203490.039855957
2026-07-17 15:00:01,gpu45,1,7,28.0,1455.6,0.0,64.8754,39.0764,137003.07061767578,203490.039855957
2026-07-17 15:00:01,gpu45,1,8,28.0,1451.56,0.0,64.8754,39.0764,137003.07061767578,203490.039855957
2026-07-17 15:00:01,gpu45,1,9,28.0,1453.55,0.0,64.8754,39.0764,137003.07061767578,203490.039855957
2026-07-17 15:00:01,gpu45,1,10,30.0,1452.28,0.0,64.8754,39.0764,137003.07061767578,203490.039855957
2026-07-17 15:00:01,gpu45,1,11,30.0,1452.68,0.0,64.8754,39.0764,137003.07061767578,203490.039855957
2026-07-17 15:00:01,gpu45,1,12,30.0,1450.6,0.0,64.8754,39.0764,137003.07061767578,203490.039855957
2026-07-17 15:00:01,gpu45,1,13,27.0,1453.9,0.0,64.8754,39.0764,137003.07061767578,203490.039855957
2026-07-17 15:00:01,gpu45,1,14,30.0,1452.76,0.0,64.8754,39.0764,137003.07061767578,203490.039855957
2026-07-17 15:00:01,gpu45,1,15,31.0,1453.5,0.0,64.8754,39.0764,137003.07061767578,203490.039855957
2026-07-17 15:00:01,gpu45,1,16,30.0,1453.43,0.0,64.8754,39.0764,137003.07061767578,203490.039855957
2026-07-17 15:00:01,gpu45,1,17,27.0,1453.38,0.0,64.8754,39.0764,137003.07061767578,203490.039855957
2026-07-17 15:00:01,gpu45,1,18,30.0,1454.95,0.0,64.8754,39.0764,137003.07061767578,203490.039855957
2026-07-17 15:00:01,gpu45,1,19,27.0,1454.05,0.0,64.8754,39.0764,137003.07061767578,203490.039855957
2026-07-17 15:00:01,gpu45,1,20,28.0,1453.24,0.0,64.8754,39.0764,137003.07061767578,203490.039855957
2026-07-17 15:00:01,gpu45,1,21,29.0,1454.47,0.0,64.8754,39.0764,137003.07061767578,203490.039855957
2026-07-17 15:00:01,gpu45,1,22,29.0,1451.33,0.0,64.8754,39.0764,137003.07061767578,203490.039855957
2026-07-17 15:00:01,gpu45,1,23,30.0,1453.29,0.0,64.8754,39.0764,137003.07061767578,203490.039855957
2026-07-17 15:05:01,gpu45,0,0,29.0,1431.34,0.02,53.5336,42.8046,28123.13397216797,55841.25207519531
2026-07-17 15:05:01,gpu45,0,1,28.0,1431.92,0.0,53.5336,42.8046,28123.13397216797,55841.25207519531
2026-07-17 15:05:01,gpu45,0,2,29.0,1428.28,0.0,53.5336,42.8046,28123.13397216797,55841.25207519531
2026-07-17 15:05:01,gpu45,0,3,26.0,1423.54,0.0,53.5336,42.8046,28123.13397216797,55841.25207519531
2026-07-17 15:05:01,gpu45,0,4,25.0,1418.99,0.0,53.5336,42.8046,28123.13397216797,55841.25207519531
2026-07-17 15:05:01,gpu45,0,5,27.0,1417.41,0.0,53.5336,42.8046,28123.13397216797,55841.25207519531
2026-07-17 15:05:01,gpu45,0,6,28.0,1417.55,0.0,53.5336,42.8046,28123.13397216797,55841.25207519531
2026-07-17 15:05:01,gpu45,0,7,25.0,1421.71,0.0,53.5336,42.8046,28123.13397216797,55841.25207519531
2026-07-17 15:05:01,gpu45,0,8,26.0,1415.41,0.0,53.5336,42.8046,28123.13397216797,55841.25207519531
2026-07-17 15:05:01,gpu45,0,9,26.0,1419.89,0.0,53.5336,42.8046,28123.13397216797,55841.25207519531
2026-07-17 15:05:01,gpu45,0,10,29.0,1415.36,0.0,53.5336,42.8046,28123.13397216797,55841.25207519531
2026-07-17 15:05:01,gpu45,0,11,28.0,1417.18,0.0,53.5336,42.8046,28123.13397216797,55841.25207519531
2026-07-17 15:05:01,gpu45,0,12,26.0,1418.39,0.0,53.5336,42.8046,28123.13397216797,55841.25207519531
2026-07-17 15:05:01,gpu45,0,13,26.0,1412.58,0.0,53.5336,42.8046,28123.13397216797,55841.25207519531
2026-07-17 15:05:01,gpu45,0,14,26.0,1417.35,0.0,53.5336,42.8046,28123.13397216797,55841.25207519531
2026-07-17 15:05:01,gpu45,0,15,28.0,1417.42,0.0,53.5336,42.8046,28123.13397216797,55841.25207519531
2026-07-17 15:05:01,gpu45,0,16,26.0,1417.68,0.0,53.5336,42.8046,28123.13397216797,55841.25207519531
2026-07-17 15:05:01,gpu45,0,17,27.0,1416.94,0.0,53.5336,42.8046,28123.13397216797,55841.25207519531
2026-07-17 15:05:01,gpu45,0,18,28.0,1418.35,0.0,53.5336,42.8046,28123.13397216797,55841.25207519531
2026-07-17 15:05:01,gpu45,0,19,25.0,1416.94,0.0,53.5336,42.8046,28123.13397216797,55841.25207519531
2026-07-17 15:05:01,gpu45,0,20,25.0,1422.52,0.0,53.5336,42.8046,28123.13397216797,55841.25207519531
2026-07-17 15:05:01,gpu45,0,21,25.0,1419.49,0.0,53.5336,42.8046,28123.13397216797,55841.25207519531
2026-07-17 15:05:01,gpu45,0,22,27.0,1416.0,0.0,53.5336,42.8046,28123.13397216797,55841.25207519531
2026-07-17 15:05:01,gpu45,0,23,29.0,1418.72,0.0,53.5336,42.8046,28123.13397216797,55841.25207519531
2026-07-17 15:05:01,gpu45,1,0,31.0,1452.84,0.0,64.9151,38.5395,152500.85034179688,214492.1332397461
2026-07-17 15:05:01,gpu45,1,1,30.0,1456.97,0.99,64.9151,38.5395,152500.85034179688,214492.1332397461
2026-07-17 15:05:01,gpu45,1,2,31.0,1452.77,0.0,64.9151,38.5395,152500.85034179688,214492.1332397461
2026-07-17 15:05:01,gpu45,1,3,28.0,1454.14,0.0,64.9151,38.5395,152500.85034179688,214492.1332397461
2026-07-17 15:05:01,gpu45,1,4,30.0,1458.23,0.0,64.9151,38.5395,152500.85034179688,214492.1332397461
2026-07-17 15:05:01,gpu45,1,5,29.0,1456.0,0.0,64.9151,38.5395,152500.85034179688,214492.1332397461
2026-07-17 15:05:01,gpu45,1,6,30.0,1452.61,0.0,64.9151,38.5395,152500.85034179688,214492.1332397461
2026-07-17 15:05:01,gpu45,1,7,29.0,1455.6,0.0,64.9151,38.5395,152500.85034179688,214492.1332397461
2026-07-17 15:05:01,gpu45,1,8,28.0,1451.56,0.0,64.9151,38.5395,152500.85034179688,214492.1332397461
2026-07-17 15:05:01,gpu45,1,9,28.0,1453.55,0.0,64.9151,38.5395,152500.85034179688,214492.1332397461
2026-07-17 15:05:01,gpu45,1,10,29.0,1452.27,0.0,64.9151,38.5395,152500.85034179688,214492.1332397461
2026-07-17 15:05:01,gpu45,1,11,29.0,1452.67,0.0,64.9151,38.5395,152500.85034179688,214492.1332397461
2026-07-17 15:05:01,gpu45,1,12,29.0,1450.59,0.0,64.9151,38.5395,152500.85034179688,214492.1332397461
2026-07-17 15:05:01,gpu45,1,13,27.0,1453.9,0.0,64.9151,38.5395,152500.85034179688,214492.1332397461
2026-07-17 15:05:01,gpu45,1,14,29.0,1452.76,0.0,64.9151,38.5395,152500.85034179688,214492.1332397461
2026-07-17 15:05:01,gpu45,1,15,31.0,1453.49,0.0,64.9151,38.5395,152500.85034179688,214492.1332397461
2026-07-17 15:05:01,gpu45,1,16,30.0,1453.42,0.0,64.9151,38.5395,152500.85034179688,214492.1332397461
2026-07-17 15:05:01,gpu45,1,17,27.0,1453.38,0.0,64.9151,38.5395,152500.85034179688,214492.1332397461
2026-07-17 15:05:01,gpu45,1,18,30.0,1454.94,0.0,64.9151,38.5395,152500.85034179688,214492.1332397461
2026-07-17 15:05:01,gpu45,1,19,27.0,1454.05,0.0,64.9151,38.5395,152500.85034179688,214492.1332397461
2026-07-17 15:05:01,gpu45,1,20,28.0,1453.24,0.0,64.9151,38.5395,152500.85034179688,214492.1332397461
2026-07-17 15:05:01,gpu45,1,21,28.0,1454.47,0.0,64.9151,38.5395,152500.85034179688,214492.1332397461
2026-07-17 15:05:01,gpu45,1,22,29.0,1451.33,0.0,64.9151,38.5395,152500.85034179688,214492.1332397461
2026-07-17 15:05:01,gpu45,1,23,30.0,1453.29,0.0,64.9151,38.5395,152500.85034179688,214492.1332397461
2026-07-17 15:05:02,cn21,0,0,25.0,1707.29,0.0,35.1289,29.3078,60757.26055908203,52199.54040527344
2026-07-17 15:05:02,cn21,0,1,26.0,1765.3,0.0,35.1289,29.3078,60757.26055908203,52199.54040527344
2026-07-17 15:05:02,cn21,0,2,26.0,1777.36,0.0,35.1289,29.3078,60757.26055908203,52199.54040527344
2026-07-17 15:05:02,cn21,0,3,22.0,1774.32,0.0,35.1289,29.3078,60757.26055908203,52199.54040527344
2026-07-17 15:05:02,cn21,0,4,23.0,1741.68,0.0,35.1289,29.3078,60757.26055908203,52199.54040527344
2026-07-17 15:05:02,cn21,0,5,25.0,1743.28,0.0,35.1289,29.3078,60757.26055908203,52199.54040527344
2026-07-17 15:05:02,cn21,0,6,26.0,1734.06,0.0,35.1289,29.3078,60757.26055908203,52199.54040527344
2026-07-17 15:05:02,cn21,0,7,23.0,1736.43,0.0,35.1289,29.3078,60757.26055908203,52199.54040527344
2026-07-17 15:05:02,cn21,0,8,27.0,1693.01,0.0,35.1289,29.3078,60757.26055908203,52199.54040527344
2026-07-17 15:05:02,cn21,0,9,27.0,1693.91,0.0,35.1289,29.3078,60757.26055908203,52199.54040527344
2026-07-17 15:05:02,cn21,0,10,27.0,1602.95,0.0,35.1289,29.3078,60757.26055908203,52199.54040527344
2026-07-17 15:05:02,cn21,0,11,28.0,1705.77,0.0,35.1289,29.3078,60757.26055908203,52199.54040527344
2026-07-17 15:05:02,cn21,0,12,25.0,1674.64,0.0,35.1289,29.3078,60757.26055908203,52199.54040527344
2026-07-17 15:05:02,cn21,0,13,22.0,1645.98,0.0,35.1289,29.3078,60757.26055908203,52199.54040527344
2026-07-17 15:05:02,cn21,0,14,24.0,1628.41,0.0,35.1289,29.3078,60757.26055908203,52199.54040527344
2026-07-17 15:05:02,cn21,0,15,26.0,1656.1,0.0,35.1289,29.3078,60757.26055908203,52199.54040527344
2026-07-17 15:05:02,cn21,0,16,26.0,1641.73,0.0,35.1289,29.3078,60757.26055908203,52199.54040527344
2026-07-17 15:05:02,cn21,0,17,24.0,1646.79,0.0,35.1289,29.3078,60757.26055908203,52199.54040527344
2026-07-17 15:05:02,cn21,0,18,27.0,1458.38,0.0,35.1289,29.3078,60757.26055908203,52199.54040527344
2026-07-17 15:05:02,cn21,0,19,22.0,1627.3,0.0,35.1289,29.3078,60757.26055908203,52199.54040527344
2026-07-17 15:05:02,cn21,0,20,24.0,1660.67,0.0,35.1289,29.3078,60757.26055908203,52199.54040527344
2026-07-17 15:05:02,cn21,0,21,25.0,1645.05,0.0,35.1289,29.3078,60757.26055908203,52199.54040527344
2026-07-17 15:05:02,cn21,0,22,27.0,1643.17,0.0,35.1289,29.3078,60757.26055908203,52199.54040527344
2026-07-17 15:05:02,cn21,0,23,25.0,1630.12,0.0,35.1289,29.3078,60757.26055908203,52199.54040527344
2026-07-17 15:05:02,cn21,1,0,32.0,1555.57,0.0,39.6385,49.9221,243013.49310302734,41155.439697265625
2026-07-17 15:05:02,cn21,1,1,29.0,1621.1,0.0,39.6385,49.9221,243013.49310302734,41155.439697265625
2026-07-17 15:05:02,cn21,1,2,27.0,1625.95,0.0,39.6385,49.9221,243013.49310302734,41155.439697265625
2026-07-17 15:05:02,cn21,1,3,25.0,1639.34,0.0,39.6385,49.9221,243013.49310302734,41155.439697265625
2026-07-17 15:05:02,cn21,1,4,25.0,1622.13,0.0,39.6385,49.9221,243013.49310302734,41155.439697265625
2026-07-17 15:05:02,cn21,1,5,26.0,1580.78,0.0,39.6385,49.9221,243013.49310302734,41155.439697265625
2026-07-17 15:05:02,cn21,1,6,27.0,1646.18,0.0,39.6385,49.9221,243013.49310302734,41155.439697265625
2026-07-17 15:05:02,cn21,1,7,25.0,1633.02,0.0,39.6385,49.9221,243013.49310302734,41155.439697265625
2026-07-17 15:05:02,cn21,1,8,25.0,1549.64,0.0,39.6385,49.9221,243013.49310302734,41155.439697265625
2026-07-17 15:05:02,cn21,1,9,26.0,1515.4,0.0,39.6385,49.9221,243013.49310302734,41155.439697265625
2026-07-17 15:05:02,cn21,1,10,27.0,1579.77,0.0,39.6385,49.9221,243013.49310302734,41155.439697265625
2026-07-17 15:05:02,cn21,1,11,28.0,1543.43,0.0,39.6385,49.9221,243013.49310302734,41155.439697265625
2026-07-17 15:05:02,cn21,1,12,30.0,1395.2,0.0,39.6385,49.9221,243013.49310302734,41155.439697265625
2026-07-17 15:05:02,cn21,1,13,28.0,1381.69,0.0,39.6385,49.9221,243013.49310302734,41155.439697265625
2026-07-17 15:05:02,cn21,1,14,26.0,1552.84,0.0,39.6385,49.9221,243013.49310302734,41155.439697265625
2026-07-17 15:05:02,cn21,1,15,27.0,1475.0,0.0,39.6385,49.9221,243013.49310302734,41155.439697265625
2026-07-17 15:05:02,cn21,1,16,28.0,1559.64,0.0,39.6385,49.9221,243013.49310302734,41155.439697265625
2026-07-17 15:05:02,cn21,1,17,28.0,1539.71,0.0,39.6385,49.9221,243013.49310302734,41155.439697265625
2026-07-17 15:05:02,cn21,1,18,26.0,1448.97,0.0,39.6385,49.9221,243013.49310302734,41155.439697265625
2026-07-17 15:05:02,cn21,1,19,26.0,1463.55,0.0,39.6385,49.9221,243013.49310302734,41155.439697265625
2026-07-17 15:05:02,cn21,1,20,26.0,1297.74,0.0,39.6385,49.9221,243013.49310302734,41155.439697265625
2026-07-17 15:05:02,cn21,1,21,30.0,1354.29,0.0,39.6385,49.9221,243013.49310302734,41155.439697265625
2026-07-17 15:05:02,cn21,1,22,29.0,1345.27,0.0,39.6385,49.9221,243013.49310302734,41155.439697265625
2026-07-17 15:05:02,cn21,1,23,27.0,1457.61,0.0,39.6385,49.9221,243013.49310302734,41155.439697265625
2026-07-17 15:10:01,cn21,0,0,24.0,1707.28,0.0,35.0375,29.0637,65372.8837890625,57576.02264404297
2026-07-17 15:10:01,cn21,0,1,27.0,1765.3,0.0,35.0375,29.0637,65372.8837890625,57576.02264404297
2026-07-17 15:10:01,cn21,0,2,26.0,1777.36,0.0,35.0375,29.0637,65372.8837890625,57576.02264404297
2026-07-17 15:10:01,cn21,0,3,23.0,1774.32,0.0,35.0375,29.0637,65372.8837890625,57576.02264404297
2026-07-17 15:10:01,cn21,0,4,24.0,1741.68,0.0,35.0375,29.0637,65372.8837890625,57576.02264404297
2026-07-17 15:10:01,cn21,0,5,26.0,1743.28,0.0,35.0375,29.0637,65372.8837890625,57576.02264404297
2026-07-17 15:10:01,cn21,0,6,26.0,1734.06,0.0,35.0375,29.0637,65372.8837890625,57576.02264404297
2026-07-17 15:10:01,cn21,0,7,23.0,1736.42,0.0,35.0375,29.0637,65372.8837890625,57576.02264404297
2026-07-17 15:10:01,cn21,0,8,27.0,1693.01,0.0,35.0375,29.0637,65372.8837890625,57576.02264404297
2026-07-17 15:10:01,cn21,0,9,28.0,1693.91,0.0,35.0375,29.0637,65372.8837890625,57576.02264404297
2026-07-17 15:10:01,cn21,0,10,28.0,1602.95,0.0,35.0375,29.0637,65372.8837890625,57576.02264404297
2026-07-17 15:10:01,cn21,0,11,29.0,1705.77,0.0,35.0375,29.0637,65372.8837890625,57576.02264404297
2026-07-17 15:10:01,cn21,0,12,26.0,1674.64,0.0,35.0375,29.0637,65372.8837890625,57576.02264404297
2026-07-17 15:10:01,cn21,0,13,23.0,1645.98,0.0,35.0375,29.0637,65372.8837890625,57576.02264404297
2026-07-17 15:10:01,cn21,0,14,24.0,1628.41,0.0,35.0375,29.0637,65372.8837890625,57576.02264404297
2026-07-17 15:10:01,cn21,0,15,26.0,1656.1,0.0,35.0375,29.0637,65372.8837890625,57576.02264404297
2026-07-17 15:10:01,cn21,0,16,26.0,1641.73,0.0,35.0375,29.0637,65372.8837890625,57576.02264404297
2026-07-17 15:10:01,cn21,0,17,24.0,1646.79,0.0,35.0375,29.0637,65372.8837890625,57576.02264404297
2026-07-17 15:10:01,cn21,0,18,27.0,1458.34,0.0,35.0375,29.0637,65372.8837890625,57576.02264404297
2026-07-17 15:10:01,cn21,0,19,22.0,1627.3,0.0,35.0375,29.0637,65372.8837890625,57576.02264404297
2026-07-17 15:10:01,cn21,0,20,24.0,1660.67,0.0,35.0375,29.0637,65372.8837890625,57576.02264404297
2026-07-17 15:10:01,cn21,0,21,25.0,1645.04,0.0,35.0375,29.0637,65372.8837890625,57576.02264404297
2026-07-17 15:10:01,cn21,0,22,27.0,1643.17,0.0,35.0375,29.0637,65372.8837890625,57576.02264404297
2026-07-17 15:10:01,cn21,0,23,26.0,1630.12,0.0,35.0375,29.0637,65372.8837890625,57576.02264404297
2026-07-17 15:10:01,cn21,1,0,33.0,1555.57,0.0,40.1375,49.5599,246932.1407470703,50621.60711669922
2026-07-17 15:10:01,cn21,1,1,29.0,1621.08,0.0,40.1375,49.5599,246932.1407470703,50621.60711669922
2026-07-17 15:10:01,cn21,1,2,28.0,1625.93,0.0,40.1375,49.5599,246932.1407470703,50621.60711669922
2026-07-17 15:10:01,cn21,1,3,26.0,1639.34,0.0,40.1375,49.5599,246932.1407470703,50621.60711669922
2026-07-17 15:10:01,cn21,1,4,26.0,1622.13,0.0,40.1375,49.5599,246932.1407470703,50621.60711669922
2026-07-17 15:10:01,cn21,1,5,27.0,1580.78,0.0,40.1375,49.5599,246932.1407470703,50621.60711669922
2026-07-17 15:10:01,cn21,1,6,28.0,1646.13,0.0,40.1375,49.5599,246932.1407470703,50621.60711669922
2026-07-17 15:10:01,cn21,1,7,26.0,1632.96,0.0,40.1375,49.5599,246932.1407470703,50621.60711669922
2026-07-17 15:10:01,cn21,1,8,26.0,1549.64,0.0,40.1375,49.5599,246932.1407470703,50621.60711669922
2026-07-17 15:10:01,cn21,1,9,27.0,1515.4,0.0,40.1375,49.5599,246932.1407470703,50621.60711669922
2026-07-17 15:10:01,cn21,1,10,28.0,1579.75,0.0,40.1375,49.5599,246932.1407470703,50621.60711669922
2026-07-17 15:10:01,cn21,1,11,29.0,1543.31,0.0,40.1375,49.5599,246932.1407470703,50621.60711669922
2026-07-17 15:10:01,cn21,1,12,31.0,1395.2,0.0,40.1375,49.5599,246932.1407470703,50621.60711669922
2026-07-17 15:10:01,cn21,1,13,28.0,1381.64,0.0,40.1375,49.5599,246932.1407470703,50621.60711669922
2026-07-17 15:10:01,cn21,1,14,27.0,1552.84,0.0,40.1375,49.5599,246932.1407470703,50621.60711669922
2026-07-17 15:10:01,cn21,1,15,28.0,1474.89,0.0,40.1375,49.5599,246932.1407470703,50621.60711669922
2026-07-17 15:10:01,cn21,1,16,29.0,1559.64,0.0,40.1375,49.5599,246932.1407470703,50621.60711669922
2026-07-17 15:10:01,cn21,1,17,29.0,1539.44,0.0,40.1375,49.5599,246932.1407470703,50621.60711669922
2026-07-17 15:10:01,cn21,1,18,27.0,1448.97,0.0,40.1375,49.5599,246932.1407470703,50621.60711669922
2026-07-17 15:10:01,cn21,1,19,27.0,1465.11,0.0,40.1375,49.5599,246932.1407470703,50621.60711669922
2026-07-17 15:10:01,cn21,1,20,27.0,1299.24,0.0,40.1375,49.5599,246932.1407470703,50621.60711669922
2026-07-17 15:10:01,cn21,1,21,31.0,1355.6,0.0,40.1375,49.5599,246932.1407470703,50621.60711669922
2026-07-17 15:10:01,cn21,1,22,29.0,1345.27,0.0,40.1375,49.5599,246932.1407470703,50621.60711669922
2026-07-17 15:10:01,cn21,1,23,28.0,1457.61,0.0,40.1375,49.5599,246932.1407470703,50621.60711669922
2026-07-17 15:10:01,gpu45,0,0,29.0,1431.33,0.02,53.5881,42.933,44107.34130859375,68806.4694213867
2026-07-17 15:10:01,gpu45,0,1,27.0,1431.92,0.0,53.5881,42.933,44107.34130859375,68806.4694213867
2026-07-17 15:10:01,gpu45,0,2,29.0,1428.28,0.0,53.5881,42.933,44107.34130859375,68806.4694213867
2026-07-17 15:10:01,gpu45,0,3,25.0,1423.53,0.0,53.5881,42.933,44107.34130859375,68806.4694213867
2026-07-17 15:10:01,gpu45,0,4,25.0,1418.98,0.0,53.5881,42.933,44107.34130859375,68806.4694213867
2026-07-17 15:10:01,gpu45,0,5,26.0,1417.4,0.0,53.5881,42.933,44107.34130859375,68806.4694213867
2026-07-17 15:10:01,gpu45,0,6,27.0,1417.54,0.0,53.5881,42.933,44107.34130859375,68806.4694213867
2026-07-17 15:10:01,gpu45,0,7,25.0,1421.71,0.0,53.5881,42.933,44107.34130859375,68806.4694213867
2026-07-17 15:10:01,gpu45,0,8,26.0,1415.41,0.0,53.5881,42.933,44107.34130859375,68806.4694213867
2026-07-17 15:10:01,gpu45,0,9,25.0,1419.89,0.0,53.5881,42.933,44107.34130859375,68806.4694213867
2026-07-17 15:10:01,gpu45,0,10,28.0,1415.36,0.0,53.5881,42.933,44107.34130859375,68806.4694213867
2026-07-17 15:10:01,gpu45,0,11,28.0,1417.18,0.0,53.5881,42.933,44107.34130859375,68806.4694213867
2026-07-17 15:10:01,gpu45,0,12,26.0,1418.39,0.0,53.5881,42.933,44107.34130859375,68806.4694213867
2026-07-17 15:10:01,gpu45,0,13,25.0,1412.58,0.0,53.5881,42.933,44107.34130859375,68806.4694213867
2026-07-17 15:10:01,gpu45,0,14,26.0,1417.35,0.0,53.5881,42.933,44107.34130859375,68806.4694213867
2026-07-17 15:10:01,gpu45,0,15,27.0,1417.42,0.0,53.5881,42.933,44107.34130859375,68806.4694213867
2026-07-17 15:10:01,gpu45,0,16,26.0,1417.68,0.0,53.5881,42.933,44107.34130859375,68806.4694213867
2026-07-17 15:10:01,gpu45,0,17,27.0,1416.94,0.0,53.5881,42.933,44107.34130859375,68806.4694213867
2026-07-17 15:10:01,gpu45,0,18,27.0,1418.35,0.0,53.5881,42.933,44107.34130859375,68806.4694213867
2026-07-17 15:10:01,gpu45,0,19,25.0,1416.94,0.0,53.5881,42.933,44107.34130859375,68806.4694213867
2026-07-17 15:10:01,gpu45,0,20,25.0,1422.51,0.0,53.5881,42.933,44107.34130859375,68806.4694213867
2026-07-17 15:10:01,gpu45,0,21,25.0,1419.49,0.0,53.5881,42.933,44107.34130859375,68806.4694213867
2026-07-17 15:10:01,gpu45,0,22,26.0,1416.0,0.0,53.5881,42.933,44107.34130859375,68806.4694213867
2026-07-17 15:10:01,gpu45,0,23,29.0,1418.72,0.0,53.5881,42.933,44107.34130859375,68806.4694213867
2026-07-17 15:10:01,gpu45,1,0,31.0,1452.84,0.0,64.8799,38.7815,168004.60791015625,225537.5958251953
2026-07-17 15:10:01,gpu45,1,1,30.0,1456.97,0.0,64.8799,38.7815,168004.60791015625,225537.5958251953
2026-07-17 15:10:01,gpu45,1,2,31.0,1452.77,0.0,64.8799,38.7815,168004.60791015625,225537.5958251953
2026-07-17 15:10:01,gpu45,1,3,28.0,1454.14,0.99,64.8799,38.7815,168004.60791015625,225537.5958251953
2026-07-17 15:10:01,gpu45,1,4,29.0,1458.23,0.0,64.8799,38.7815,168004.60791015625,225537.5958251953
2026-07-17 15:10:01,gpu45,1,5,29.0,1456.0,0.0,64.8799,38.7815,168004.60791015625,225537.5958251953
2026-07-17 15:10:01,gpu45,1,6,29.0,1452.61,0.0,64.8799,38.7815,168004.60791015625,225537.5958251953
2026-07-17 15:10:01,gpu45,1,7,28.0,1455.59,0.0,64.8799,38.7815,168004.60791015625,225537.5958251953
2026-07-17 15:10:01,gpu45,1,8,30.0,1451.56,0.0,64.8799,38.7815,168004.60791015625,225537.5958251953
2026-07-17 15:10:01,gpu45,1,9,28.0,1453.55,0.0,64.8799,38.7815,168004.60791015625,225537.5958251953
2026-07-17 15:10:01,gpu45,1,10,28.0,1452.27,0.0,64.8799,38.7815,168004.60791015625,225537.5958251953
2026-07-17 15:10:01,gpu45,1,11,29.0,1452.67,0.0,64.8799,38.7815,168004.60791015625,225537.5958251953
2026-07-17 15:10:01,gpu45,1,12,29.0,1450.59,0.0,64.8799,38.7815,168004.60791015625,225537.5958251953
2026-07-17 15:10:01,gpu45,1,13,27.0,1453.9,0.0,64.8799,38.7815,168004.60791015625,225537.5958251953
2026-07-17 15:10:01,gpu45,1,14,30.0,1452.76,0.0,64.8799,38.7815,168004.60791015625,225537.5958251953
2026-07-17 15:10:01,gpu45,1,15,30.0,1453.49,0.0,64.8799,38.7815,168004.60791015625,225537.5958251953
2026-07-17 15:10:01,gpu45,1,16,30.0,1453.42,0.0,64.8799,38.7815,168004.60791015625,225537.5958251953
2026-07-17 15:10:01,gpu45,1,17,27.0,1453.38,0.0,64.8799,38.7815,168004.60791015625,225537.5958251953
2026-07-17 15:10:01,gpu45,1,18,29.0,1454.94,0.0,64.8799,38.7815,168004.60791015625,225537.5958251953
2026-07-17 15:10:01,gpu45,1,19,26.0,1454.05,0.0,64.8799,38.7815,168004.60791015625,225537.5958251953
2026-07-17 15:10:01,gpu45,1,20,27.0,1453.23,0.0,64.8799,38.7815,168004.60791015625,225537.5958251953
2026-07-17 15:10:01,gpu45,1,21,28.0,1454.47,0.0,64.8799,38.7815,168004.60791015625,225537.5958251953
2026-07-17 15:10:01,gpu45,1,22,29.0,1451.33,0.0,64.8799,38.7815,168004.60791015625,225537.5958251953
2026-07-17 15:10:01,gpu45,1,23,30.0,1453.28,0.0,64.8799,38.7815,168004.60791015625,225537.5958251953
2026-07-17 15:15:01,cn21,0,0,24.0,1707.26,0.02,34.7643,27.9178,70018.75952148438,62917.74346923828
2026-07-17 15:15:01,cn21,0,1,26.0,1765.3,0.0,34.7643,27.9178,70018.75952148438,62917.74346923828
2026-07-17 15:15:01,cn21,0,2,25.0,1777.36,0.0,34.7643,27.9178,70018.75952148438,62917.74346923828
2026-07-17 15:15:01,cn21,0,3,22.0,1774.31,0.0,34.7643,27.9178,70018.75952148438,62917.74346923828
2026-07-17 15:15:01,cn21,0,4,23.0,1741.68,0.0,34.7643,27.9178,70018.75952148438,62917.74346923828
2026-07-17 15:15:01,cn21,0,5,25.0,1743.28,0.0,34.7643,27.9178,70018.75952148438,62917.74346923828
2026-07-17 15:15:01,cn21,0,6,26.0,1734.06,0.0,34.7643,27.9178,70018.75952148438,62917.74346923828
2026-07-17 15:15:01,cn21,0,7,22.0,1736.42,0.0,34.7643,27.9178,70018.75952148438,62917.74346923828
2026-07-17 15:15:01,cn21,0,8,27.0,1693.0,0.0,34.7643,27.9178,70018.75952148438,62917.74346923828
2026-07-17 15:15:01,cn21,0,9,27.0,1693.9,0.0,34.7643,27.9178,70018.75952148438,62917.74346923828
2026-07-17 15:15:01,cn21,0,10,27.0,1602.95,0.0,34.7643,27.9178,70018.75952148438,62917.74346923828
2026-07-17 15:15:01,cn21,0,11,28.0,1705.76,0.0,34.7643,27.9178,70018.75952148438,62917.74346923828
2026-07-17 15:15:01,cn21,0,12,25.0,1674.64,0.0,34.7643,27.9178,70018.75952148438,62917.74346923828
2026-07-17 15:15:01,cn21,0,13,22.0,1645.97,0.0,34.7643,27.9178,70018.75952148438,62917.74346923828
2026-07-17 15:15:01,cn21,0,14,24.0,1628.4,0.0,34.7643,27.9178,70018.75952148438,62917.74346923828
2026-07-17 15:15:01,cn21,0,15,25.0,1656.1,0.0,34.7643,27.9178,70018.75952148438,62917.74346923828
2026-07-17 15:15:01,cn21,0,16,25.0,1641.73,0.0,34.7643,27.9178,70018.75952148438,62917.74346923828
2026-07-17 15:15:01,cn21,0,17,23.0,1646.79,0.0,34.7643,27.9178,70018.75952148438,62917.74346923828
2026-07-17 15:15:01,cn21,0,18,27.0,1458.29,0.0,34.7643,27.9178,70018.75952148438,62917.74346923828
2026-07-17 15:15:01,cn21,0,19,21.0,1627.3,0.0,34.7643,27.9178,70018.75952148438,62917.74346923828
2026-07-17 15:15:01,cn21,0,20,23.0,1660.67,0.0,34.7643,27.9178,70018.75952148438,62917.74346923828
2026-07-17 15:15:01,cn21,0,21,25.0,1645.04,0.0,34.7643,27.9178,70018.75952148438,62917.74346923828
2026-07-17 15:15:01,cn21,0,22,26.0,1643.17,0.0,34.7643,27.9178,70018.75952148438,62917.74346923828
2026-07-17 15:15:01,cn21,0,23,24.0,1630.12,0.0,34.7643,27.9178,70018.75952148438,62917.74346923828
2026-07-17 15:15:01,cn21,1,0,32.0,1555.57,0.0,39.4048,49.0524,250871.73114013672,60046.0419921875
2026-07-17 15:15:01,cn21,1,1,29.0,1621.07,0.0,39.4048,49.0524,250871.73114013672,60046.0419921875
2026-07-17 15:15:01,cn21,1,2,27.0,1625.9,0.0,39.4048,49.0524,250871.73114013672,60046.0419921875
2026-07-17 15:15:01,cn21,1,3,26.0,1639.34,0.0,39.4048,49.0524,250871.73114013672,60046.0419921875
2026-07-17 15:15:01,cn21,1,4,25.0,1622.13,0.0,39.4048,49.0524,250871.73114013672,60046.0419921875
2026-07-17 15:15:01,cn21,1,5,26.0,1580.78,0.0,39.4048,49.0524,250871.73114013672,60046.0419921875
2026-07-17 15:15:01,cn21,1,6,26.0,1646.01,0.0,39.4048,49.0524,250871.73114013672,60046.0419921875
2026-07-17 15:15:01,cn21,1,7,26.0,1632.89,0.0,39.4048,49.0524,250871.73114013672,60046.0419921875
2026-07-17 15:15:01,cn21,1,8,26.0,1549.64,0.0,39.4048,49.0524,250871.73114013672,60046.0419921875
2026-07-17 15:15:01,cn21,1,9,25.0,1515.4,0.0,39.4048,49.0524,250871.73114013672,60046.0419921875
2026-07-17 15:15:01,cn21,1,10,27.0,1579.74,0.0,39.4048,49.0524,250871.73114013672,60046.0419921875
2026-07-17 15:15:01,cn21,1,11,28.0,1543.25,0.99,39.4048,49.0524,250871.73114013672,60046.0419921875
2026-07-17 15:15:01,cn21,1,12,29.0,1395.2,0.0,39.4048,49.0524,250871.73114013672,60046.0419921875
2026-07-17 15:15:01,cn21,1,13,27.0,1381.61,0.0,39.4048,49.0524,250871.73114013672,60046.0419921875
2026-07-17 15:15:01,cn21,1,14,26.0,1552.83,0.0,39.4048,49.0524,250871.73114013672,60046.0419921875
2026-07-17 15:15:01,cn21,1,15,27.0,1474.79,0.0,39.4048,49.0524,250871.73114013672,60046.0419921875
2026-07-17 15:15:01,cn21,1,16,27.0,1559.63,0.0,39.4048,49.0524,250871.73114013672,60046.0419921875
2026-07-17 15:15:01,cn21,1,17,28.0,1539.15,0.0,39.4048,49.0524,250871.73114013672,60046.0419921875
2026-07-17 15:15:01,cn21,1,18,26.0,1449.23,0.0,39.4048,49.0524,250871.73114013672,60046.0419921875
2026-07-17 15:15:01,cn21,1,19,26.0,1466.63,0.0,39.4048,49.0524,250871.73114013672,60046.0419921875
2026-07-17 15:15:01,cn21,1,20,29.0,1301.46,0.0,39.4048,49.0524,250871.73114013672,60046.0419921875
2026-07-17 15:15:01,cn21,1,21,27.0,1355.57,0.0,39.4048,49.0524,250871.73114013672,60046.0419921875
2026-07-17 15:15:01,cn21,1,22,28.0,1345.27,0.0,39.4048,49.0524,250871.73114013672,60046.0419921875
2026-07-17 15:15:01,cn21,1,23,27.0,1457.62,0.0,39.4048,49.0524,250871.73114013672,60046.0419921875
2026-07-17 15:15:01,gpu45,0,0,28.0,1431.33,0.02,53.3936,43.9286,60099.051696777344,81689.74017333984
2026-07-17 15:15:01,gpu45,0,1,27.0,1431.92,0.0,53.3936,43.9286,60099.051696777344,81689.74017333984
2026-07-17 15:15:01,gpu45,0,2,28.0,1428.27,0.0,53.3936,43.9286,60099.051696777344,81689.74017333984
2026-07-17 15:15:01,gpu45,0,3,25.0,1423.53,0.0,53.3936,43.9286,60099.051696777344,81689.74017333984
2026-07-17 15:15:01,gpu45,0,4,25.0,1418.98,0.0,53.3936,43.9286,60099.051696777344,81689.74017333984
2026-07-17 15:15:01,gpu45,0,5,26.0,1417.4,0.0,53.3936,43.9286,60099.051696777344,81689.74017333984
2026-07-17 15:15:01,gpu45,0,6,28.0,1417.54,0.0,53.3936,43.9286,60099.051696777344,81689.74017333984
2026-07-17 15:15:01,gpu45,0,7,25.0,1421.71,0.0,53.3936,43.9286,60099.051696777344,81689.74017333984
2026-07-17 15:15:01,gpu45,0,8,26.0,1415.4,0.0,53.3936,43.9286,60099.051696777344,81689.74017333984
2026-07-17 15:15:01,gpu45,0,9,26.0,1419.88,0.0,53.3936,43.9286,60099.051696777344,81689.74017333984
2026-07-17 15:15:01,gpu45,0,10,28.0,1415.36,0.0,53.3936,43.9286,60099.051696777344,81689.74017333984
2026-07-17 15:15:01,gpu45,0,11,27.0,1417.17,0.0,53.3936,43.9286,60099.051696777344,81689.74017333984
2026-07-17 15:15:01,gpu45,0,12,26.0,1418.38,0.0,53.3936,43.9286,60099.051696777344,81689.74017333984
2026-07-17 15:15:01,gpu45,0,13,25.0,1412.58,0.0,53.3936,43.9286,60099.051696777344,81689.74017333984
2026-07-17 15:15:01,gpu45,0,14,26.0,1417.35,0.0,53.3936,43.9286,60099.051696777344,81689.74017333984
2026-07-17 15:15:01,gpu45,0,15,27.0,1417.41,0.0,53.3936,43.9286,60099.051696777344,81689.74017333984
2026-07-17 15:15:01,gpu45,0,16,26.0,1417.68,0.0,53.3936,43.9286,60099.051696777344,81689.74017333984
2026-07-17 15:15:01,gpu45,0,17,27.0,1416.93,0.0,53.3936,43.9286,60099.051696777344,81689.74017333984
2026-07-17 15:15:01,gpu45,0,18,27.0,1418.34,0.0,53.3936,43.9286,60099.051696777344,81689.74017333984
2026-07-17 15:15:01,gpu45,0,19,24.0,1416.94,0.0,53.3936,43.9286,60099.051696777344,81689.74017333984
2026-07-17 15:15:01,gpu45,0,20,25.0,1422.51,0.0,53.3936,43.9286,60099.051696777344,81689.74017333984
2026-07-17 15:15:01,gpu45,0,21,25.0,1419.49,0.0,53.3936,43.9286,60099.051696777344,81689.74017333984
2026-07-17 15:15:01,gpu45,0,22,27.0,1416.0,0.99,53.3936,43.9286,60099.051696777344,81689.74017333984
2026-07-17 15:15:01,gpu45,0,23,29.0,1418.71,0.0,53.3936,43.9286,60099.051696777344,81689.74017333984
2026-07-17 15:15:01,gpu45,1,0,30.0,1452.83,0.0,64.9044,38.5531,183539.51556396484,236626.90197753906
2026-07-17 15:15:01,gpu45,1,1,30.0,1456.97,0.0,64.9044,38.5531,183539.51556396484,236626.90197753906
2026-07-17 15:15:01,gpu45,1,2,30.0,1452.76,0.0,64.9044,38.5531,183539.51556396484,236626.90197753906
2026-07-17 15:15:01,gpu45,1,3,27.0,1454.14,0.0,64.9044,38.5531,183539.51556396484,236626.90197753906
2026-07-17 15:15:01,gpu45,1,4,29.0,1458.22,0.0,64.9044,38.5531,183539.51556396484,236626.90197753906
2026-07-17 15:15:01,gpu45,1,5,29.0,1456.0,0.0,64.9044,38.5531,183539.51556396484,236626.90197753906
2026-07-17 15:15:01,gpu45,1,6,35.0,1452.6,0.0,64.9044,38.5531,183539.51556396484,236626.90197753906
2026-07-17 15:15:01,gpu45,1,7,27.0,1455.59,0.0,64.9044,38.5531,183539.51556396484,236626.90197753906
2026-07-17 15:15:01,gpu45,1,8,27.0,1451.56,0.0,64.9044,38.5531,183539.51556396484,236626.90197753906
2026-07-17 15:15:01,gpu45,1,9,27.0,1453.55,0.0,64.9044,38.5531,183539.51556396484,236626.90197753906
2026-07-17 15:15:01,gpu45,1,10,28.0,1452.27,0.0,64.9044,38.5531,183539.51556396484,236626.90197753906
2026-07-17 15:15:01,gpu45,1,11,29.0,1452.67,0.0,64.9044,38.5531,183539.51556396484,236626.90197753906
2026-07-17 15:15:01,gpu45,1,12,29.0,1450.59,0.0,64.9044,38.5531,183539.51556396484,236626.90197753906
2026-07-17 15:15:01,gpu45,1,13,27.0,1453.9,0.0,64.9044,38.5531,183539.51556396484,236626.90197753906
2026-07-17 15:15:01,gpu45,1,14,29.0,1452.76,0.0,64.9044,38.5531,183539.51556396484,236626.90197753906
2026-07-17 15:15:01,gpu45,1,15,30.0,1453.49,0.0,64.9044,38.5531,183539.51556396484,236626.90197753906
2026-07-17 15:15:01,gpu45,1,16,29.0,1453.42,0.0,64.9044,38.5531,183539.51556396484,236626.90197753906
2026-07-17 15:15:01,gpu45,1,17,27.0,1453.37,0.0,64.9044,38.5531,183539.51556396484,236626.90197753906
2026-07-17 15:15:01,gpu45,1,18,30.0,1454.94,0.0,64.9044,38.5531,183539.51556396484,236626.90197753906
2026-07-17 15:15:01,gpu45,1,19,26.0,1454.04,0.0,64.9044,38.5531,183539.51556396484,236626.90197753906
2026-07-17 15:15:01,gpu45,1,20,27.0,1453.23,0.0,64.9044,38.5531,183539.51556396484,236626.90197753906
2026-07-17 15:15:01,gpu45,1,21,28.0,1454.47,0.0,64.9044,38.5531,183539.51556396484,236626.90197753906
2026-07-17 15:15:01,gpu45,1,22,29.0,1451.33,0.0,64.9044,38.5531,183539.51556396484,236626.90197753906
2026-07-17 15:15:01,gpu45,1,23,30.0,1453.28,0.0,64.9044,38.5531,183539.51556396484,236626.90197753906
2026-07-17 15:20:01,cn21,0,0,25.0,1707.25,0.0,34.75,28.9625,74637.9605102539,68199.57495117188
2026-07-17 15:20:01,cn21,0,1,26.0,1765.3,0.0,34.75,28.9625,74637.9605102539,68199.57495117188
2026-07-17 15:20:01,cn21,0,2,26.0,1777.36,0.0,34.75,28.9625,74637.9605102539,68199.57495117188
2026-07-17 15:20:01,cn21,0,3,23.0,1774.31,0.0,34.75,28.9625,74637.9605102539,68199.57495117188
2026-07-17 15:20:01,cn21,0,4,24.0,1741.67,0.0,34.75,28.9625,74637.9605102539,68199.57495117188
2026-07-17 15:20:01,cn21,0,5,25.0,1743.27,0.0,34.75,28.9625,74637.9605102539,68199.57495117188
2026-07-17 15:20:01,cn21,0,6,27.0,1734.05,0.0,34.75,28.9625,74637.9605102539,68199.57495117188
2026-07-17 15:20:01,cn21,0,7,23.0,1736.42,0.0,34.75,28.9625,74637.9605102539,68199.57495117188
2026-07-17 15:20:01,cn21,0,8,28.0,1693.0,0.0,34.75,28.9625,74637.9605102539,68199.57495117188
2026-07-17 15:20:01,cn21,0,9,27.0,1693.9,0.0,34.75,28.9625,74637.9605102539,68199.57495117188
2026-07-17 15:20:01,cn21,0,10,28.0,1602.94,0.0,34.75,28.9625,74637.9605102539,68199.57495117188
2026-07-17 15:20:01,cn21,0,11,29.0,1705.76,0.0,34.75,28.9625,74637.9605102539,68199.57495117188
2026-07-17 15:20:01,cn21,0,12,25.0,1674.64,0.0,34.75,28.9625,74637.9605102539,68199.57495117188
2026-07-17 15:20:01,cn21,0,13,23.0,1645.97,0.0,34.75,28.9625,74637.9605102539,68199.57495117188
2026-07-17 15:20:01,cn21,0,14,25.0,1628.4,0.0,34.75,28.9625,74637.9605102539,68199.57495117188
2026-07-17 15:20:01,cn21,0,15,27.0,1656.09,0.0,34.75,28.9625,74637.9605102539,68199.57495117188
2026-07-17 15:20:01,cn21,0,16,26.0,1641.73,0.0,34.75,28.9625,74637.9605102539,68199.57495117188
2026-07-17 15:20:01,cn21,0,17,24.0,1646.79,0.0,34.75,28.9625,74637.9605102539,68199.57495117188
2026-07-17 15:20:01,cn21,0,18,27.0,1458.25,0.0,34.75,28.9625,74637.9605102539,68199.57495117188
2026-07-17 15:20:01,cn21,0,19,22.0,1627.3,0.0,34.75,28.9625,74637.9605102539,68199.57495117188
2026-07-17 15:20:01,cn21,0,20,24.0,1660.67,0.0,34.75,28.9625,74637.9605102539,68199.57495117188
2026-07-17 15:20:01,cn21,0,21,26.0,1645.04,0.0,34.75,28.9625,74637.9605102539,68199.57495117188
2026-07-17 15:20:01,cn21,0,22,27.0,1643.17,0.0,34.75,28.9625,74637.9605102539,68199.57495117188
2026-07-17 15:20:01,cn21,0,23,26.0,1630.11,0.0,34.75,28.9625,74637.9605102539,68199.57495117188
2026-07-17 15:20:01,cn21,1,0,32.0,1555.58,0.0,39.4987,50.143,254782.106262207,69462.62322998047
2026-07-17 15:20:01,cn21,1,1,30.0,1621.06,0.0,39.4987,50.143,254782.106262207,69462.62322998047
2026-07-17 15:20:01,cn21,1,2,27.0,1625.9,0.0,39.4987,50.143,254782.106262207,69462.62322998047
2026-07-17 15:20:01,cn21,1,3,26.0,1639.34,0.0,39.4987,50.143,254782.106262207,69462.62322998047
2026-07-17 15:20:01,cn21,1,4,25.0,1622.13,0.0,39.4987,50.143,254782.106262207,69462.62322998047
2026-07-17 15:20:01,cn21,1,5,26.0,1580.78,0.0,39.4987,50.143,254782.106262207,69462.62322998047
2026-07-17 15:20:01,cn21,1,6,27.0,1645.82,0.0,39.4987,50.143,254782.106262207,69462.62322998047
2026-07-17 15:20:01,cn21,1,7,26.0,1632.88,0.0,39.4987,50.143,254782.106262207,69462.62322998047
2026-07-17 15:20:01,cn21,1,8,26.0,1549.58,0.0,39.4987,50.143,254782.106262207,69462.62322998047
2026-07-17 15:20:01,cn21,1,9,26.0,1515.4,0.0,39.4987,50.143,254782.106262207,69462.62322998047
2026-07-17 15:20:01,cn21,1,10,28.0,1579.52,0.0,39.4987,50.143,254782.106262207,69462.62322998047
2026-07-17 15:20:01,cn21,1,11,28.0,1543.2,0.0,39.4987,50.143,254782.106262207,69462.62322998047
2026-07-17 15:20:01,cn21,1,12,30.0,1395.19,0.0,39.4987,50.143,254782.106262207,69462.62322998047
2026-07-17 15:20:01,cn21,1,13,28.0,1381.59,0.0,39.4987,50.143,254782.106262207,69462.62322998047
2026-07-17 15:20:01,cn21,1,14,26.0,1552.83,0.0,39.4987,50.143,254782.106262207,69462.62322998047
2026-07-17 15:20:01,cn21,1,15,27.0,1474.78,0.0,39.4987,50.143,254782.106262207,69462.62322998047
2026-07-17 15:20:01,cn21,1,16,28.0,1559.63,0.0,39.4987,50.143,254782.106262207,69462.62322998047
2026-07-17 15:20:01,cn21,1,17,28.0,1539.14,0.0,39.4987,50.143,254782.106262207,69462.62322998047
2026-07-17 15:20:01,cn21,1,18,27.0,1449.49,0.0,39.4987,50.143,254782.106262207,69462.62322998047
2026-07-17 15:20:01,cn21,1,19,26.0,1468.19,0.0,39.4987,50.143,254782.106262207,69462.62322998047
2026-07-17 15:20:01,cn21,1,20,30.0,1302.18,0.0,39.4987,50.143,254782.106262207,69462.62322998047
2026-07-17 15:20:01,cn21,1,21,28.0,1357.27,0.0,39.4987,50.143,254782.106262207,69462.62322998047
2026-07-17 15:20:01,cn21,1,22,29.0,1345.23,0.0,39.4987,50.143,254782.106262207,69462.62322998047
2026-07-17 15:20:01,cn21,1,23,28.0,1457.62,0.0,39.4987,50.143,254782.106262207,69462.62322998047
2026-07-17 15:20:02,gpu45,0,0,30.0,1431.33,0.0,53.5615,42.2204,76114.0350341797,94584.1358642578
2026-07-17 15:20:02,gpu45,0,1,29.0,1431.91,0.0,53.5615,42.2204,76114.0350341797,94584.1358642578
2026-07-17 15:20:02,gpu45,0,2,29.0,1428.27,0.0,53.5615,42.2204,76114.0350341797,94584.1358642578
2026-07-17 15:20:02,gpu45,0,3,26.0,1423.53,0.0,53.5615,42.2204,76114.0350341797,94584.1358642578
2026-07-17 15:20:02,gpu45,0,4,26.0,1418.98,0.0,53.5615,42.2204,76114.0350341797,94584.1358642578
2026-07-17 15:20:02,gpu45,0,5,27.0,1417.4,0.0,53.5615,42.2204,76114.0350341797,94584.1358642578
2026-07-17 15:20:02,gpu45,0,6,28.0,1417.54,0.0,53.5615,42.2204,76114.0350341797,94584.1358642578
2026-07-17 15:20:02,gpu45,0,7,26.0,1421.71,0.0,53.5615,42.2204,76114.0350341797,94584.1358642578
2026-07-17 15:20:02,gpu45,0,8,26.0,1415.4,0.0,53.5615,42.2204,76114.0350341797,94584.1358642578
2026-07-17 15:20:02,gpu45,0,9,27.0,1419.88,0.0,53.5615,42.2204,76114.0350341797,94584.1358642578
2026-07-17 15:20:02,gpu45,0,10,29.0,1415.36,0.0,53.5615,42.2204,76114.0350341797,94584.1358642578
2026-07-17 15:20:02,gpu45,0,11,28.0,1417.17,0.0,53.5615,42.2204,76114.0350341797,94584.1358642578
2026-07-17 15:20:02,gpu45,0,12,27.0,1418.38,0.0,53.5615,42.2204,76114.0350341797,94584.1358642578
2026-07-17 15:20:02,gpu45,0,13,26.0,1412.58,0.0,53.5615,42.2204,76114.0350341797,94584.1358642578
2026-07-17 15:20:02,gpu45,0,14,26.0,1417.34,0.0,53.5615,42.2204,76114.0350341797,94584.1358642578
2026-07-17 15:20:02,gpu45,0,15,28.0,1417.41,0.0,53.5615,42.2204,76114.0350341797,94584.1358642578
2026-07-17 15:20:02,gpu45,0,16,27.0,1417.67,0.0,53.5615,42.2204,76114.0350341797,94584.1358642578
2026-07-17 15:20:02,gpu45,0,17,27.0,1416.93,0.0,53.5615,42.2204,76114.0350341797,94584.1358642578
2026-07-17 15:20:02,gpu45,0,18,29.0,1418.34,0.0,53.5615,42.2204,76114.0350341797,94584.1358642578
2026-07-17 15:20:02,gpu45,0,19,25.0,1416.94,0.0,53.5615,42.2204,76114.0350341797,94584.1358642578
2026-07-17 15:20:02,gpu45,0,20,26.0,1422.51,0.0,53.5615,42.2204,76114.0350341797,94584.1358642578
2026-07-17 15:20:02,gpu45,0,21,26.0,1419.48,0.0,53.5615,42.2204,76114.0350341797,94584.1358642578
2026-07-17 15:20:02,gpu45,0,22,28.0,1415.99,0.0,53.5615,42.2204,76114.0350341797,94584.1358642578
2026-07-17 15:20:02,gpu45,0,23,30.0,1418.71,0.0,53.5615,42.2204,76114.0350341797,94584.1358642578
2026-07-17 15:20:02,gpu45,1,0,31.0,1452.83,0.0,64.9415,38.7973,199078.7353515625,247726.97625732422
2026-07-17 15:20:02,gpu45,1,1,31.0,1456.97,0.0,64.9415,38.7973,199078.7353515625,247726.97625732422
2026-07-17 15:20:02,gpu45,1,2,31.0,1452.76,0.0,64.9415,38.7973,199078.7353515625,247726.97625732422
2026-07-17 15:20:02,gpu45,1,3,28.0,1454.13,0.0,64.9415,38.7973,199078.7353515625,247726.97625732422
2026-07-17 15:20:02,gpu45,1,4,30.0,1458.22,0.0,64.9415,38.7973,199078.7353515625,247726.97625732422
2026-07-17 15:20:02,gpu45,1,5,30.0,1455.99,0.0,64.9415,38.7973,199078.7353515625,247726.97625732422
2026-07-17 15:20:02,gpu45,1,6,30.0,1452.6,0.0,64.9415,38.7973,199078.7353515625,247726.97625732422
2026-07-17 15:20:02,gpu45,1,7,29.0,1455.59,0.0,64.9415,38.7973,199078.7353515625,247726.97625732422
2026-07-17 15:20:02,gpu45,1,8,29.0,1451.56,0.0,64.9415,38.7973,199078.7353515625,247726.97625732422
2026-07-17 15:20:02,gpu45,1,9,28.0,1453.54,0.0,64.9415,38.7973,199078.7353515625,247726.97625732422
2026-07-17 15:20:02,gpu45,1,10,29.0,1452.27,0.0,64.9415,38.7973,199078.7353515625,247726.97625732422
2026-07-17 15:20:02,gpu45,1,11,30.0,1452.67,0.0,64.9415,38.7973,199078.7353515625,247726.97625732422
2026-07-17 15:20:02,gpu45,1,12,30.0,1450.59,0.0,64.9415,38.7973,199078.7353515625,247726.97625732422
2026-07-17 15:20:02,gpu45,1,13,28.0,1453.9,0.0,64.9415,38.7973,199078.7353515625,247726.97625732422
2026-07-17 15:20:02,gpu45,1,14,30.0,1452.76,0.0,64.9415,38.7973,199078.7353515625,247726.97625732422
2026-07-17 15:20:02,gpu45,1,15,31.0,1453.49,0.0,64.9415,38.7973,199078.7353515625,247726.97625732422
2026-07-17 15:20:02,gpu45,1,16,30.0,1453.42,0.0,64.9415,38.7973,199078.7353515625,247726.97625732422
2026-07-17 15:20:02,gpu45,1,17,27.0,1453.37,0.0,64.9415,38.7973,199078.7353515625,247726.97625732422
2026-07-17 15:20:02,gpu45,1,18,30.0,1454.94,0.0,64.9415,38.7973,199078.7353515625,247726.97625732422
2026-07-17 15:20:02,gpu45,1,19,27.0,1454.04,0.0,64.9415,38.7973,199078.7353515625,247726.97625732422
2026-07-17 15:20:02,gpu45,1,20,28.0,1453.23,0.0,64.9415,38.7973,199078.7353515625,247726.97625732422
2026-07-17 15:20:02,gpu45,1,21,29.0,1454.46,0.0,64.9415,38.7973,199078.7353515625,247726.97625732422
2026-07-17 15:20:02,gpu45,1,22,30.0,1451.32,0.0,64.9415,38.7973,199078.7353515625,247726.97625732422
2026-07-17 15:20:02,gpu45,1,23,31.0,1453.28,0.0,64.9415,38.7973,199078.7353515625,247726.97625732422
2026-07-17 15:25:01,cn21,0,0,24.0,1707.24,0.06,34.5691,28.3703,79259.7855834961,73484.33404541016
2026-07-17 15:25:01,cn21,0,1,26.0,1765.3,0.0,34.5691,28.3703,79259.7855834961,73484.33404541016
2026-07-17 15:25:01,cn21,0,2,25.0,1777.36,0.0,34.5691,28.3703,79259.7855834961,73484.33404541016
2026-07-17 15:25:01,cn21,0,3,22.0,1774.31,0.0,34.5691,28.3703,79259.7855834961,73484.33404541016
2026-07-17 15:25:01,cn21,0,4,24.0,1741.67,0.0,34.5691,28.3703,79259.7855834961,73484.33404541016
2026-07-17 15:25:01,cn21,0,5,24.0,1743.27,0.0,34.5691,28.3703,79259.7855834961,73484.33404541016
2026-07-17 15:25:01,cn21,0,6,26.0,1734.05,0.0,34.5691,28.3703,79259.7855834961,73484.33404541016
2026-07-17 15:25:01,cn21,0,7,22.0,1736.42,0.0,34.5691,28.3703,79259.7855834961,73484.33404541016
2026-07-17 15:25:01,cn21,0,8,27.0,1692.99,0.0,34.5691,28.3703,79259.7855834961,73484.33404541016
2026-07-17 15:25:01,cn21,0,9,27.0,1693.9,0.0,34.5691,28.3703,79259.7855834961,73484.33404541016
2026-07-17 15:25:01,cn21,0,10,27.0,1602.94,0.0,34.5691,28.3703,79259.7855834961,73484.33404541016
2026-07-17 15:25:01,cn21,0,11,28.0,1705.76,0.0,34.5691,28.3703,79259.7855834961,73484.33404541016
2026-07-17 15:25:01,cn21,0,12,25.0,1674.63,0.0,34.5691,28.3703,79259.7855834961,73484.33404541016
2026-07-17 15:25:01,cn21,0,13,23.0,1645.96,0.99,34.5691,28.3703,79259.7855834961,73484.33404541016
2026-07-17 15:25:01,cn21,0,14,24.0,1628.4,0.0,34.5691,28.3703,79259.7855834961,73484.33404541016
2026-07-17 15:25:01,cn21,0,15,26.0,1656.09,0.0,34.5691,28.3703,79259.7855834961,73484.33404541016
2026-07-17 15:25:01,cn21,0,16,25.0,1641.73,0.0,34.5691,28.3703,79259.7855834961,73484.33404541016
2026-07-17 15:25:01,cn21,0,17,23.0,1646.79,0.0,34.5691,28.3703,79259.7855834961,73484.33404541016
2026-07-17 15:25:01,cn21,0,18,26.0,1458.21,0.0,34.5691,28.3703,79259.7855834961,73484.33404541016
2026-07-17 15:25:01,cn21,0,19,22.0,1627.29,0.0,34.5691,28.3703,79259.7855834961,73484.33404541016
2026-07-17 15:25:01,cn21,0,20,23.0,1660.67,0.0,34.5691,28.3703,79259.7855834961,73484.33404541016
2026-07-17 15:25:01,cn21,0,21,24.0,1645.04,0.0,34.5691,28.3703,79259.7855834961,73484.33404541016
2026-07-17 15:25:01,cn21,0,22,26.0,1643.17,0.0,34.5691,28.3703,79259.7855834961,73484.33404541016
2026-07-17 15:25:01,cn21,0,23,25.0,1630.11,0.0,34.5691,28.3703,79259.7855834961,73484.33404541016
2026-07-17 15:25:01,cn21,1,0,33.0,1555.58,0.0,39.2355,49.592,258775.30200195312,78883.5224609375
2026-07-17 15:25:01,cn21,1,1,29.0,1621.03,0.0,39.2355,49.592,258775.30200195312,78883.5224609375
2026-07-17 15:25:01,cn21,1,2,27.0,1625.87,0.0,39.2355,49.592,258775.30200195312,78883.5224609375
2026-07-17 15:25:01,cn21,1,3,26.0,1639.34,0.99,39.2355,49.592,258775.30200195312,78883.5224609375
2026-07-17 15:25:01,cn21,1,4,25.0,1622.12,0.0,39.2355,49.592,258775.30200195312,78883.5224609375
2026-07-17 15:25:01,cn21,1,5,26.0,1580.77,0.0,39.2355,49.592,258775.30200195312,78883.5224609375
2026-07-17 15:25:01,cn21,1,6,27.0,1645.79,0.0,39.2355,49.592,258775.30200195312,78883.5224609375
2026-07-17 15:25:01,cn21,1,7,25.0,1632.72,0.0,39.2355,49.592,258775.30200195312,78883.5224609375
2026-07-17 15:25:01,cn21,1,8,25.0,1549.57,0.0,39.2355,49.592,258775.30200195312,78883.5224609375
2026-07-17 15:25:01,cn21,1,9,26.0,1515.39,0.0,39.2355,49.592,258775.30200195312,78883.5224609375
2026-07-17 15:25:01,cn21,1,10,27.0,1579.29,0.0,39.2355,49.592,258775.30200195312,78883.5224609375
2026-07-17 15:25:01,cn21,1,11,28.0,1543.17,0.99,39.2355,49.592,258775.30200195312,78883.5224609375
2026-07-17 15:25:01,cn21,1,12,30.0,1395.19,0.0,39.2355,49.592,258775.30200195312,78883.5224609375
2026-07-17 15:25:01,cn21,1,13,27.0,1381.6,0.0,39.2355,49.592,258775.30200195312,78883.5224609375
2026-07-17 15:25:01,cn21,1,14,26.0,1552.83,0.0,39.2355,49.592,258775.30200195312,78883.5224609375
2026-07-17 15:25:01,cn21,1,15,27.0,1474.69,0.0,39.2355,49.592,258775.30200195312,78883.5224609375
2026-07-17 15:25:01,cn21,1,16,28.0,1559.63,0.0,39.2355,49.592,258775.30200195312,78883.5224609375
2026-07-17 15:25:01,cn21,1,17,28.0,1539.14,0.0,39.2355,49.592,258775.30200195312,78883.5224609375
2026-07-17 15:25:01,cn21,1,18,27.0,1451.05,0.0,39.2355,49.592,258775.30200195312,78883.5224609375
2026-07-17 15:25:01,cn21,1,19,26.0,1468.81,0.0,39.2355,49.592,258775.30200195312,78883.5224609375
2026-07-17 15:25:01,cn21,1,20,30.0,1303.55,0.0,39.2355,49.592,258775.30200195312,78883.5224609375
2026-07-17 15:25:01,cn21,1,21,28.0,1357.25,0.0,39.2355,49.592,258775.30200195312,78883.5224609375
2026-07-17 15:25:01,cn21,1,22,28.0,1345.23,0.0,39.2355,49.592,258775.30200195312,78883.5224609375
2026-07-17 15:25:01,cn21,1,23,27.0,1457.63,0.0,39.2355,49.592,258775.30200195312,78883.5224609375
2026-07-17 15:25:01,gpu45,0,0,29.0,1431.33,0.04,53.7459,43.6661,92094.2655029297,107458.01965332031
2026-07-17 15:25:01,gpu45,0,1,28.0,1431.91,0.0,53.7459,43.6661,92094.2655029297,107458.01965332031
2026-07-17 15:25:01,gpu45,0,2,28.0,1428.27,0.0,53.7459,43.6661,92094.2655029297,107458.01965332031
2026-07-17 15:25:01,gpu45,0,3,25.0,1423.53,0.0,53.7459,43.6661,92094.2655029297,107458.01965332031
2026-07-17 15:25:01,gpu45,0,4,25.0,1418.98,0.0,53.7459,43.6661,92094.2655029297,107458.01965332031
2026-07-17 15:25:01,gpu45,0,5,26.0,1417.4,0.0,53.7459,43.6661,92094.2655029297,107458.01965332031
2026-07-17 15:25:01,gpu45,0,6,27.0,1417.54,0.0,53.7459,43.6661,92094.2655029297,107458.01965332031
2026-07-17 15:25:01,gpu45,0,7,25.0,1421.7,0.0,53.7459,43.6661,92094.2655029297,107458.01965332031
2026-07-17 15:25:01,gpu45,0,8,25.0,1415.4,0.0,53.7459,43.6661,92094.2655029297,107458.01965332031
2026-07-17 15:25:01,gpu45,0,9,26.0,1419.88,0.0,53.7459,43.6661,92094.2655029297,107458.01965332031
2026-07-17 15:25:01,gpu45,0,10,28.0,1415.36,0.0,53.7459,43.6661,92094.2655029297,107458.01965332031
2026-07-17 15:25:01,gpu45,0,11,27.0,1417.17,0.0,53.7459,43.6661,92094.2655029297,107458.01965332031
2026-07-17 15:25:01,gpu45,0,12,26.0,1418.38,0.0,53.7459,43.6661,92094.2655029297,107458.01965332031
2026-07-17 15:25:01,gpu45,0,13,25.0,1412.58,0.0,53.7459,43.6661,92094.2655029297,107458.01965332031
2026-07-17 15:25:01,gpu45,0,14,26.0,1417.34,0.0,53.7459,43.6661,92094.2655029297,107458.01965332031
2026-07-17 15:25:01,gpu45,0,15,27.0,1417.41,0.0,53.7459,43.6661,92094.2655029297,107458.01965332031
2026-07-17 15:25:01,gpu45,0,16,26.0,1417.67,0.0,53.7459,43.6661,92094.2655029297,107458.01965332031
2026-07-17 15:25:01,gpu45,0,17,26.0,1416.93,0.0,53.7459,43.6661,92094.2655029297,107458.01965332031
2026-07-17 15:25:01,gpu45,0,18,27.0,1418.34,0.0,53.7459,43.6661,92094.2655029297,107458.01965332031
2026-07-17 15:25:01,gpu45,0,19,24.0,1416.93,0.0,53.7459,43.6661,92094.2655029297,107458.01965332031
2026-07-17 15:25:01,gpu45,0,20,25.0,1422.51,0.0,53.7459,43.6661,92094.2655029297,107458.01965332031
2026-07-17 15:25:01,gpu45,0,21,25.0,1419.48,0.0,53.7459,43.6661,92094.2655029297,107458.01965332031
2026-07-17 15:25:01,gpu45,0,22,27.0,1415.99,0.0,53.7459,43.6661,92094.2655029297,107458.01965332031
2026-07-17 15:25:01,gpu45,0,23,29.0,1418.71,0.0,53.7459,43.6661,92094.2655029297,107458.01965332031
2026-07-17 15:25:01,gpu45,1,0,31.0,1452.83,0.0,64.9278,39.0651,214551.27667236328,258727.693359375
2026-07-17 15:25:01,gpu45,1,1,30.0,1456.97,0.0,64.9278,39.0651,214551.27667236328,258727.693359375
2026-07-17 15:25:01,gpu45,1,2,32.0,1452.76,0.0,64.9278,39.0651,214551.27667236328,258727.693359375
2026-07-17 15:25:01,gpu45,1,3,27.0,1454.13,0.0,64.9278,39.0651,214551.27667236328,258727.693359375
2026-07-17 15:25:01,gpu45,1,4,29.0,1458.22,0.0,64.9278,39.0651,214551.27667236328,258727.693359375
2026-07-17 15:25:01,gpu45,1,5,29.0,1455.99,0.0,64.9278,39.0651,214551.27667236328,258727.693359375
2026-07-17 15:25:01,gpu45,1,6,30.0,1452.6,0.99,64.9278,39.0651,214551.27667236328,258727.693359375
2026-07-17 15:25:01,gpu45,1,7,27.0,1455.59,0.0,64.9278,39.0651,214551.27667236328,258727.693359375
2026-07-17 15:25:01,gpu45,1,8,27.0,1451.56,0.0,64.9278,39.0651,214551.27667236328,258727.693359375
2026-07-17 15:25:01,gpu45,1,9,27.0,1453.54,0.0,64.9278,39.0651,214551.27667236328,258727.693359375
2026-07-17 15:25:01,gpu45,1,10,28.0,1452.27,0.99,64.9278,39.0651,214551.27667236328,258727.693359375
2026-07-17 15:25:01,gpu45,1,11,30.0,1452.67,0.0,64.9278,39.0651,214551.27667236328,258727.693359375
2026-07-17 15:25:01,gpu45,1,12,29.0,1450.59,0.0,64.9278,39.0651,214551.27667236328,258727.693359375
2026-07-17 15:25:01,gpu45,1,13,27.0,1453.89,0.0,64.9278,39.0651,214551.27667236328,258727.693359375
2026-07-17 15:25:01,gpu45,1,14,29.0,1452.75,0.0,64.9278,39.0651,214551.27667236328,258727.693359375
2026-07-17 15:25:01,gpu45,1,15,30.0,1453.49,0.0,64.9278,39.0651,214551.27667236328,258727.693359375
2026-07-17 15:25:01,gpu45,1,16,30.0,1453.42,0.0,64.9278,39.0651,214551.27667236328,258727.693359375
2026-07-17 15:25:01,gpu45,1,17,26.0,1453.37,0.0,64.9278,39.0651,214551.27667236328,258727.693359375
2026-07-17 15:25:01,gpu45,1,18,29.0,1454.94,0.0,64.9278,39.0651,214551.27667236328,258727.693359375
2026-07-17 15:25:01,gpu45,1,19,26.0,1454.04,0.0,64.9278,39.0651,214551.27667236328,258727.693359375
2026-07-17 15:25:01,gpu45,1,20,27.0,1453.23,0.0,64.9278,39.0651,214551.27667236328,258727.693359375
2026-07-17 15:25:01,gpu45,1,21,28.0,1454.46,0.0,64.9278,39.0651,214551.27667236328,258727.693359375
2026-07-17 15:25:01,gpu45,1,22,29.0,1451.32,0.0,64.9278,39.0651,214551.27667236328,258727.693359375
2026-07-17 15:25:01,gpu45,1,23,30.0,1453.28,0.0,64.9278,39.0651,214551.27667236328,258727.693359375
2026-07-17 15:30:01,cn21,0,0,25.0,1707.23,0.02,35.0415,28.9641,83810.4426879883,78723.6452026367
2026-07-17 15:30:01,cn21,0,1,27.0,1765.3,0.0,35.0415,28.9641,83810.4426879883,78723.6452026367
2026-07-17 15:30:01,cn21,0,2,26.0,1777.36,0.0,35.0415,28.9641,83810.4426879883,78723.6452026367
2026-07-17 15:30:01,cn21,0,3,23.0,1774.31,0.0,35.0415,28.9641,83810.4426879883,78723.6452026367
2026-07-17 15:30:01,cn21,0,4,24.0,1741.67,0.0,35.0415,28.9641,83810.4426879883,78723.6452026367
2026-07-17 15:30:01,cn21,0,5,25.0,1743.27,0.0,35.0415,28.9641,83810.4426879883,78723.6452026367
2026-07-17 15:30:01,cn21,0,6,26.0,1734.05,0.0,35.0415,28.9641,83810.4426879883,78723.6452026367
2026-07-17 15:30:01,cn21,0,7,23.0,1736.42,0.0,35.0415,28.9641,83810.4426879883,78723.6452026367
2026-07-17 15:30:01,cn21,0,8,27.0,1692.99,0.0,35.0415,28.9641,83810.4426879883,78723.6452026367
2026-07-17 15:30:01,cn21,0,9,28.0,1693.9,0.0,35.0415,28.9641,83810.4426879883,78723.6452026367
2026-07-17 15:30:01,cn21,0,10,28.0,1602.94,0.0,35.0415,28.9641,83810.4426879883,78723.6452026367
2026-07-17 15:30:01,cn21,0,11,29.0,1705.76,0.0,35.0415,28.9641,83810.4426879883,78723.6452026367
2026-07-17 15:30:01,cn21,0,12,25.0,1674.63,0.0,35.0415,28.9641,83810.4426879883,78723.6452026367
2026-07-17 15:30:01,cn21,0,13,23.0,1645.96,0.0,35.0415,28.9641,83810.4426879883,78723.6452026367
2026-07-17 15:30:01,cn21,0,14,25.0,1628.4,0.0,35.0415,28.9641,83810.4426879883,78723.6452026367
2026-07-17 15:30:01,cn21,0,15,26.0,1656.09,0.0,35.0415,28.9641,83810.4426879883,78723.6452026367
2026-07-17 15:30:01,cn21,0,16,26.0,1641.72,0.0,35.0415,28.9641,83810.4426879883,78723.6452026367
2026-07-17 15:30:01,cn21,0,17,24.0,1646.79,0.0,35.0415,28.9641,83810.4426879883,78723.6452026367
2026-07-17 15:30:01,cn21,0,18,27.0,1458.17,0.0,35.0415,28.9641,83810.4426879883,78723.6452026367
2026-07-17 15:30:01,cn21,0,19,22.0,1627.29,0.99,35.0415,28.9641,83810.4426879883,78723.6452026367
2026-07-17 15:30:01,cn21,0,20,24.0,1660.66,0.0,35.0415,28.9641,83810.4426879883,78723.6452026367
2026-07-17 15:30:01,cn21,0,21,25.0,1645.04,0.0,35.0415,28.9641,83810.4426879883,78723.6452026367
2026-07-17 15:30:01,cn21,0,22,27.0,1643.17,0.0,35.0415,28.9641,83810.4426879883,78723.6452026367
2026-07-17 15:30:01,cn21,0,23,26.0,1630.11,0.0,35.0415,28.9641,83810.4426879883,78723.6452026367
2026-07-17 15:30:01,cn21,1,0,33.0,1555.58,0.0,39.4898,49.2467,470.29278564453125,88222.06689453125
2026-07-17 15:30:01,cn21,1,1,30.0,1621.02,0.0,39.4898,49.2467,470.29278564453125,88222.06689453125
2026-07-17 15:30:01,cn21,1,2,27.0,1625.87,0.0,39.4898,49.2467,470.29278564453125,88222.06689453125
2026-07-17 15:30:01,cn21,1,3,26.0,1639.33,0.0,39.4898,49.2467,470.29278564453125,88222.06689453125
2026-07-17 15:30:01,cn21,1,4,26.0,1622.12,0.0,39.4898,49.2467,470.29278564453125,88222.06689453125
2026-07-17 15:30:01,cn21,1,5,27.0,1580.77,0.0,39.4898,49.2467,470.29278564453125,88222.06689453125
2026-07-17 15:30:01,cn21,1,6,28.0,1645.61,0.0,39.4898,49.2467,470.29278564453125,88222.06689453125
2026-07-17 15:30:01,cn21,1,7,26.0,1632.66,0.0,39.4898,49.2467,470.29278564453125,88222.06689453125
2026-07-17 15:30:01,cn21,1,8,26.0,1549.51,0.0,39.4898,49.2467,470.29278564453125,88222.06689453125
2026-07-17 15:30:01,cn21,1,9,26.0,1515.39,0.0,39.4898,49.2467,470.29278564453125,88222.06689453125
2026-07-17 15:30:01,cn21,1,10,28.0,1579.06,0.0,39.4898,49.2467,470.29278564453125,88222.06689453125
2026-07-17 15:30:01,cn21,1,11,29.0,1543.15,0.0,39.4898,49.2467,470.29278564453125,88222.06689453125
2026-07-17 15:30:01,cn21,1,12,31.0,1395.19,0.0,39.4898,49.2467,470.29278564453125,88222.06689453125
2026-07-17 15:30:01,cn21,1,13,28.0,1381.6,0.0,39.4898,49.2467,470.29278564453125,88222.06689453125
2026-07-17 15:30:01,cn21,1,14,27.0,1552.83,0.0,39.4898,49.2467,470.29278564453125,88222.06689453125
2026-07-17 15:30:01,cn21,1,15,28.0,1474.69,0.0,39.4898,49.2467,470.29278564453125,88222.06689453125
2026-07-17 15:30:01,cn21,1,16,28.0,1559.62,0.0,39.4898,49.2467,470.29278564453125,88222.06689453125
2026-07-17 15:30:01,cn21,1,17,28.0,1539.14,0.0,39.4898,49.2467,470.29278564453125,88222.06689453125
2026-07-17 15:30:01,cn21,1,18,27.0,1452.05,0.0,39.4898,49.2467,470.29278564453125,88222.06689453125
2026-07-17 15:30:01,cn21,1,19,27.0,1470.33,0.0,39.4898,49.2467,470.29278564453125,88222.06689453125
2026-07-17 15:30:01,cn21,1,20,27.0,1304.29,0.0,39.4898,49.2467,470.29278564453125,88222.06689453125
2026-07-17 15:30:01,cn21,1,21,31.0,1357.67,0.0,39.4898,49.2467,470.29278564453125,88222.06689453125
2026-07-17 15:30:01,cn21,1,22,30.0,1345.23,0.0,39.4898,49.2467,470.29278564453125,88222.06689453125
2026-07-17 15:30:01,cn21,1,23,28.0,1457.64,0.0,39.4898,49.2467,470.29278564453125,88222.06689453125
2026-07-17 15:30:01,gpu45,0,0,29.0,1431.33,0.0,53.4267,43.1115,108130.54974365234,120425.66162109375
2026-07-17 15:30:01,gpu45,0,1,27.0,1431.91,0.0,53.4267,43.1115,108130.54974365234,120425.66162109375
2026-07-17 15:30:01,gpu45,0,2,28.0,1428.27,0.0,53.4267,43.1115,108130.54974365234,120425.66162109375
2026-07-17 15:30:01,gpu45,0,3,25.0,1423.53,0.0,53.4267,43.1115,108130.54974365234,120425.66162109375
2026-07-17 15:30:01,gpu45,0,4,25.0,1418.98,0.0,53.4267,43.1115,108130.54974365234,120425.66162109375
2026-07-17 15:30:01,gpu45,0,5,27.0,1417.4,0.0,53.4267,43.1115,108130.54974365234,120425.66162109375
2026-07-17 15:30:01,gpu45,0,6,28.0,1417.54,0.0,53.4267,43.1115,108130.54974365234,120425.66162109375
2026-07-17 15:30:01,gpu45,0,7,25.0,1421.7,0.0,53.4267,43.1115,108130.54974365234,120425.66162109375
2026-07-17 15:30:01,gpu45,0,8,26.0,1415.4,0.0,53.4267,43.1115,108130.54974365234,120425.66162109375
2026-07-17 15:30:01,gpu45,0,9,25.0,1419.88,0.0,53.4267,43.1115,108130.54974365234,120425.66162109375
2026-07-17 15:30:01,gpu45,0,10,28.0,1415.35,0.0,53.4267,43.1115,108130.54974365234,120425.66162109375
2026-07-17 15:30:01,gpu45,0,11,27.0,1417.16,0.0,53.4267,43.1115,108130.54974365234,120425.66162109375
2026-07-17 15:30:01,gpu45,0,12,26.0,1418.38,0.0,53.4267,43.1115,108130.54974365234,120425.66162109375
2026-07-17 15:30:01,gpu45,0,13,25.0,1412.57,0.0,53.4267,43.1115,108130.54974365234,120425.66162109375
2026-07-17 15:30:01,gpu45,0,14,26.0,1417.34,0.0,53.4267,43.1115,108130.54974365234,120425.66162109375
2026-07-17 15:30:01,gpu45,0,15,27.0,1417.41,0.0,53.4267,43.1115,108130.54974365234,120425.66162109375
2026-07-17 15:30:01,gpu45,0,16,26.0,1417.67,0.0,53.4267,43.1115,108130.54974365234,120425.66162109375
2026-07-17 15:30:01,gpu45,0,17,27.0,1416.93,0.0,53.4267,43.1115,108130.54974365234,120425.66162109375
2026-07-17 15:30:01,gpu45,0,18,27.0,1418.34,0.0,53.4267,43.1115,108130.54974365234,120425.66162109375
2026-07-17 15:30:01,gpu45,0,19,23.0,1416.93,0.0,53.4267,43.1115,108130.54974365234,120425.66162109375
2026-07-17 15:30:01,gpu45,0,20,24.0,1422.5,0.0,53.4267,43.1115,108130.54974365234,120425.66162109375
2026-07-17 15:30:01,gpu45,0,21,25.0,1419.48,0.0,53.4267,43.1115,108130.54974365234,120425.66162109375
2026-07-17 15:30:01,gpu45,0,22,27.0,1415.99,0.0,53.4267,43.1115,108130.54974365234,120425.66162109375
2026-07-17 15:30:01,gpu45,0,23,29.0,1418.71,0.0,53.4267,43.1115,108130.54974365234,120425.66162109375
2026-07-17 15:30:01,gpu45,1,0,30.0,1452.83,0.0,64.8239,39.0796,230071.31439208984,7650.7479248046875
2026-07-17 15:30:01,gpu45,1,1,30.0,1456.96,0.0,64.8239,39.0796,230071.31439208984,7650.7479248046875
2026-07-17 15:30:01,gpu45,1,2,31.0,1452.76,0.0,64.8239,39.0796,230071.31439208984,7650.7479248046875
2026-07-17 15:30:01,gpu45,1,3,27.0,1454.13,0.0,64.8239,39.0796,230071.31439208984,7650.7479248046875
2026-07-17 15:30:01,gpu45,1,4,30.0,1458.22,0.0,64.8239,39.0796,230071.31439208984,7650.7479248046875
2026-07-17 15:30:01,gpu45,1,5,29.0,1455.99,0.0,64.8239,39.0796,230071.31439208984,7650.7479248046875
2026-07-17 15:30:01,gpu45,1,6,35.0,1452.6,0.0,64.8239,39.0796,230071.31439208984,7650.7479248046875
2026-07-17 15:30:01,gpu45,1,7,27.0,1455.59,0.0,64.8239,39.0796,230071.31439208984,7650.7479248046875
2026-07-17 15:30:01,gpu45,1,8,28.0,1451.55,0.0,64.8239,39.0796,230071.31439208984,7650.7479248046875
2026-07-17 15:30:01,gpu45,1,9,28.0,1453.54,0.0,64.8239,39.0796,230071.31439208984,7650.7479248046875
2026-07-17 15:30:01,gpu45,1,10,29.0,1452.26,0.0,64.8239,39.0796,230071.31439208984,7650.7479248046875
2026-07-17 15:30:01,gpu45,1,11,29.0,1452.66,0.0,64.8239,39.0796,230071.31439208984,7650.7479248046875
2026-07-17 15:30:01,gpu45,1,12,29.0,1450.58,0.0,64.8239,39.0796,230071.31439208984,7650.7479248046875
2026-07-17 15:30:01,gpu45,1,13,27.0,1453.89,0.0,64.8239,39.0796,230071.31439208984,7650.7479248046875
2026-07-17 15:30:01,gpu45,1,14,29.0,1452.75,0.0,64.8239,39.0796,230071.31439208984,7650.7479248046875
2026-07-17 15:30:01,gpu45,1,15,30.0,1453.48,0.0,64.8239,39.0796,230071.31439208984,7650.7479248046875
2026-07-17 15:30:01,gpu45,1,16,30.0,1453.41,0.0,64.8239,39.0796,230071.31439208984,7650.7479248046875
2026-07-17 15:30:01,gpu45,1,17,27.0,1453.37,0.0,64.8239,39.0796,230071.31439208984,7650.7479248046875
2026-07-17 15:30:01,gpu45,1,18,30.0,1454.93,0.0,64.8239,39.0796,230071.31439208984,7650.7479248046875
2026-07-17 15:30:01,gpu45,1,19,26.0,1454.04,0.0,64.8239,39.0796,230071.31439208984,7650.7479248046875
2026-07-17 15:30:01,gpu45,1,20,27.0,1453.23,0.0,64.8239,39.0796,230071.31439208984,7650.7479248046875
2026-07-17 15:30:01,gpu45,1,21,28.0,1454.46,0.0,64.8239,39.0796,230071.31439208984,7650.7479248046875
2026-07-17 15:30:01,gpu45,1,22,30.0,1451.32,0.0,64.8239,39.0796,230071.31439208984,7650.7479248046875
2026-07-17 15:30:01,gpu45,1,23,30.0,1453.28,0.0,64.8239,39.0796,230071.31439208984,7650.7479248046875
2026-07-17 15:35:01,cn21,0,0,25.0,1707.22,0.02,35.011,28.8774,88382.6530151367,83952.26776123047
2026-07-17 15:35:01,cn21,0,1,26.0,1765.3,0.0,35.011,28.8774,88382.6530151367,83952.26776123047
2026-07-17 15:35:01,cn21,0,2,26.0,1777.35,0.0,35.011,28.8774,88382.6530151367,83952.26776123047
2026-07-17 15:35:01,cn21,0,3,23.0,1774.31,0.0,35.011,28.8774,88382.6530151367,83952.26776123047
2026-07-17 15:35:01,cn21,0,4,24.0,1741.66,0.0,35.011,28.8774,88382.6530151367,83952.26776123047
2026-07-17 15:35:01,cn21,0,5,25.0,1743.27,0.0,35.011,28.8774,88382.6530151367,83952.26776123047
2026-07-17 15:35:01,cn21,0,6,27.0,1734.05,0.0,35.011,28.8774,88382.6530151367,83952.26776123047
2026-07-17 15:35:01,cn21,0,7,23.0,1736.42,0.0,35.011,28.8774,88382.6530151367,83952.26776123047
2026-07-17 15:35:01,cn21,0,8,28.0,1692.98,0.0,35.011,28.8774,88382.6530151367,83952.26776123047
2026-07-17 15:35:01,cn21,0,9,28.0,1693.9,0.0,35.011,28.8774,88382.6530151367,83952.26776123047
2026-07-17 15:35:01,cn21,0,10,28.0,1602.94,0.0,35.011,28.8774,88382.6530151367,83952.26776123047
2026-07-17 15:35:01,cn21,0,11,29.0,1705.76,0.0,35.011,28.8774,88382.6530151367,83952.26776123047
2026-07-17 15:35:01,cn21,0,12,26.0,1674.63,0.0,35.011,28.8774,88382.6530151367,83952.26776123047
2026-07-17 15:35:01,cn21,0,13,24.0,1645.96,0.0,35.011,28.8774,88382.6530151367,83952.26776123047
2026-07-17 15:35:01,cn21,0,14,25.0,1628.4,0.0,35.011,28.8774,88382.6530151367,83952.26776123047
2026-07-17 15:35:01,cn21,0,15,27.0,1656.09,0.0,35.011,28.8774,88382.6530151367,83952.26776123047
2026-07-17 15:35:01,cn21,0,16,26.0,1641.72,0.0,35.011,28.8774,88382.6530151367,83952.26776123047
2026-07-17 15:35:01,cn21,0,17,25.0,1646.78,0.0,35.011,28.8774,88382.6530151367,83952.26776123047
2026-07-17 15:35:01,cn21,0,18,28.0,1458.13,0.0,35.011,28.8774,88382.6530151367,83952.26776123047
2026-07-17 15:35:01,cn21,0,19,22.0,1627.29,0.0,35.011,28.8774,88382.6530151367,83952.26776123047
2026-07-17 15:35:01,cn21,0,20,24.0,1660.66,0.0,35.011,28.8774,88382.6530151367,83952.26776123047
2026-07-17 15:35:01,cn21,0,21,26.0,1645.04,0.0,35.011,28.8774,88382.6530151367,83952.26776123047
2026-07-17 15:35:01,cn21,0,22,27.0,1643.17,0.0,35.011,28.8774,88382.6530151367,83952.26776123047
2026-07-17 15:35:01,cn21,0,23,25.0,1630.11,0.0,35.011,28.8774,88382.6530151367,83952.26776123047
2026-07-17 15:35:01,cn21,1,0,33.0,1555.58,0.0,39.5774,49.9522,4324.6915283203125,97560.79565429688
2026-07-17 15:35:01,cn21,1,1,30.0,1621.0,0.0,39.5774,49.9522,4324.6915283203125,97560.79565429688
2026-07-17 15:35:01,cn21,1,2,27.0,1625.86,0.0,39.5774,49.9522,4324.6915283203125,97560.79565429688
2026-07-17 15:35:01,cn21,1,3,25.0,1639.33,0.0,39.5774,49.9522,4324.6915283203125,97560.79565429688
2026-07-17 15:35:01,cn21,1,4,25.0,1622.12,0.0,39.5774,49.9522,4324.6915283203125,97560.79565429688
2026-07-17 15:35:01,cn21,1,5,27.0,1580.77,0.0,39.5774,49.9522,4324.6915283203125,97560.79565429688
2026-07-17 15:35:01,cn21,1,6,27.0,1645.62,0.0,39.5774,49.9522,4324.6915283203125,97560.79565429688
2026-07-17 15:35:01,cn21,1,7,27.0,1632.45,1.0,39.5774,49.9522,4324.6915283203125,97560.79565429688
2026-07-17 15:35:01,cn21,1,8,26.0,1549.45,0.0,39.5774,49.9522,4324.6915283203125,97560.79565429688
2026-07-17 15:35:01,cn21,1,9,27.0,1515.39,0.0,39.5774,49.9522,4324.6915283203125,97560.79565429688
2026-07-17 15:35:01,cn21,1,10,28.0,1579.38,0.0,39.5774,49.9522,4324.6915283203125,97560.79565429688
2026-07-17 15:35:01,cn21,1,11,29.0,1543.33,0.0,39.5774,49.9522,4324.6915283203125,97560.79565429688
2026-07-17 15:35:01,cn21,1,12,31.0,1395.19,0.0,39.5774,49.9522,4324.6915283203125,97560.79565429688
2026-07-17 15:35:01,cn21,1,13,31.0,1381.87,0.0,39.5774,49.9522,4324.6915283203125,97560.79565429688
2026-07-17 15:35:01,cn21,1,14,28.0,1552.75,0.0,39.5774,49.9522,4324.6915283203125,97560.79565429688
2026-07-17 15:35:01,cn21,1,15,28.0,1474.68,0.0,39.5774,49.9522,4324.6915283203125,97560.79565429688
2026-07-17 15:35:01,cn21,1,16,28.0,1559.62,0.0,39.5774,49.9522,4324.6915283203125,97560.79565429688
2026-07-17 15:35:01,cn21,1,17,28.0,1538.9,0.0,39.5774,49.9522,4324.6915283203125,97560.79565429688
2026-07-17 15:35:01,cn21,1,18,26.0,1452.09,0.0,39.5774,49.9522,4324.6915283203125,97560.79565429688
2026-07-17 15:35:01,cn21,1,19,26.0,1471.87,0.0,39.5774,49.9522,4324.6915283203125,97560.79565429688
2026-07-17 15:35:01,cn21,1,20,26.0,1304.28,0.0,39.5774,49.9522,4324.6915283203125,97560.79565429688
2026-07-17 15:35:01,cn21,1,21,28.0,1358.85,0.0,39.5774,49.9522,4324.6915283203125,97560.79565429688
2026-07-17 15:35:01,cn21,1,22,29.0,1345.22,0.0,39.5774,49.9522,4324.6915283203125,97560.79565429688
2026-07-17 15:35:01,cn21,1,23,28.0,1457.64,0.0,39.5774,49.9522,4324.6915283203125,97560.79565429688
2026-07-17 15:35:01,gpu45,0,0,29.0,1431.32,0.0,53.623,43.5804,124151.00115966797,133250.88671875
2026-07-17 15:35:01,gpu45,0,1,27.0,1431.91,0.0,53.623,43.5804,124151.00115966797,133250.88671875
2026-07-17 15:35:01,gpu45,0,2,28.0,1428.27,0.0,53.623,43.5804,124151.00115966797,133250.88671875
2026-07-17 15:35:01,gpu45,0,3,25.0,1423.52,0.0,53.623,43.5804,124151.00115966797,133250.88671875
2026-07-17 15:35:01,gpu45,0,4,24.0,1418.97,0.0,53.623,43.5804,124151.00115966797,133250.88671875
2026-07-17 15:35:01,gpu45,0,5,27.0,1417.39,0.0,53.623,43.5804,124151.00115966797,133250.88671875
2026-07-17 15:35:01,gpu45,0,6,27.0,1417.53,0.0,53.623,43.5804,124151.00115966797,133250.88671875
2026-07-17 15:35:01,gpu45,0,7,25.0,1421.7,0.0,53.623,43.5804,124151.00115966797,133250.88671875
2026-07-17 15:35:01,gpu45,0,8,25.0,1415.4,0.0,53.623,43.5804,124151.00115966797,133250.88671875
2026-07-17 15:35:01,gpu45,0,9,26.0,1419.87,0.0,53.623,43.5804,124151.00115966797,133250.88671875
2026-07-17 15:35:01,gpu45,0,10,28.0,1415.35,0.0,53.623,43.5804,124151.00115966797,133250.88671875
2026-07-17 15:35:01,gpu45,0,11,27.0,1417.16,0.0,53.623,43.5804,124151.00115966797,133250.88671875
2026-07-17 15:35:01,gpu45,0,12,26.0,1418.37,0.0,53.623,43.5804,124151.00115966797,133250.88671875
2026-07-17 15:35:01,gpu45,0,13,26.0,1412.57,0.0,53.623,43.5804,124151.00115966797,133250.88671875
2026-07-17 15:35:01,gpu45,0,14,25.0,1417.34,0.0,53.623,43.5804,124151.00115966797,133250.88671875
2026-07-17 15:35:01,gpu45,0,15,27.0,1417.41,0.0,53.623,43.5804,124151.00115966797,133250.88671875
2026-07-17 15:35:01,gpu45,0,16,26.0,1417.67,0.0,53.623,43.5804,124151.00115966797,133250.88671875
2026-07-17 15:35:01,gpu45,0,17,27.0,1416.93,0.0,53.623,43.5804,124151.00115966797,133250.88671875
2026-07-17 15:35:01,gpu45,0,18,27.0,1418.34,0.0,53.623,43.5804,124151.00115966797,133250.88671875
2026-07-17 15:35:01,gpu45,0,19,24.0,1416.93,0.0,53.623,43.5804,124151.00115966797,133250.88671875
2026-07-17 15:35:01,gpu45,0,20,25.0,1422.5,0.0,53.623,43.5804,124151.00115966797,133250.88671875
2026-07-17 15:35:01,gpu45,0,21,24.0,1419.48,0.0,53.623,43.5804,124151.00115966797,133250.88671875
2026-07-17 15:35:01,gpu45,0,22,27.0,1415.99,0.0,53.623,43.5804,124151.00115966797,133250.88671875
2026-07-17 15:35:01,gpu45,0,23,29.0,1418.71,0.0,53.623,43.5804,124151.00115966797,133250.88671875
2026-07-17 15:35:01,gpu45,1,0,31.0,1452.83,0.0,64.7704,39.3022,245563.18811035156,18728.978759765625
2026-07-17 15:35:01,gpu45,1,1,30.0,1456.96,0.0,64.7704,39.3022,245563.18811035156,18728.978759765625
2026-07-17 15:35:01,gpu45,1,2,31.0,1452.76,0.0,64.7704,39.3022,245563.18811035156,18728.978759765625
2026-07-17 15:35:01,gpu45,1,3,27.0,1454.13,0.0,64.7704,39.3022,245563.18811035156,18728.978759765625
2026-07-17 15:35:01,gpu45,1,4,29.0,1458.22,0.0,64.7704,39.3022,245563.18811035156,18728.978759765625
2026-07-17 15:35:01,gpu45,1,5,32.0,1455.99,0.0,64.7704,39.3022,245563.18811035156,18728.978759765625
2026-07-17 15:35:01,gpu45,1,6,31.0,1452.6,0.0,64.7704,39.3022,245563.18811035156,18728.978759765625
2026-07-17 15:35:01,gpu45,1,7,28.0,1455.59,0.0,64.7704,39.3022,245563.18811035156,18728.978759765625
2026-07-17 15:35:01,gpu45,1,8,27.0,1451.55,0.0,64.7704,39.3022,245563.18811035156,18728.978759765625
2026-07-17 15:35:01,gpu45,1,9,28.0,1453.54,0.0,64.7704,39.3022,245563.18811035156,18728.978759765625
2026-07-17 15:35:01,gpu45,1,10,29.0,1452.26,0.0,64.7704,39.3022,245563.18811035156,18728.978759765625
2026-07-17 15:35:01,gpu45,1,11,30.0,1452.66,0.0,64.7704,39.3022,245563.18811035156,18728.978759765625
2026-07-17 15:35:01,gpu45,1,12,29.0,1450.58,0.0,64.7704,39.3022,245563.18811035156,18728.978759765625
2026-07-17 15:35:01,gpu45,1,13,27.0,1453.89,0.0,64.7704,39.3022,245563.18811035156,18728.978759765625
2026-07-17 15:35:01,gpu45,1,14,29.0,1452.75,0.0,64.7704,39.3022,245563.18811035156,18728.978759765625
2026-07-17 15:35:01,gpu45,1,15,30.0,1453.48,0.0,64.7704,39.3022,245563.18811035156,18728.978759765625
2026-07-17 15:35:01,gpu45,1,16,30.0,1453.41,0.0,64.7704,39.3022,245563.18811035156,18728.978759765625
2026-07-17 15:35:01,gpu45,1,17,27.0,1453.37,0.0,64.7704,39.3022,245563.18811035156,18728.978759765625
2026-07-17 15:35:01,gpu45,1,18,30.0,1454.93,0.0,64.7704,39.3022,245563.18811035156,18728.978759765625
2026-07-17 15:35:01,gpu45,1,19,26.0,1454.04,0.0,64.7704,39.3022,245563.18811035156,18728.978759765625
2026-07-17 15:35:01,gpu45,1,20,27.0,1453.22,0.0,64.7704,39.3022,245563.18811035156,18728.978759765625
2026-07-17 15:35:01,gpu45,1,21,29.0,1454.46,0.0,64.7704,39.3022,245563.18811035156,18728.978759765625
2026-07-17 15:35:01,gpu45,1,22,30.0,1451.32,0.0,64.7704,39.3022,245563.18811035156,18728.978759765625
2026-07-17 15:35:01,gpu45,1,23,30.0,1453.27,0.0,64.7704,39.3022,245563.18811035156,18728.978759765625
2026-07-17 15:40:01,cn21,0,0,25.0,1707.21,0.04,34.7944,28.91,92924.83905029297,89175.7359008789
2026-07-17 15:40:01,cn21,0,1,27.0,1765.3,0.0,34.7944,28.91,92924.83905029297,89175.7359008789
2026-07-17 15:40:01,cn21,0,2,27.0,1777.35,0.0,34.7944,28.91,92924.83905029297,89175.7359008789
2026-07-17 15:40:01,cn21,0,3,23.0,1774.31,0.0,34.7944,28.91,92924.83905029297,89175.7359008789
2026-07-17 15:40:01,cn21,0,4,25.0,1741.66,0.0,34.7944,28.91,92924.83905029297,89175.7359008789
2026-07-17 15:40:01,cn21,0,5,26.0,1743.25,0.0,34.7944,28.91,92924.83905029297,89175.7359008789
2026-07-17 15:40:01,cn21,0,6,27.0,1734.05,0.0,34.7944,28.91,92924.83905029297,89175.7359008789
2026-07-17 15:40:01,cn21,0,7,24.0,1736.41,0.0,34.7944,28.91,92924.83905029297,89175.7359008789
2026-07-17 15:40:01,cn21,0,8,28.0,1692.98,0.0,34.7944,28.91,92924.83905029297,89175.7359008789
2026-07-17 15:40:01,cn21,0,9,28.0,1693.89,0.0,34.7944,28.91,92924.83905029297,89175.7359008789
2026-07-17 15:40:01,cn21,0,10,28.0,1602.94,0.0,34.7944,28.91,92924.83905029297,89175.7359008789
2026-07-17 15:40:01,cn21,0,11,29.0,1705.75,0.0,34.7944,28.91,92924.83905029297,89175.7359008789
2026-07-17 15:40:01,cn21,0,12,26.0,1674.63,0.0,34.7944,28.91,92924.83905029297,89175.7359008789
2026-07-17 15:40:01,cn21,0,13,24.0,1645.95,0.0,34.7944,28.91,92924.83905029297,89175.7359008789
2026-07-17 15:40:01,cn21,0,14,26.0,1628.4,0.0,34.7944,28.91,92924.83905029297,89175.7359008789
2026-07-17 15:40:01,cn21,0,15,27.0,1656.09,0.0,34.7944,28.91,92924.83905029297,89175.7359008789
2026-07-17 15:40:01,cn21,0,16,26.0,1641.72,0.0,34.7944,28.91,92924.83905029297,89175.7359008789
2026-07-17 15:40:01,cn21,0,17,25.0,1646.78,0.0,34.7944,28.91,92924.83905029297,89175.7359008789
2026-07-17 15:40:01,cn21,0,18,28.0,1458.09,0.0,34.7944,28.91,92924.83905029297,89175.7359008789
2026-07-17 15:40:01,cn21,0,19,23.0,1627.29,0.0,34.7944,28.91,92924.83905029297,89175.7359008789
2026-07-17 15:40:01,cn21,0,20,25.0,1660.66,0.0,34.7944,28.91,92924.83905029297,89175.7359008789
2026-07-17 15:40:01,cn21,0,21,26.0,1645.04,0.0,34.7944,28.91,92924.83905029297,89175.7359008789
2026-07-17 15:40:01,cn21,0,22,27.0,1643.16,0.0,34.7944,28.91,92924.83905029297,89175.7359008789
2026-07-17 15:40:01,cn21,0,23,26.0,1630.11,0.0,34.7944,28.91,92924.83905029297,89175.7359008789
2026-07-17 15:40:01,cn21,1,0,33.0,1555.6,0.0,39.1258,49.309,8031.54315185547,106969.54760742188
2026-07-17 15:40:01,cn21,1,1,31.0,1620.98,0.0,39.1258,49.309,8031.54315185547,106969.54760742188
2026-07-17 15:40:01,cn21,1,2,28.0,1625.85,0.0,39.1258,49.309,8031.54315185547,106969.54760742188
2026-07-17 15:40:01,cn21,1,3,26.0,1639.33,0.0,39.1258,49.309,8031.54315185547,106969.54760742188
2026-07-17 15:40:01,cn21,1,4,25.0,1622.12,0.0,39.1258,49.309,8031.54315185547,106969.54760742188
2026-07-17 15:40:01,cn21,1,5,27.0,1580.77,0.0,39.1258,49.309,8031.54315185547,106969.54760742188
2026-07-17 15:40:01,cn21,1,6,27.0,1645.46,0.0,39.1258,49.309,8031.54315185547,106969.54760742188
2026-07-17 15:40:01,cn21,1,7,27.0,1632.41,0.0,39.1258,49.309,8031.54315185547,106969.54760742188
2026-07-17 15:40:01,cn21,1,8,26.0,1549.45,0.0,39.1258,49.309,8031.54315185547,106969.54760742188
2026-07-17 15:40:01,cn21,1,9,27.0,1515.39,0.0,39.1258,49.309,8031.54315185547,106969.54760742188
2026-07-17 15:40:01,cn21,1,10,28.0,1580.55,0.0,39.1258,49.309,8031.54315185547,106969.54760742188
2026-07-17 15:40:01,cn21,1,11,29.0,1543.49,0.0,39.1258,49.309,8031.54315185547,106969.54760742188
2026-07-17 15:40:01,cn21,1,12,31.0,1395.19,0.0,39.1258,49.309,8031.54315185547,106969.54760742188
2026-07-17 15:40:01,cn21,1,13,31.0,1383.21,0.0,39.1258,49.309,8031.54315185547,106969.54760742188
2026-07-17 15:40:01,cn21,1,14,28.0,1552.76,0.0,39.1258,49.309,8031.54315185547,106969.54760742188
2026-07-17 15:40:01,cn21,1,15,28.0,1474.68,0.0,39.1258,49.309,8031.54315185547,106969.54760742188
2026-07-17 15:40:01,cn21,1,16,29.0,1559.51,0.0,39.1258,49.309,8031.54315185547,106969.54760742188
2026-07-17 15:40:01,cn21,1,17,29.0,1538.61,0.0,39.1258,49.309,8031.54315185547,106969.54760742188
2026-07-17 15:40:01,cn21,1,18,27.0,1452.06,1.98,39.1258,49.309,8031.54315185547,106969.54760742188
2026-07-17 15:40:01,cn21,1,19,26.0,1471.86,0.0,39.1258,49.309,8031.54315185547,106969.54760742188
2026-07-17 15:40:01,cn21,1,20,26.0,1304.27,0.0,39.1258,49.309,8031.54315185547,106969.54760742188
2026-07-17 15:40:01,cn21,1,21,28.0,1358.84,0.0,39.1258,49.309,8031.54315185547,106969.54760742188
2026-07-17 15:40:01,cn21,1,22,29.0,1345.22,0.0,39.1258,49.309,8031.54315185547,106969.54760742188
2026-07-17 15:40:01,cn21,1,23,29.0,1457.65,0.0,39.1258,49.309,8031.54315185547,106969.54760742188
2026-07-17 15:40:01,gpu45,0,0,30.0,1431.32,0.0,53.6112,41.6583,140182.46948242188,146146.7534790039
2026-07-17 15:40:01,gpu45,0,1,29.0,1431.9,0.0,53.6112,41.6583,140182.46948242188,146146.7534790039
2026-07-17 15:40:01,gpu45,0,2,29.0,1428.26,0.0,53.6112,41.6583,140182.46948242188,146146.7534790039
2026-07-17 15:40:01,gpu45,0,3,26.0,1423.52,0.0,53.6112,41.6583,140182.46948242188,146146.7534790039
2026-07-17 15:40:01,gpu45,0,4,26.0,1418.97,0.0,53.6112,41.6583,140182.46948242188,146146.7534790039
2026-07-17 15:40:01,gpu45,0,5,27.0,1417.39,0.0,53.6112,41.6583,140182.46948242188,146146.7534790039
2026-07-17 15:40:01,gpu45,0,6,29.0,1417.53,0.0,53.6112,41.6583,140182.46948242188,146146.7534790039
2026-07-17 15:40:01,gpu45,0,7,26.0,1421.7,0.0,53.6112,41.6583,140182.46948242188,146146.7534790039
2026-07-17 15:40:01,gpu45,0,8,27.0,1415.39,0.0,53.6112,41.6583,140182.46948242188,146146.7534790039
2026-07-17 15:40:01,gpu45,0,9,27.0,1419.87,0.0,53.6112,41.6583,140182.46948242188,146146.7534790039
2026-07-17 15:40:01,gpu45,0,10,29.0,1415.35,0.0,53.6112,41.6583,140182.46948242188,146146.7534790039
2026-07-17 15:40:01,gpu45,0,11,28.0,1417.16,0.0,53.6112,41.6583,140182.46948242188,146146.7534790039
2026-07-17 15:40:01,gpu45,0,12,27.0,1418.37,0.0,53.6112,41.6583,140182.46948242188,146146.7534790039
2026-07-17 15:40:01,gpu45,0,13,26.0,1412.57,0.0,53.6112,41.6583,140182.46948242188,146146.7534790039
2026-07-17 15:40:01,gpu45,0,14,26.0,1417.34,0.0,53.6112,41.6583,140182.46948242188,146146.7534790039
2026-07-17 15:40:01,gpu45,0,15,28.0,1417.4,0.0,53.6112,41.6583,140182.46948242188,146146.7534790039
2026-07-17 15:40:01,gpu45,0,16,27.0,1417.66,0.0,53.6112,41.6583,140182.46948242188,146146.7534790039
2026-07-17 15:40:01,gpu45,0,17,28.0,1416.92,0.0,53.6112,41.6583,140182.46948242188,146146.7534790039
2026-07-17 15:40:01,gpu45,0,18,28.0,1418.33,0.0,53.6112,41.6583,140182.46948242188,146146.7534790039
2026-07-17 15:40:01,gpu45,0,19,25.0,1416.93,0.0,53.6112,41.6583,140182.46948242188,146146.7534790039
2026-07-17 15:40:01,gpu45,0,20,26.0,1422.5,0.0,53.6112,41.6583,140182.46948242188,146146.7534790039
2026-07-17 15:40:01,gpu45,0,21,25.0,1419.47,0.0,53.6112,41.6583,140182.46948242188,146146.7534790039
2026-07-17 15:40:01,gpu45,0,22,28.0,1415.98,0.0,53.6112,41.6583,140182.46948242188,146146.7534790039
2026-07-17 15:40:01,gpu45,0,23,30.0,1418.7,0.0,53.6112,41.6583,140182.46948242188,146146.7534790039
2026-07-17 15:40:01,gpu45,1,0,32.0,1452.82,0.0,64.5813,39.4996,261050.239074707,29727.589477539062
2026-07-17 15:40:01,gpu45,1,1,32.0,1456.96,0.0,64.5813,39.4996,261050.239074707,29727.589477539062
2026-07-17 15:40:01,gpu45,1,2,31.0,1452.75,0.0,64.5813,39.4996,261050.239074707,29727.589477539062
2026-07-17 15:40:01,gpu45,1,3,28.0,1454.13,0.0,64.5813,39.4996,261050.239074707,29727.589477539062
2026-07-17 15:40:01,gpu45,1,4,30.0,1458.21,0.0,64.5813,39.4996,261050.239074707,29727.589477539062
2026-07-17 15:40:01,gpu45,1,5,30.0,1455.99,0.0,64.5813,39.4996,261050.239074707,29727.589477539062
2026-07-17 15:40:01,gpu45,1,6,30.0,1452.6,0.0,64.5813,39.4996,261050.239074707,29727.589477539062
2026-07-17 15:40:01,gpu45,1,7,29.0,1455.58,0.0,64.5813,39.4996,261050.239074707,29727.589477539062
2026-07-17 15:40:01,gpu45,1,8,29.0,1451.55,0.0,64.5813,39.4996,261050.239074707,29727.589477539062
2026-07-17 15:40:01,gpu45,1,9,28.0,1453.54,0.0,64.5813,39.4996,261050.239074707,29727.589477539062
2026-07-17 15:40:01,gpu45,1,10,29.0,1452.26,0.0,64.5813,39.4996,261050.239074707,29727.589477539062
2026-07-17 15:40:01,gpu45,1,11,30.0,1452.66,0.0,64.5813,39.4996,261050.239074707,29727.589477539062
2026-07-17 15:40:01,gpu45,1,12,30.0,1450.58,0.0,64.5813,39.4996,261050.239074707,29727.589477539062
2026-07-17 15:40:01,gpu45,1,13,28.0,1453.89,0.0,64.5813,39.4996,261050.239074707,29727.589477539062
2026-07-17 15:40:01,gpu45,1,14,31.0,1452.75,0.0,64.5813,39.4996,261050.239074707,29727.589477539062
2026-07-17 15:40:01,gpu45,1,15,32.0,1453.48,0.0,64.5813,39.4996,261050.239074707,29727.589477539062
2026-07-17 15:40:01,gpu45,1,16,30.0,1453.41,0.0,64.5813,39.4996,261050.239074707,29727.589477539062
2026-07-17 15:40:01,gpu45,1,17,28.0,1453.36,0.0,64.5813,39.4996,261050.239074707,29727.589477539062
2026-07-17 15:40:01,gpu45,1,18,31.0,1454.93,0.0,64.5813,39.4996,261050.239074707,29727.589477539062
2026-07-17 15:40:01,gpu45,1,19,27.0,1454.03,0.0,64.5813,39.4996,261050.239074707,29727.589477539062
2026-07-17 15:40:01,gpu45,1,20,28.0,1453.22,0.0,64.5813,39.4996,261050.239074707,29727.589477539062
2026-07-17 15:40:01,gpu45,1,21,29.0,1454.46,0.0,64.5813,39.4996,261050.239074707,29727.589477539062
2026-07-17 15:40:01,gpu45,1,22,30.0,1451.32,0.0,64.5813,39.4996,261050.239074707,29727.589477539062
2026-07-17 15:40:01,gpu45,1,23,31.0,1453.27,0.0,64.5813,39.4996,261050.239074707,29727.589477539062
2026-07-17 15:45:01,cn21,0,0,25.0,1707.2,0.02,34.7759,28.9907,97487.89025878906,94462.59155273438
2026-07-17 15:45:01,cn21,0,1,26.0,1765.29,0.0,34.7759,28.9907,97487.89025878906,94462.59155273438
2026-07-17 15:45:01,cn21,0,2,26.0,1777.35,0.0,34.7759,28.9907,97487.89025878906,94462.59155273438
2026-07-17 15:45:01,cn21,0,3,23.0,1774.3,0.0,34.7759,28.9907,97487.89025878906,94462.59155273438
2026-07-17 15:45:01,cn21,0,4,23.0,1741.66,0.0,34.7759,28.9907,97487.89025878906,94462.59155273438
2026-07-17 15:45:01,cn21,0,5,25.0,1743.24,0.0,34.7759,28.9907,97487.89025878906,94462.59155273438
2026-07-17 15:45:01,cn21,0,6,26.0,1734.04,0.0,34.7759,28.9907,97487.89025878906,94462.59155273438
2026-07-17 15:45:01,cn21,0,7,22.0,1736.41,0.0,34.7759,28.9907,97487.89025878906,94462.59155273438
2026-07-17 15:45:01,cn21,0,8,27.0,1692.97,0.0,34.7759,28.9907,97487.89025878906,94462.59155273438
2026-07-17 15:45:01,cn21,0,9,27.0,1693.87,0.0,34.7759,28.9907,97487.89025878906,94462.59155273438
2026-07-17 15:45:01,cn21,0,10,27.0,1602.93,0.0,34.7759,28.9907,97487.89025878906,94462.59155273438
2026-07-17 15:45:01,cn21,0,11,28.0,1705.75,0.0,34.7759,28.9907,97487.89025878906,94462.59155273438
2026-07-17 15:45:01,cn21,0,12,26.0,1674.62,0.0,34.7759,28.9907,97487.89025878906,94462.59155273438
2026-07-17 15:45:01,cn21,0,13,23.0,1645.95,0.0,34.7759,28.9907,97487.89025878906,94462.59155273438
2026-07-17 15:45:01,cn21,0,14,24.0,1628.4,0.0,34.7759,28.9907,97487.89025878906,94462.59155273438
2026-07-17 15:45:01,cn21,0,15,26.0,1656.08,0.0,34.7759,28.9907,97487.89025878906,94462.59155273438
2026-07-17 15:45:01,cn21,0,16,26.0,1641.72,0.0,34.7759,28.9907,97487.89025878906,94462.59155273438
2026-07-17 15:45:01,cn21,0,17,24.0,1646.78,0.0,34.7759,28.9907,97487.89025878906,94462.59155273438
2026-07-17 15:45:01,cn21,0,18,27.0,1458.04,0.0,34.7759,28.9907,97487.89025878906,94462.59155273438
2026-07-17 15:45:01,cn21,0,19,22.0,1627.29,0.0,34.7759,28.9907,97487.89025878906,94462.59155273438
2026-07-17 15:45:01,cn21,0,20,24.0,1660.66,0.0,34.7759,28.9907,97487.89025878906,94462.59155273438
2026-07-17 15:45:01,cn21,0,21,25.0,1645.03,0.0,34.7759,28.9907,97487.89025878906,94462.59155273438
2026-07-17 15:45:01,cn21,0,22,26.0,1643.16,0.0,34.7759,28.9907,97487.89025878906,94462.59155273438
2026-07-17 15:45:01,cn21,0,23,25.0,1630.11,0.0,34.7759,28.9907,97487.89025878906,94462.59155273438
2026-07-17 15:45:01,cn21,1,0,33.0,1555.62,0.0,39.4651,50.0421,11784.343627929688,116406.76940917969
2026-07-17 15:45:01,cn21,1,1,29.0,1620.97,0.0,39.4651,50.0421,11784.343627929688,116406.76940917969
2026-07-17 15:45:01,cn21,1,2,27.0,1625.84,0.0,39.4651,50.0421,11784.343627929688,116406.76940917969
2026-07-17 15:45:01,cn21,1,3,31.0,1639.56,0.0,39.4651,50.0421,11784.343627929688,116406.76940917969
2026-07-17 15:45:01,cn21,1,4,26.0,1622.24,0.0,39.4651,50.0421,11784.343627929688,116406.76940917969
2026-07-17 15:45:01,cn21,1,5,26.0,1580.9,0.0,39.4651,50.0421,11784.343627929688,116406.76940917969
2026-07-17 15:45:01,cn21,1,6,27.0,1645.29,0.0,39.4651,50.0421,11784.343627929688,116406.76940917969
2026-07-17 15:45:01,cn21,1,7,26.0,1632.4,0.99,39.4651,50.0421,11784.343627929688,116406.76940917969
2026-07-17 15:45:01,cn21,1,8,26.0,1549.44,0.0,39.4651,50.0421,11784.343627929688,116406.76940917969
2026-07-17 15:45:01,cn21,1,9,26.0,1515.39,0.0,39.4651,50.0421,11784.343627929688,116406.76940917969
2026-07-17 15:45:01,cn21,1,10,27.0,1581.27,0.0,39.4651,50.0421,11784.343627929688,116406.76940917969
2026-07-17 15:45:01,cn21,1,11,29.0,1544.07,0.0,39.4651,50.0421,11784.343627929688,116406.76940917969
2026-07-17 15:45:01,cn21,1,12,30.0,1395.19,0.0,39.4651,50.0421,11784.343627929688,116406.76940917969
2026-07-17 15:45:01,cn21,1,13,27.0,1383.2,0.0,39.4651,50.0421,11784.343627929688,116406.76940917969
2026-07-17 15:45:01,cn21,1,14,27.0,1552.98,0.0,39.4651,50.0421,11784.343627929688,116406.76940917969
2026-07-17 15:45:01,cn21,1,15,27.0,1474.6,0.0,39.4651,50.0421,11784.343627929688,116406.76940917969
2026-07-17 15:45:01,cn21,1,16,28.0,1559.51,0.0,39.4651,50.0421,11784.343627929688,116406.76940917969
2026-07-17 15:45:01,cn21,1,17,28.0,1538.33,0.0,39.4651,50.0421,11784.343627929688,116406.76940917969
2026-07-17 15:45:01,cn21,1,18,26.0,1452.06,0.0,39.4651,50.0421,11784.343627929688,116406.76940917969
2026-07-17 15:45:01,cn21,1,19,28.0,1471.87,0.0,39.4651,50.0421,11784.343627929688,116406.76940917969
2026-07-17 15:45:01,cn21,1,20,27.0,1304.25,0.0,39.4651,50.0421,11784.343627929688,116406.76940917969
2026-07-17 15:45:01,cn21,1,21,28.0,1358.84,0.0,39.4651,50.0421,11784.343627929688,116406.76940917969
2026-07-17 15:45:01,cn21,1,22,29.0,1345.21,0.0,39.4651,50.0421,11784.343627929688,116406.76940917969
2026-07-17 15:45:01,cn21,1,23,28.0,1457.65,0.0,39.4651,50.0421,11784.343627929688,116406.76940917969
2026-07-17 15:45:01,gpu45,0,0,29.0,1431.32,0.04,53.6707,43.2723,156239.326965332,159054.98608398438
2026-07-17 15:45:01,gpu45,0,1,27.0,1431.9,0.0,53.6707,43.2723,156239.326965332,159054.98608398438
2026-07-17 15:45:01,gpu45,0,2,28.0,1428.26,0.0,53.6707,43.2723,156239.326965332,159054.98608398438
2026-07-17 15:45:01,gpu45,0,3,25.0,1423.52,0.0,53.6707,43.2723,156239.326965332,159054.98608398438
2026-07-17 15:45:01,gpu45,0,4,25.0,1418.97,0.0,53.6707,43.2723,156239.326965332,159054.98608398438
2026-07-17 15:45:01,gpu45,0,5,26.0,1417.39,0.0,53.6707,43.2723,156239.326965332,159054.98608398438
2026-07-17 15:45:01,gpu45,0,6,27.0,1417.53,0.0,53.6707,43.2723,156239.326965332,159054.98608398438
2026-07-17 15:45:01,gpu45,0,7,25.0,1421.69,0.0,53.6707,43.2723,156239.326965332,159054.98608398438
2026-07-17 15:45:01,gpu45,0,8,26.0,1415.39,0.0,53.6707,43.2723,156239.326965332,159054.98608398438
2026-07-17 15:45:01,gpu45,0,9,26.0,1419.87,0.0,53.6707,43.2723,156239.326965332,159054.98608398438
2026-07-17 15:45:01,gpu45,0,10,28.0,1415.35,0.0,53.6707,43.2723,156239.326965332,159054.98608398438
2026-07-17 15:45:01,gpu45,0,11,28.0,1417.16,0.0,53.6707,43.2723,156239.326965332,159054.98608398438
2026-07-17 15:45:01,gpu45,0,12,26.0,1418.37,0.0,53.6707,43.2723,156239.326965332,159054.98608398438
2026-07-17 15:45:01,gpu45,0,13,25.0,1412.57,0.0,53.6707,43.2723,156239.326965332,159054.98608398438
2026-07-17 15:45:01,gpu45,0,14,25.0,1417.33,0.99,53.6707,43.2723,156239.326965332,159054.98608398438
2026-07-17 15:45:01,gpu45,0,15,27.0,1417.4,0.0,53.6707,43.2723,156239.326965332,159054.98608398438
2026-07-17 15:45:01,gpu45,0,16,26.0,1417.66,0.0,53.6707,43.2723,156239.326965332,159054.98608398438
2026-07-17 15:45:01,gpu45,0,17,27.0,1416.92,0.99,53.6707,43.2723,156239.326965332,159054.98608398438
2026-07-17 15:45:01,gpu45,0,18,27.0,1418.33,0.0,53.6707,43.2723,156239.326965332,159054.98608398438
2026-07-17 15:45:01,gpu45,0,19,24.0,1416.93,0.0,53.6707,43.2723,156239.326965332,159054.98608398438
2026-07-17 15:45:01,gpu45,0,20,25.0,1422.5,0.0,53.6707,43.2723,156239.326965332,159054.98608398438
2026-07-17 15:45:01,gpu45,0,21,24.0,1419.47,0.0,53.6707,43.2723,156239.326965332,159054.98608398438
2026-07-17 15:45:01,gpu45,0,22,27.0,1415.98,0.0,53.6707,43.2723,156239.326965332,159054.98608398438
2026-07-17 15:45:01,gpu45,0,23,29.0,1418.7,0.0,53.6707,43.2723,156239.326965332,159054.98608398438
2026-07-17 15:45:01,gpu45,1,0,31.0,1452.82,0.0,64.6977,39.3515,14422.915161132812,40837.787841796875
2026-07-17 15:45:01,gpu45,1,1,30.0,1456.96,0.0,64.6977,39.3515,14422.915161132812,40837.787841796875
2026-07-17 15:45:01,gpu45,1,2,31.0,1452.75,0.0,64.6977,39.3515,14422.915161132812,40837.787841796875
2026-07-17 15:45:01,gpu45,1,3,27.0,1454.12,0.0,64.6977,39.3515,14422.915161132812,40837.787841796875
2026-07-17 15:45:01,gpu45,1,4,29.0,1458.21,0.0,64.6977,39.3515,14422.915161132812,40837.787841796875
2026-07-17 15:45:01,gpu45,1,5,29.0,1455.99,0.0,64.6977,39.3515,14422.915161132812,40837.787841796875
2026-07-17 15:45:01,gpu45,1,6,30.0,1452.6,0.0,64.6977,39.3515,14422.915161132812,40837.787841796875
2026-07-17 15:45:01,gpu45,1,7,28.0,1455.58,0.0,64.6977,39.3515,14422.915161132812,40837.787841796875
2026-07-17 15:45:01,gpu45,1,8,27.0,1451.55,0.0,64.6977,39.3515,14422.915161132812,40837.787841796875
2026-07-17 15:45:01,gpu45,1,9,27.0,1453.53,0.0,64.6977,39.3515,14422.915161132812,40837.787841796875
2026-07-17 15:45:01,gpu45,1,10,28.0,1452.26,0.0,64.6977,39.3515,14422.915161132812,40837.787841796875
2026-07-17 15:45:01,gpu45,1,11,30.0,1452.66,0.0,64.6977,39.3515,14422.915161132812,40837.787841796875
2026-07-17 15:45:01,gpu45,1,12,29.0,1450.58,0.0,64.6977,39.3515,14422.915161132812,40837.787841796875
2026-07-17 15:45:01,gpu45,1,13,26.0,1453.88,0.0,64.6977,39.3515,14422.915161132812,40837.787841796875
2026-07-17 15:45:01,gpu45,1,14,29.0,1452.75,0.0,64.6977,39.3515,14422.915161132812,40837.787841796875
2026-07-17 15:45:01,gpu45,1,15,30.0,1453.48,0.0,64.6977,39.3515,14422.915161132812,40837.787841796875
2026-07-17 15:45:01,gpu45,1,16,29.0,1453.41,0.0,64.6977,39.3515,14422.915161132812,40837.787841796875
2026-07-17 15:45:01,gpu45,1,17,27.0,1453.36,0.0,64.6977,39.3515,14422.915161132812,40837.787841796875
2026-07-17 15:45:01,gpu45,1,18,30.0,1454.93,0.0,64.6977,39.3515,14422.915161132812,40837.787841796875
2026-07-17 15:45:01,gpu45,1,19,26.0,1454.03,0.0,64.6977,39.3515,14422.915161132812,40837.787841796875
2026-07-17 15:45:01,gpu45,1,20,27.0,1453.22,0.0,64.6977,39.3515,14422.915161132812,40837.787841796875
2026-07-17 15:45:01,gpu45,1,21,28.0,1454.45,0.0,64.6977,39.3515,14422.915161132812,40837.787841796875
2026-07-17 15:45:01,gpu45,1,22,29.0,1451.31,0.0,64.6977,39.3515,14422.915161132812,40837.787841796875
2026-07-17 15:45:01,gpu45,1,23,30.0,1453.27,0.0,64.6977,39.3515,14422.915161132812,40837.787841796875
2026-07-17 15:50:01,cn21,0,0,25.0,1707.18,0.0,34.8211,28.7608,102129.78344726562,99781.5584716797
2026-07-17 15:50:01,cn21,0,1,27.0,1765.29,0.0,34.8211,28.7608,102129.78344726562,99781.5584716797
2026-07-17 15:50:01,cn21,0,2,26.0,1777.35,0.0,34.8211,28.7608,102129.78344726562,99781.5584716797
2026-07-17 15:50:01,cn21,0,3,23.0,1774.3,0.0,34.8211,28.7608,102129.78344726562,99781.5584716797
2026-07-17 15:50:01,cn21,0,4,25.0,1741.65,0.0,34.8211,28.7608,102129.78344726562,99781.5584716797
2026-07-17 15:50:01,cn21,0,5,26.0,1743.24,0.0,34.8211,28.7608,102129.78344726562,99781.5584716797
2026-07-17 15:50:01,cn21,0,6,27.0,1734.03,0.0,34.8211,28.7608,102129.78344726562,99781.5584716797
2026-07-17 15:50:01,cn21,0,7,24.0,1736.41,0.0,34.8211,28.7608,102129.78344726562,99781.5584716797
2026-07-17 15:50:01,cn21,0,8,28.0,1692.96,0.0,34.8211,28.7608,102129.78344726562,99781.5584716797
2026-07-17 15:50:01,cn21,0,9,28.0,1693.86,0.0,34.8211,28.7608,102129.78344726562,99781.5584716797
2026-07-17 15:50:01,cn21,0,10,28.0,1602.93,0.0,34.8211,28.7608,102129.78344726562,99781.5584716797
2026-07-17 15:50:01,cn21,0,11,29.0,1705.75,0.0,34.8211,28.7608,102129.78344726562,99781.5584716797
2026-07-17 15:50:01,cn21,0,12,26.0,1674.62,0.0,34.8211,28.7608,102129.78344726562,99781.5584716797
2026-07-17 15:50:01,cn21,0,13,24.0,1645.95,0.0,34.8211,28.7608,102129.78344726562,99781.5584716797
2026-07-17 15:50:01,cn21,0,14,25.0,1628.39,0.0,34.8211,28.7608,102129.78344726562,99781.5584716797
2026-07-17 15:50:01,cn21,0,15,27.0,1656.08,0.0,34.8211,28.7608,102129.78344726562,99781.5584716797
2026-07-17 15:50:01,cn21,0,16,26.0,1641.72,0.0,34.8211,28.7608,102129.78344726562,99781.5584716797
2026-07-17 15:50:01,cn21,0,17,24.0,1646.78,0.0,34.8211,28.7608,102129.78344726562,99781.5584716797
2026-07-17 15:50:01,cn21,0,18,28.0,1457.99,0.0,34.8211,28.7608,102129.78344726562,99781.5584716797
2026-07-17 15:50:01,cn21,0,19,22.0,1627.29,0.0,34.8211,28.7608,102129.78344726562,99781.5584716797
2026-07-17 15:50:01,cn21,0,20,24.0,1660.66,0.0,34.8211,28.7608,102129.78344726562,99781.5584716797
2026-07-17 15:50:01,cn21,0,21,26.0,1645.03,0.0,34.8211,28.7608,102129.78344726562,99781.5584716797
2026-07-17 15:50:01,cn21,0,22,27.0,1643.16,0.0,34.8211,28.7608,102129.78344726562,99781.5584716797
2026-07-17 15:50:01,cn21,0,23,26.0,1630.1,0.0,34.8211,28.7608,102129.78344726562,99781.5584716797
2026-07-17 15:50:01,cn21,1,0,33.0,1555.6,0.0,39.346,49.4657,15651.786865234375,125832.8198852539
2026-07-17 15:50:01,cn21,1,1,29.0,1620.96,0.0,39.346,49.4657,15651.786865234375,125832.8198852539
2026-07-17 15:50:01,cn21,1,2,28.0,1626.04,0.0,39.346,49.4657,15651.786865234375,125832.8198852539
2026-07-17 15:50:01,cn21,1,3,31.0,1639.9,0.0,39.346,49.4657,15651.786865234375,125832.8198852539
2026-07-17 15:50:01,cn21,1,4,26.0,1622.23,0.0,39.346,49.4657,15651.786865234375,125832.8198852539
2026-07-17 15:50:01,cn21,1,5,26.0,1580.9,0.0,39.346,49.4657,15651.786865234375,125832.8198852539
2026-07-17 15:50:01,cn21,1,6,27.0,1645.28,0.0,39.346,49.4657,15651.786865234375,125832.8198852539
2026-07-17 15:50:01,cn21,1,7,26.0,1632.4,0.0,39.346,49.4657,15651.786865234375,125832.8198852539
2026-07-17 15:50:01,cn21,1,8,26.0,1549.25,0.0,39.346,49.4657,15651.786865234375,125832.8198852539
2026-07-17 15:50:01,cn21,1,9,26.0,1515.38,0.0,39.346,49.4657,15651.786865234375,125832.8198852539
2026-07-17 15:50:01,cn21,1,10,27.0,1581.18,0.0,39.346,49.4657,15651.786865234375,125832.8198852539
2026-07-17 15:50:01,cn21,1,11,29.0,1544.05,0.0,39.346,49.4657,15651.786865234375,125832.8198852539
2026-07-17 15:50:01,cn21,1,12,31.0,1395.18,0.0,39.346,49.4657,15651.786865234375,125832.8198852539
2026-07-17 15:50:01,cn21,1,13,28.0,1383.2,0.0,39.346,49.4657,15651.786865234375,125832.8198852539
2026-07-17 15:50:01,cn21,1,14,27.0,1552.96,0.0,39.346,49.4657,15651.786865234375,125832.8198852539
2026-07-17 15:50:01,cn21,1,15,27.0,1474.59,0.0,39.346,49.4657,15651.786865234375,125832.8198852539
2026-07-17 15:50:01,cn21,1,16,28.0,1559.44,0.0,39.346,49.4657,15651.786865234375,125832.8198852539
2026-07-17 15:50:01,cn21,1,17,28.0,1538.15,0.0,39.346,49.4657,15651.786865234375,125832.8198852539
2026-07-17 15:50:01,cn21,1,18,27.0,1453.09,0.0,39.346,49.4657,15651.786865234375,125832.8198852539
2026-07-17 15:50:01,cn21,1,19,27.0,1472.43,0.0,39.346,49.4657,15651.786865234375,125832.8198852539
2026-07-17 15:50:01,cn21,1,20,27.0,1304.61,0.0,39.346,49.4657,15651.786865234375,125832.8198852539
2026-07-17 15:50:01,cn21,1,21,29.0,1358.84,0.0,39.346,49.4657,15651.786865234375,125832.8198852539
2026-07-17 15:50:01,cn21,1,22,29.0,1345.21,0.0,39.346,49.4657,15651.786865234375,125832.8198852539
2026-07-17 15:50:01,cn21,1,23,28.0,1457.66,0.0,39.346,49.4657,15651.786865234375,125832.8198852539
2026-07-17 15:50:01,gpu45,0,0,30.0,1431.32,0.02,54.0394,42.5871,172304.12274169922,171918.04559326172
2026-07-17 15:50:01,gpu45,0,1,29.0,1431.9,0.0,54.0394,42.5871,172304.12274169922,171918.04559326172
2026-07-17 15:50:01,gpu45,0,2,29.0,1428.26,0.0,54.0394,42.5871,172304.12274169922,171918.04559326172
2026-07-17 15:50:01,gpu45,0,3,26.0,1423.52,0.0,54.0394,42.5871,172304.12274169922,171918.04559326172
2026-07-17 15:50:01,gpu45,0,4,26.0,1418.97,0.0,54.0394,42.5871,172304.12274169922,171918.04559326172
2026-07-17 15:50:01,gpu45,0,5,27.0,1417.39,0.0,54.0394,42.5871,172304.12274169922,171918.04559326172
2026-07-17 15:50:01,gpu45,0,6,28.0,1417.53,0.0,54.0394,42.5871,172304.12274169922,171918.04559326172
2026-07-17 15:50:01,gpu45,0,7,26.0,1421.69,0.0,54.0394,42.5871,172304.12274169922,171918.04559326172
2026-07-17 15:50:01,gpu45,0,8,26.0,1415.39,0.99,54.0394,42.5871,172304.12274169922,171918.04559326172
2026-07-17 15:50:01,gpu45,0,9,26.0,1419.87,0.0,54.0394,42.5871,172304.12274169922,171918.04559326172
2026-07-17 15:50:01,gpu45,0,10,29.0,1415.34,0.0,54.0394,42.5871,172304.12274169922,171918.04559326172
2026-07-17 15:50:01,gpu45,0,11,28.0,1417.15,0.0,54.0394,42.5871,172304.12274169922,171918.04559326172
2026-07-17 15:50:01,gpu45,0,12,26.0,1418.37,0.0,54.0394,42.5871,172304.12274169922,171918.04559326172
2026-07-17 15:50:01,gpu45,0,13,26.0,1412.56,0.0,54.0394,42.5871,172304.12274169922,171918.04559326172
2026-07-17 15:50:01,gpu45,0,14,26.0,1417.33,0.0,54.0394,42.5871,172304.12274169922,171918.04559326172
2026-07-17 15:50:01,gpu45,0,15,28.0,1417.4,0.0,54.0394,42.5871,172304.12274169922,171918.04559326172
2026-07-17 15:50:01,gpu45,0,16,27.0,1417.66,0.0,54.0394,42.5871,172304.12274169922,171918.04559326172
2026-07-17 15:50:01,gpu45,0,17,27.0,1416.92,0.0,54.0394,42.5871,172304.12274169922,171918.04559326172
2026-07-17 15:50:01,gpu45,0,18,29.0,1418.33,0.0,54.0394,42.5871,172304.12274169922,171918.04559326172
2026-07-17 15:50:01,gpu45,0,19,25.0,1416.92,0.0,54.0394,42.5871,172304.12274169922,171918.04559326172
2026-07-17 15:50:01,gpu45,0,20,26.0,1422.5,0.0,54.0394,42.5871,172304.12274169922,171918.04559326172
2026-07-17 15:50:01,gpu45,0,21,26.0,1419.47,0.0,54.0394,42.5871,172304.12274169922,171918.04559326172
2026-07-17 15:50:01,gpu45,0,22,28.0,1415.98,0.0,54.0394,42.5871,172304.12274169922,171918.04559326172
2026-07-17 15:50:01,gpu45,0,23,30.0,1418.7,0.0,54.0394,42.5871,172304.12274169922,171918.04559326172
2026-07-17 15:50:01,gpu45,1,0,31.0,1452.82,0.0,64.8843,38.6544,29891.830200195312,51866.908935546875
2026-07-17 15:50:01,gpu45,1,1,31.0,1456.96,0.0,64.8843,38.6544,29891.830200195312,51866.908935546875
2026-07-17 15:50:01,gpu45,1,2,31.0,1452.75,0.0,64.8843,38.6544,29891.830200195312,51866.908935546875
2026-07-17 15:50:01,gpu45,1,3,28.0,1454.12,0.0,64.8843,38.6544,29891.830200195312,51866.908935546875
2026-07-17 15:50:01,gpu45,1,4,30.0,1458.21,0.0,64.8843,38.6544,29891.830200195312,51866.908935546875
2026-07-17 15:50:01,gpu45,1,5,30.0,1455.99,0.0,64.8843,38.6544,29891.830200195312,51866.908935546875
2026-07-17 15:50:01,gpu45,1,6,35.0,1452.6,0.0,64.8843,38.6544,29891.830200195312,51866.908935546875
2026-07-17 15:50:01,gpu45,1,7,28.0,1455.58,0.0,64.8843,38.6544,29891.830200195312,51866.908935546875
2026-07-17 15:50:01,gpu45,1,8,28.0,1451.55,0.0,64.8843,38.6544,29891.830200195312,51866.908935546875
2026-07-17 15:50:01,gpu45,1,9,28.0,1453.53,0.0,64.8843,38.6544,29891.830200195312,51866.908935546875
2026-07-17 15:50:01,gpu45,1,10,29.0,1452.26,0.0,64.8843,38.6544,29891.830200195312,51866.908935546875
2026-07-17 15:50:01,gpu45,1,11,30.0,1452.66,0.0,64.8843,38.6544,29891.830200195312,51866.908935546875
2026-07-17 15:50:01,gpu45,1,12,30.0,1450.58,0.0,64.8843,38.6544,29891.830200195312,51866.908935546875
2026-07-17 15:50:01,gpu45,1,13,27.0,1453.88,0.0,64.8843,38.6544,29891.830200195312,51866.908935546875
2026-07-17 15:50:01,gpu45,1,14,30.0,1452.74,0.0,64.8843,38.6544,29891.830200195312,51866.908935546875
2026-07-17 15:50:01,gpu45,1,15,31.0,1453.47,0.0,64.8843,38.6544,29891.830200195312,51866.908935546875
2026-07-17 15:50:01,gpu45,1,16,30.0,1453.4,0.0,64.8843,38.6544,29891.830200195312,51866.908935546875
2026-07-17 15:50:01,gpu45,1,17,27.0,1453.36,0.0,64.8843,38.6544,29891.830200195312,51866.908935546875
2026-07-17 15:50:01,gpu45,1,18,31.0,1454.93,0.0,64.8843,38.6544,29891.830200195312,51866.908935546875
2026-07-17 15:50:01,gpu45,1,19,27.0,1454.03,0.0,64.8843,38.6544,29891.830200195312,51866.908935546875
2026-07-17 15:50:01,gpu45,1,20,28.0,1453.22,0.0,64.8843,38.6544,29891.830200195312,51866.908935546875
2026-07-17 15:50:01,gpu45,1,21,29.0,1454.45,0.0,64.8843,38.6544,29891.830200195312,51866.908935546875
2026-07-17 15:50:01,gpu45,1,22,30.0,1451.31,0.0,64.8843,38.6544,29891.830200195312,51866.908935546875
2026-07-17 15:50:01,gpu45,1,23,30.0,1453.27,0.0,64.8843,38.6544,29891.830200195312,51866.908935546875
2026-07-17 15:55:01,cn21,0,0,26.0,1707.17,0.02,35.364,29.7841,106713.46746826172,105074.05633544922
2026-07-17 15:55:01,cn21,0,1,27.0,1765.29,0.0,35.364,29.7841,106713.46746826172,105074.05633544922
2026-07-17 15:55:01,cn21,0,2,26.0,1777.35,0.0,35.364,29.7841,106713.46746826172,105074.05633544922
2026-07-17 15:55:01,cn21,0,3,23.0,1774.3,0.0,35.364,29.7841,106713.46746826172,105074.05633544922
2026-07-17 15:55:01,cn21,0,4,25.0,1741.65,0.0,35.364,29.7841,106713.46746826172,105074.05633544922
2026-07-17 15:55:01,cn21,0,5,26.0,1743.24,0.0,35.364,29.7841,106713.46746826172,105074.05633544922
2026-07-17 15:55:01,cn21,0,6,27.0,1734.03,0.0,35.364,29.7841,106713.46746826172,105074.05633544922
2026-07-17 15:55:01,cn21,0,7,24.0,1736.41,0.0,35.364,29.7841,106713.46746826172,105074.05633544922
2026-07-17 15:55:01,cn21,0,8,28.0,1692.95,0.0,35.364,29.7841,106713.46746826172,105074.05633544922
2026-07-17 15:55:01,cn21,0,9,29.0,1693.86,0.0,35.364,29.7841,106713.46746826172,105074.05633544922
2026-07-17 15:55:01,cn21,0,10,29.0,1602.93,0.0,35.364,29.7841,106713.46746826172,105074.05633544922
2026-07-17 15:55:01,cn21,0,11,29.0,1705.75,0.0,35.364,29.7841,106713.46746826172,105074.05633544922
2026-07-17 15:55:01,cn21,0,12,26.0,1674.62,0.99,35.364,29.7841,106713.46746826172,105074.05633544922
2026-07-17 15:55:01,cn21,0,13,24.0,1645.94,0.0,35.364,29.7841,106713.46746826172,105074.05633544922
2026-07-17 15:55:01,cn21,0,14,25.0,1628.39,0.0,35.364,29.7841,106713.46746826172,105074.05633544922
2026-07-17 15:55:01,cn21,0,15,28.0,1656.08,0.0,35.364,29.7841,106713.46746826172,105074.05633544922
2026-07-17 15:55:01,cn21,0,16,26.0,1641.72,0.0,35.364,29.7841,106713.46746826172,105074.05633544922
2026-07-17 15:55:01,cn21,0,17,25.0,1646.78,0.0,35.364,29.7841,106713.46746826172,105074.05633544922
2026-07-17 15:55:01,cn21,0,18,28.0,1457.95,0.0,35.364,29.7841,106713.46746826172,105074.05633544922
2026-07-17 15:55:01,cn21,0,19,23.0,1627.29,0.0,35.364,29.7841,106713.46746826172,105074.05633544922
2026-07-17 15:55:01,cn21,0,20,25.0,1660.66,0.0,35.364,29.7841,106713.46746826172,105074.05633544922
2026-07-17 15:55:01,cn21,0,21,26.0,1645.03,0.0,35.364,29.7841,106713.46746826172,105074.05633544922
2026-07-17 15:55:01,cn21,0,22,27.0,1643.16,0.0,35.364,29.7841,106713.46746826172,105074.05633544922
2026-07-17 15:55:01,cn21,0,23,26.0,1630.1,0.0,35.364,29.7841,106713.46746826172,105074.05633544922
2026-07-17 15:55:01,cn21,1,0,33.0,1555.56,0.0,39.4134,49.793,19379.29656982422,135259.35455322266
2026-07-17 15:55:01,cn21,1,1,30.0,1620.95,0.0,39.4134,49.793,19379.29656982422,135259.35455322266
2026-07-17 15:55:01,cn21,1,2,28.0,1626.35,0.0,39.4134,49.793,19379.29656982422,135259.35455322266
2026-07-17 15:55:01,cn21,1,3,26.0,1640.34,0.0,39.4134,49.793,19379.29656982422,135259.35455322266
2026-07-17 15:55:01,cn21,1,4,31.0,1622.79,0.0,39.4134,49.793,19379.29656982422,135259.35455322266
2026-07-17 15:55:01,cn21,1,5,27.0,1580.9,0.0,39.4134,49.793,19379.29656982422,135259.35455322266
2026-07-17 15:55:01,cn21,1,6,28.0,1645.27,0.0,39.4134,49.793,19379.29656982422,135259.35455322266
2026-07-17 15:55:01,cn21,1,7,26.0,1632.4,0.0,39.4134,49.793,19379.29656982422,135259.35455322266
2026-07-17 15:55:01,cn21,1,8,26.0,1549.04,0.0,39.4134,49.793,19379.29656982422,135259.35455322266
2026-07-17 15:55:01,cn21,1,9,27.0,1515.38,0.0,39.4134,49.793,19379.29656982422,135259.35455322266
2026-07-17 15:55:01,cn21,1,10,28.0,1580.95,0.0,39.4134,49.793,19379.29656982422,135259.35455322266
2026-07-17 15:55:01,cn21,1,11,29.0,1544.04,0.0,39.4134,49.793,19379.29656982422,135259.35455322266
2026-07-17 15:55:01,cn21,1,12,31.0,1395.14,0.0,39.4134,49.793,19379.29656982422,135259.35455322266
2026-07-17 15:55:01,cn21,1,13,28.0,1383.17,0.0,39.4134,49.793,19379.29656982422,135259.35455322266
2026-07-17 15:55:01,cn21,1,14,27.0,1552.96,0.0,39.4134,49.793,19379.29656982422,135259.35455322266
2026-07-17 15:55:01,cn21,1,15,28.0,1474.59,0.0,39.4134,49.793,19379.29656982422,135259.35455322266
2026-07-17 15:55:01,cn21,1,16,29.0,1559.44,0.0,39.4134,49.793,19379.29656982422,135259.35455322266
2026-07-17 15:55:01,cn21,1,17,28.0,1538.15,0.0,39.4134,49.793,19379.29656982422,135259.35455322266
2026-07-17 15:55:01,cn21,1,18,28.0,1453.09,0.0,39.4134,49.793,19379.29656982422,135259.35455322266
2026-07-17 15:55:01,cn21,1,19,27.0,1472.42,0.0,39.4134,49.793,19379.29656982422,135259.35455322266
2026-07-17 15:55:01,cn21,1,20,27.0,1304.59,0.0,39.4134,49.793,19379.29656982422,135259.35455322266
2026-07-17 15:55:01,cn21,1,21,29.0,1358.86,0.0,39.4134,49.793,19379.29656982422,135259.35455322266
2026-07-17 15:55:01,cn21,1,22,30.0,1345.21,0.0,39.4134,49.793,19379.29656982422,135259.35455322266
2026-07-17 15:55:01,cn21,1,23,28.0,1457.67,0.0,39.4134,49.793,19379.29656982422,135259.35455322266
2026-07-17 15:55:01,gpu45,0,0,30.0,1431.31,0.02,53.8215,43.1156,188326.4022216797,184798.50677490234
2026-07-17 15:55:01,gpu45,0,1,28.0,1431.9,0.0,53.8215,43.1156,188326.4022216797,184798.50677490234
2026-07-17 15:55:01,gpu45,0,2,29.0,1428.26,0.0,53.8215,43.1156,188326.4022216797,184798.50677490234
2026-07-17 15:55:01,gpu45,0,3,26.0,1423.51,0.0,53.8215,43.1156,188326.4022216797,184798.50677490234
2026-07-17 15:55:01,gpu45,0,4,26.0,1418.96,0.0,53.8215,43.1156,188326.4022216797,184798.50677490234
2026-07-17 15:55:01,gpu45,0,5,28.0,1417.39,0.0,53.8215,43.1156,188326.4022216797,184798.50677490234
2026-07-17 15:55:01,gpu45,0,6,28.0,1417.52,0.0,53.8215,43.1156,188326.4022216797,184798.50677490234
2026-07-17 15:55:01,gpu45,0,7,26.0,1421.69,0.0,53.8215,43.1156,188326.4022216797,184798.50677490234
2026-07-17 15:55:01,gpu45,0,8,27.0,1415.39,0.0,53.8215,43.1156,188326.4022216797,184798.50677490234
2026-07-17 15:55:01,gpu45,0,9,27.0,1419.87,0.0,53.8215,43.1156,188326.4022216797,184798.50677490234
2026-07-17 15:55:01,gpu45,0,10,29.0,1415.34,0.0,53.8215,43.1156,188326.4022216797,184798.50677490234
2026-07-17 15:55:01,gpu45,0,11,28.0,1417.15,0.0,53.8215,43.1156,188326.4022216797,184798.50677490234
2026-07-17 15:55:01,gpu45,0,12,27.0,1418.37,0.0,53.8215,43.1156,188326.4022216797,184798.50677490234
2026-07-17 15:55:01,gpu45,0,13,27.0,1412.56,0.0,53.8215,43.1156,188326.4022216797,184798.50677490234
2026-07-17 15:55:01,gpu45,0,14,26.0,1417.33,0.0,53.8215,43.1156,188326.4022216797,184798.50677490234
2026-07-17 15:55:01,gpu45,0,15,28.0,1417.4,0.0,53.8215,43.1156,188326.4022216797,184798.50677490234
2026-07-17 15:55:01,gpu45,0,16,27.0,1417.66,0.0,53.8215,43.1156,188326.4022216797,184798.50677490234
2026-07-17 15:55:01,gpu45,0,17,27.0,1416.92,0.0,53.8215,43.1156,188326.4022216797,184798.50677490234
2026-07-17 15:55:01,gpu45,0,18,28.0,1418.33,0.0,53.8215,43.1156,188326.4022216797,184798.50677490234
2026-07-17 15:55:01,gpu45,0,19,25.0,1416.92,0.0,53.8215,43.1156,188326.4022216797,184798.50677490234
2026-07-17 15:55:01,gpu45,0,20,26.0,1422.49,0.0,53.8215,43.1156,188326.4022216797,184798.50677490234
2026-07-17 15:55:01,gpu45,0,21,26.0,1419.47,0.0,53.8215,43.1156,188326.4022216797,184798.50677490234
2026-07-17 15:55:01,gpu45,0,22,28.0,1415.98,0.0,53.8215,43.1156,188326.4022216797,184798.50677490234
2026-07-17 15:55:01,gpu45,0,23,30.0,1418.7,0.0,53.8215,43.1156,188326.4022216797,184798.50677490234
2026-07-17 15:55:01,gpu45,1,0,31.0,1452.82,0.0,64.6333,39.2153,45365.53240966797,62999.10852050781
2026-07-17 15:55:01,gpu45,1,1,31.0,1456.95,0.0,64.6333,39.2153,45365.53240966797,62999.10852050781
2026-07-17 15:55:01,gpu45,1,2,31.0,1452.75,0.0,64.6333,39.2153,45365.53240966797,62999.10852050781
2026-07-17 15:55:01,gpu45,1,3,28.0,1454.12,0.0,64.6333,39.2153,45365.53240966797,62999.10852050781
2026-07-17 15:55:01,gpu45,1,4,30.0,1458.21,0.99,64.6333,39.2153,45365.53240966797,62999.10852050781
2026-07-17 15:55:01,gpu45,1,5,30.0,1455.99,0.0,64.6333,39.2153,45365.53240966797,62999.10852050781
2026-07-17 15:55:01,gpu45,1,6,30.0,1452.59,0.0,64.6333,39.2153,45365.53240966797,62999.10852050781
2026-07-17 15:55:01,gpu45,1,7,30.0,1455.58,0.0,64.6333,39.2153,45365.53240966797,62999.10852050781
2026-07-17 15:55:01,gpu45,1,8,29.0,1451.54,0.0,64.6333,39.2153,45365.53240966797,62999.10852050781
2026-07-17 15:55:01,gpu45,1,9,28.0,1453.53,0.0,64.6333,39.2153,45365.53240966797,62999.10852050781
2026-07-17 15:55:01,gpu45,1,10,29.0,1452.25,0.0,64.6333,39.2153,45365.53240966797,62999.10852050781
2026-07-17 15:55:01,gpu45,1,11,30.0,1452.65,0.0,64.6333,39.2153,45365.53240966797,62999.10852050781
2026-07-17 15:55:01,gpu45,1,12,30.0,1450.57,0.0,64.6333,39.2153,45365.53240966797,62999.10852050781
2026-07-17 15:55:01,gpu45,1,13,28.0,1453.88,0.0,64.6333,39.2153,45365.53240966797,62999.10852050781
2026-07-17 15:55:01,gpu45,1,14,31.0,1452.74,0.0,64.6333,39.2153,45365.53240966797,62999.10852050781
2026-07-17 15:55:01,gpu45,1,15,31.0,1453.47,0.0,64.6333,39.2153,45365.53240966797,62999.10852050781
2026-07-17 15:55:01,gpu45,1,16,30.0,1453.4,0.0,64.6333,39.2153,45365.53240966797,62999.10852050781
2026-07-17 15:55:01,gpu45,1,17,28.0,1453.36,0.0,64.6333,39.2153,45365.53240966797,62999.10852050781
2026-07-17 15:55:01,gpu45,1,18,30.0,1454.92,0.0,64.6333,39.2153,45365.53240966797,62999.10852050781
2026-07-17 15:55:01,gpu45,1,19,27.0,1454.03,0.0,64.6333,39.2153,45365.53240966797,62999.10852050781
2026-07-17 15:55:01,gpu45,1,20,28.0,1453.22,0.0,64.6333,39.2153,45365.53240966797,62999.10852050781
2026-07-17 15:55:01,gpu45,1,21,30.0,1454.45,0.0,64.6333,39.2153,45365.53240966797,62999.10852050781
2026-07-17 15:55:01,gpu45,1,22,30.0,1451.31,0.0,64.6333,39.2153,45365.53240966797,62999.10852050781
2026-07-17 15:55:01,gpu45,1,23,30.0,1453.27,0.0,64.6333,39.2153,45365.53240966797,62999.10852050781
2026-07-17 16:00:01,cn21,0,0,25.0,1707.16,0.0,35.1167,29.3081,111353.80303955078,110495.85400390625
2026-07-17 16:00:01,cn21,0,1,27.0,1765.29,0.0,35.1167,29.3081,111353.80303955078,110495.85400390625
2026-07-17 16:00:01,cn21,0,2,26.0,1777.35,0.0,35.1167,29.3081,111353.80303955078,110495.85400390625
2026-07-17 16:00:01,cn21,0,3,23.0,1774.3,0.0,35.1167,29.3081,111353.80303955078,110495.85400390625
2026-07-17 16:00:01,cn21,0,4,24.0,1741.65,0.0,35.1167,29.3081,111353.80303955078,110495.85400390625
2026-07-17 16:00:01,cn21,0,5,26.0,1743.23,0.0,35.1167,29.3081,111353.80303955078,110495.85400390625
2026-07-17 16:00:01,cn21,0,6,27.0,1734.02,0.0,35.1167,29.3081,111353.80303955078,110495.85400390625
2026-07-17 16:00:01,cn21,0,7,24.0,1736.41,0.0,35.1167,29.3081,111353.80303955078,110495.85400390625
2026-07-17 16:00:01,cn21,0,8,28.0,1692.95,0.0,35.1167,29.3081,111353.80303955078,110495.85400390625
2026-07-17 16:00:01,cn21,0,9,28.0,1693.86,0.0,35.1167,29.3081,111353.80303955078,110495.85400390625
2026-07-17 16:00:01,cn21,0,10,28.0,1602.93,0.0,35.1167,29.3081,111353.80303955078,110495.85400390625
2026-07-17 16:00:01,cn21,0,11,29.0,1705.74,0.0,35.1167,29.3081,111353.80303955078,110495.85400390625
2026-07-17 16:00:01,cn21,0,12,26.0,1674.62,0.0,35.1167,29.3081,111353.80303955078,110495.85400390625
2026-07-17 16:00:01,cn21,0,13,24.0,1645.94,0.0,35.1167,29.3081,111353.80303955078,110495.85400390625
2026-07-17 16:00:01,cn21,0,14,25.0,1628.39,0.0,35.1167,29.3081,111353.80303955078,110495.85400390625
2026-07-17 16:00:01,cn21,0,15,28.0,1656.04,0.0,35.1167,29.3081,111353.80303955078,110495.85400390625
2026-07-17 16:00:01,cn21,0,16,27.0,1641.72,0.0,35.1167,29.3081,111353.80303955078,110495.85400390625
2026-07-17 16:00:01,cn21,0,17,25.0,1646.78,0.0,35.1167,29.3081,111353.80303955078,110495.85400390625
2026-07-17 16:00:01,cn21,0,18,28.0,1457.88,0.0,35.1167,29.3081,111353.80303955078,110495.85400390625
2026-07-17 16:00:01,cn21,0,19,23.0,1627.29,0.0,35.1167,29.3081,111353.80303955078,110495.85400390625
2026-07-17 16:00:01,cn21,0,20,25.0,1660.66,0.0,35.1167,29.3081,111353.80303955078,110495.85400390625
2026-07-17 16:00:01,cn21,0,21,26.0,1645.03,0.0,35.1167,29.3081,111353.80303955078,110495.85400390625
2026-07-17 16:00:01,cn21,0,22,28.0,1643.16,0.0,35.1167,29.3081,111353.80303955078,110495.85400390625
2026-07-17 16:00:01,cn21,0,23,26.0,1630.1,0.0,35.1167,29.3081,111353.80303955078,110495.85400390625
2026-07-17 16:00:01,cn21,1,0,33.0,1555.58,0.0,39.2477,49.5428,23143.927978515625,144705.70642089844
2026-07-17 16:00:01,cn21,1,1,30.0,1621.05,0.0,39.2477,49.5428,23143.927978515625,144705.70642089844
2026-07-17 16:00:01,cn21,1,2,29.0,1626.55,0.0,39.2477,49.5428,23143.927978515625,144705.70642089844
2026-07-17 16:00:01,cn21,1,3,26.0,1640.77,0.0,39.2477,49.5428,23143.927978515625,144705.70642089844
2026-07-17 16:00:01,cn21,1,4,31.0,1622.98,0.0,39.2477,49.5428,23143.927978515625,144705.70642089844
2026-07-17 16:00:01,cn21,1,5,27.0,1581.15,0.0,39.2477,49.5428,23143.927978515625,144705.70642089844
2026-07-17 16:00:01,cn21,1,6,28.0,1645.34,0.0,39.2477,49.5428,23143.927978515625,144705.70642089844
2026-07-17 16:00:01,cn21,1,7,26.0,1632.24,0.0,39.2477,49.5428,23143.927978515625,144705.70642089844
2026-07-17 16:00:01,cn21,1,8,26.0,1549.03,0.0,39.2477,49.5428,23143.927978515625,144705.70642089844
2026-07-17 16:00:01,cn21,1,9,27.0,1515.38,0.0,39.2477,49.5428,23143.927978515625,144705.70642089844
2026-07-17 16:00:01,cn21,1,10,28.0,1580.75,0.0,39.2477,49.5428,23143.927978515625,144705.70642089844
2026-07-17 16:00:01,cn21,1,11,29.0,1544.02,0.0,39.2477,49.5428,23143.927978515625,144705.70642089844
2026-07-17 16:00:01,cn21,1,12,31.0,1395.14,0.0,39.2477,49.5428,23143.927978515625,144705.70642089844
2026-07-17 16:00:01,cn21,1,13,28.0,1383.17,0.0,39.2477,49.5428,23143.927978515625,144705.70642089844
2026-07-17 16:00:01,cn21,1,14,27.0,1552.94,0.0,39.2477,49.5428,23143.927978515625,144705.70642089844
2026-07-17 16:00:01,cn21,1,15,28.0,1474.59,0.0,39.2477,49.5428,23143.927978515625,144705.70642089844
2026-07-17 16:00:01,cn21,1,16,28.0,1559.44,0.0,39.2477,49.5428,23143.927978515625,144705.70642089844
2026-07-17 16:00:01,cn21,1,17,29.0,1538.12,0.0,39.2477,49.5428,23143.927978515625,144705.70642089844
2026-07-17 16:00:01,cn21,1,18,28.0,1453.09,0.0,39.2477,49.5428,23143.927978515625,144705.70642089844
2026-07-17 16:00:01,cn21,1,19,26.0,1472.41,0.0,39.2477,49.5428,23143.927978515625,144705.70642089844
2026-07-17 16:00:01,cn21,1,20,27.0,1304.58,0.0,39.2477,49.5428,23143.927978515625,144705.70642089844
2026-07-17 16:00:01,cn21,1,21,29.0,1358.86,0.0,39.2477,49.5428,23143.927978515625,144705.70642089844
2026-07-17 16:00:01,cn21,1,22,30.0,1345.2,0.0,39.2477,49.5428,23143.927978515625,144705.70642089844
2026-07-17 16:00:01,cn21,1,23,28.0,1457.68,0.0,39.2477,49.5428,23143.927978515625,144705.70642089844
2026-07-17 16:00:01,gpu45,0,0,29.0,1431.31,0.06,53.5288,43.8254,204368.29034423828,197720.21087646484
2026-07-17 16:00:01,gpu45,0,1,28.0,1431.9,0.0,53.5288,43.8254,204368.29034423828,197720.21087646484
2026-07-17 16:00:01,gpu45,0,2,29.0,1428.26,0.0,53.5288,43.8254,204368.29034423828,197720.21087646484
2026-07-17 16:00:01,gpu45,0,3,26.0,1423.51,0.0,53.5288,43.8254,204368.29034423828,197720.21087646484
2026-07-17 16:00:01,gpu45,0,4,26.0,1418.96,0.0,53.5288,43.8254,204368.29034423828,197720.21087646484
2026-07-17 16:00:01,gpu45,0,5,27.0,1417.38,0.0,53.5288,43.8254,204368.29034423828,197720.21087646484
2026-07-17 16:00:01,gpu45,0,6,28.0,1417.52,0.0,53.5288,43.8254,204368.29034423828,197720.21087646484
2026-07-17 16:00:01,gpu45,0,7,26.0,1421.69,0.0,53.5288,43.8254,204368.29034423828,197720.21087646484
2026-07-17 16:00:01,gpu45,0,8,27.0,1415.39,0.99,53.5288,43.8254,204368.29034423828,197720.21087646484
2026-07-17 16:00:01,gpu45,0,9,27.0,1419.86,0.0,53.5288,43.8254,204368.29034423828,197720.21087646484
2026-07-17 16:00:01,gpu45,0,10,29.0,1415.34,0.0,53.5288,43.8254,204368.29034423828,197720.21087646484
2026-07-17 16:00:01,gpu45,0,11,28.0,1417.15,0.0,53.5288,43.8254,204368.29034423828,197720.21087646484
2026-07-17 16:00:01,gpu45,0,12,27.0,1418.36,0.0,53.5288,43.8254,204368.29034423828,197720.21087646484
2026-07-17 16:00:01,gpu45,0,13,27.0,1412.56,0.0,53.5288,43.8254,204368.29034423828,197720.21087646484
2026-07-17 16:00:01,gpu45,0,14,26.0,1417.33,0.0,53.5288,43.8254,204368.29034423828,197720.21087646484
2026-07-17 16:00:01,gpu45,0,15,28.0,1417.39,0.0,53.5288,43.8254,204368.29034423828,197720.21087646484
2026-07-17 16:00:01,gpu45,0,16,27.0,1417.65,0.0,53.5288,43.8254,204368.29034423828,197720.21087646484
2026-07-17 16:00:01,gpu45,0,17,28.0,1416.91,0.0,53.5288,43.8254,204368.29034423828,197720.21087646484
2026-07-17 16:00:01,gpu45,0,18,28.0,1418.32,0.0,53.5288,43.8254,204368.29034423828,197720.21087646484
2026-07-17 16:00:01,gpu45,0,19,25.0,1416.92,0.0,53.5288,43.8254,204368.29034423828,197720.21087646484
2026-07-17 16:00:01,gpu45,0,20,26.0,1422.49,0.0,53.5288,43.8254,204368.29034423828,197720.21087646484
2026-07-17 16:00:01,gpu45,0,21,25.0,1419.47,0.0,53.5288,43.8254,204368.29034423828,197720.21087646484
2026-07-17 16:00:01,gpu45,0,22,27.0,1415.97,0.0,53.5288,43.8254,204368.29034423828,197720.21087646484
2026-07-17 16:00:01,gpu45,0,23,30.0,1418.69,0.0,53.5288,43.8254,204368.29034423828,197720.21087646484
2026-07-17 16:00:01,gpu45,1,0,32.0,1452.81,0.0,64.6676,39.3209,60846.01593017578,74115.6082763672
2026-07-17 16:00:01,gpu45,1,1,31.0,1456.95,0.0,64.6676,39.3209,60846.01593017578,74115.6082763672
2026-07-17 16:00:01,gpu45,1,2,31.0,1452.75,0.0,64.6676,39.3209,60846.01593017578,74115.6082763672
2026-07-17 16:00:01,gpu45,1,3,28.0,1454.12,0.0,64.6676,39.3209,60846.01593017578,74115.6082763672
2026-07-17 16:00:01,gpu45,1,4,30.0,1458.21,0.99,64.6676,39.3209,60846.01593017578,74115.6082763672
2026-07-17 16:00:01,gpu45,1,5,32.0,1455.99,0.0,64.6676,39.3209,60846.01593017578,74115.6082763672
2026-07-17 16:00:01,gpu45,1,6,31.0,1452.59,0.0,64.6676,39.3209,60846.01593017578,74115.6082763672
2026-07-17 16:00:01,gpu45,1,7,29.0,1455.58,0.0,64.6676,39.3209,60846.01593017578,74115.6082763672
2026-07-17 16:00:01,gpu45,1,8,28.0,1451.54,0.0,64.6676,39.3209,60846.01593017578,74115.6082763672
2026-07-17 16:00:01,gpu45,1,9,28.0,1453.53,0.0,64.6676,39.3209,60846.01593017578,74115.6082763672
2026-07-17 16:00:01,gpu45,1,10,29.0,1452.25,0.0,64.6676,39.3209,60846.01593017578,74115.6082763672
2026-07-17 16:00:01,gpu45,1,11,30.0,1452.65,0.0,64.6676,39.3209,60846.01593017578,74115.6082763672
2026-07-17 16:00:01,gpu45,1,12,30.0,1450.57,0.0,64.6676,39.3209,60846.01593017578,74115.6082763672
2026-07-17 16:00:01,gpu45,1,13,28.0,1453.88,0.0,64.6676,39.3209,60846.01593017578,74115.6082763672
2026-07-17 16:00:01,gpu45,1,14,30.0,1452.74,0.99,64.6676,39.3209,60846.01593017578,74115.6082763672
2026-07-17 16:00:01,gpu45,1,15,31.0,1453.47,0.0,64.6676,39.3209,60846.01593017578,74115.6082763672
2026-07-17 16:00:01,gpu45,1,16,30.0,1453.4,0.0,64.6676,39.3209,60846.01593017578,74115.6082763672
2026-07-17 16:00:01,gpu45,1,17,27.0,1453.36,0.0,64.6676,39.3209,60846.01593017578,74115.6082763672
2026-07-17 16:00:01,gpu45,1,18,30.0,1454.92,0.0,64.6676,39.3209,60846.01593017578,74115.6082763672
2026-07-17 16:00:01,gpu45,1,19,27.0,1454.03,0.0,64.6676,39.3209,60846.01593017578,74115.6082763672
2026-07-17 16:00:01,gpu45,1,20,28.0,1453.21,0.0,64.6676,39.3209,60846.01593017578,74115.6082763672
2026-07-17 16:00:01,gpu45,1,21,29.0,1454.45,0.0,64.6676,39.3209,60846.01593017578,74115.6082763672
2026-07-17 16:00:01,gpu45,1,22,30.0,1451.31,0.0,64.6676,39.3209,60846.01593017578,74115.6082763672
2026-07-17 16:00:01,gpu45,1,23,31.0,1453.26,0.0,64.6676,39.3209,60846.01593017578,74115.6082763672
2026-07-17 16:05:01,cn21,0,0,24.0,1707.15,0.0,34.5435,28.2063,116038.37731933594,115917.55700683594
2026-07-17 16:05:01,cn21,0,1,26.0,1765.29,0.0,34.5435,28.2063,116038.37731933594,115917.55700683594
2026-07-17 16:05:01,cn21,0,2,26.0,1777.35,0.0,34.5435,28.2063,116038.37731933594,115917.55700683594
2026-07-17 16:05:01,cn21,0,3,22.0,1774.3,0.0,34.5435,28.2063,116038.37731933594,115917.55700683594
2026-07-17 16:05:01,cn21,0,4,24.0,1741.64,0.0,34.5435,28.2063,116038.37731933594,115917.55700683594
2026-07-17 16:05:01,cn21,0,5,25.0,1743.23,0.0,34.5435,28.2063,116038.37731933594,115917.55700683594
2026-07-17 16:05:01,cn21,0,6,27.0,1734.02,0.0,34.5435,28.2063,116038.37731933594,115917.55700683594
2026-07-17 16:05:01,cn21,0,7,23.0,1736.4,0.0,34.5435,28.2063,116038.37731933594,115917.55700683594
2026-07-17 16:05:01,cn21,0,8,28.0,1692.94,0.0,34.5435,28.2063,116038.37731933594,115917.55700683594
2026-07-17 16:05:01,cn21,0,9,27.0,1693.86,0.0,34.5435,28.2063,116038.37731933594,115917.55700683594
2026-07-17 16:05:01,cn21,0,10,28.0,1602.93,0.0,34.5435,28.2063,116038.37731933594,115917.55700683594
2026-07-17 16:05:01,cn21,0,11,29.0,1705.74,0.0,34.5435,28.2063,116038.37731933594,115917.55700683594
2026-07-17 16:05:01,cn21,0,12,25.0,1674.61,0.0,34.5435,28.2063,116038.37731933594,115917.55700683594
2026-07-17 16:05:01,cn21,0,13,24.0,1645.93,0.0,34.5435,28.2063,116038.37731933594,115917.55700683594
2026-07-17 16:05:01,cn21,0,14,25.0,1628.39,0.0,34.5435,28.2063,116038.37731933594,115917.55700683594
2026-07-17 16:05:01,cn21,0,15,26.0,1656.02,0.0,34.5435,28.2063,116038.37731933594,115917.55700683594
2026-07-17 16:05:01,cn21,0,16,26.0,1641.68,0.0,34.5435,28.2063,116038.37731933594,115917.55700683594
2026-07-17 16:05:01,cn21,0,17,24.0,1646.78,0.0,34.5435,28.2063,116038.37731933594,115917.55700683594
2026-07-17 16:05:01,cn21,0,18,27.0,1457.81,0.0,34.5435,28.2063,116038.37731933594,115917.55700683594
2026-07-17 16:05:01,cn21,0,19,22.0,1627.29,0.0,34.5435,28.2063,116038.37731933594,115917.55700683594
2026-07-17 16:05:01,cn21,0,20,24.0,1660.66,0.0,34.5435,28.2063,116038.37731933594,115917.55700683594
2026-07-17 16:05:01,cn21,0,21,25.0,1645.03,0.0,34.5435,28.2063,116038.37731933594,115917.55700683594
2026-07-17 16:05:01,cn21,0,22,27.0,1643.16,0.0,34.5435,28.2063,116038.37731933594,115917.55700683594
2026-07-17 16:05:01,cn21,0,23,26.0,1630.1,0.0,34.5435,28.2063,116038.37731933594,115917.55700683594
2026-07-17 16:05:01,cn21,1,0,33.0,1555.58,0.0,39.2333,49.5402,26936.554626464844,154162.4086303711
2026-07-17 16:05:01,cn21,1,1,30.0,1621.27,0.0,39.2333,49.5402,26936.554626464844,154162.4086303711
2026-07-17 16:05:01,cn21,1,2,27.0,1626.95,0.0,39.2333,49.5402,26936.554626464844,154162.4086303711
2026-07-17 16:05:01,cn21,1,3,26.0,1641.21,0.0,39.2333,49.5402,26936.554626464844,154162.4086303711
2026-07-17 16:05:01,cn21,1,4,31.0,1623.21,0.0,39.2333,49.5402,26936.554626464844,154162.4086303711
2026-07-17 16:05:01,cn21,1,5,27.0,1581.15,0.0,39.2333,49.5402,26936.554626464844,154162.4086303711
2026-07-17 16:05:01,cn21,1,6,27.0,1645.33,0.0,39.2333,49.5402,26936.554626464844,154162.4086303711
2026-07-17 16:05:01,cn21,1,7,26.0,1632.03,0.0,39.2333,49.5402,26936.554626464844,154162.4086303711
2026-07-17 16:05:01,cn21,1,8,25.0,1549.03,0.0,39.2333,49.5402,26936.554626464844,154162.4086303711
2026-07-17 16:05:01,cn21,1,9,26.0,1515.38,0.0,39.2333,49.5402,26936.554626464844,154162.4086303711
2026-07-17 16:05:01,cn21,1,10,28.0,1580.52,0.0,39.2333,49.5402,26936.554626464844,154162.4086303711
2026-07-17 16:05:01,cn21,1,11,29.0,1543.99,0.0,39.2333,49.5402,26936.554626464844,154162.4086303711
2026-07-17 16:05:01,cn21,1,12,31.0,1395.13,0.0,39.2333,49.5402,26936.554626464844,154162.4086303711
2026-07-17 16:05:01,cn21,1,13,27.0,1383.17,0.0,39.2333,49.5402,26936.554626464844,154162.4086303711
2026-07-17 16:05:01,cn21,1,14,27.0,1552.92,0.0,39.2333,49.5402,26936.554626464844,154162.4086303711
2026-07-17 16:05:01,cn21,1,15,28.0,1474.58,0.0,39.2333,49.5402,26936.554626464844,154162.4086303711
2026-07-17 16:05:01,cn21,1,16,28.0,1559.43,0.0,39.2333,49.5402,26936.554626464844,154162.4086303711
2026-07-17 16:05:01,cn21,1,17,28.0,1538.12,0.0,39.2333,49.5402,26936.554626464844,154162.4086303711
2026-07-17 16:05:01,cn21,1,18,28.0,1453.09,0.0,39.2333,49.5402,26936.554626464844,154162.4086303711
2026-07-17 16:05:01,cn21,1,19,26.0,1472.4,0.0,39.2333,49.5402,26936.554626464844,154162.4086303711
2026-07-17 16:05:01,cn21,1,20,27.0,1304.58,0.0,39.2333,49.5402,26936.554626464844,154162.4086303711
2026-07-17 16:05:01,cn21,1,21,29.0,1358.86,0.0,39.2333,49.5402,26936.554626464844,154162.4086303711
2026-07-17 16:05:01,cn21,1,22,29.0,1345.2,0.0,39.2333,49.5402,26936.554626464844,154162.4086303711
2026-07-17 16:05:01,cn21,1,23,27.0,1457.68,0.0,39.2333,49.5402,26936.554626464844,154162.4086303711
2026-07-17 16:05:01,gpu45,0,0,29.0,1431.31,0.02,53.7695,42.7435,220416.45294189453,210557.03338623047
2026-07-17 16:05:01,gpu45,0,1,27.0,1431.89,0.0,53.7695,42.7435,220416.45294189453,210557.03338623047
2026-07-17 16:05:01,gpu45,0,2,28.0,1428.25,0.0,53.7695,42.7435,220416.45294189453,210557.03338623047
2026-07-17 16:05:01,gpu45,0,3,25.0,1423.51,0.0,53.7695,42.7435,220416.45294189453,210557.03338623047
2026-07-17 16:05:01,gpu45,0,4,25.0,1418.96,0.0,53.7695,42.7435,220416.45294189453,210557.03338623047
2026-07-17 16:05:01,gpu45,0,5,26.0,1417.38,0.99,53.7695,42.7435,220416.45294189453,210557.03338623047
2026-07-17 16:05:01,gpu45,0,6,27.0,1417.52,0.0,53.7695,42.7435,220416.45294189453,210557.03338623047
2026-07-17 16:05:01,gpu45,0,7,25.0,1421.68,0.0,53.7695,42.7435,220416.45294189453,210557.03338623047
2026-07-17 16:05:01,gpu45,0,8,26.0,1415.38,0.0,53.7695,42.7435,220416.45294189453,210557.03338623047
2026-07-17 16:05:01,gpu45,0,9,25.0,1419.86,0.0,53.7695,42.7435,220416.45294189453,210557.03338623047
2026-07-17 16:05:01,gpu45,0,10,28.0,1415.34,0.0,53.7695,42.7435,220416.45294189453,210557.03338623047
2026-07-17 16:05:01,gpu45,0,11,27.0,1417.15,0.0,53.7695,42.7435,220416.45294189453,210557.03338623047
2026-07-17 16:05:01,gpu45,0,12,26.0,1418.36,0.0,53.7695,42.7435,220416.45294189453,210557.03338623047
2026-07-17 16:05:01,gpu45,0,13,25.0,1412.56,0.0,53.7695,42.7435,220416.45294189453,210557.03338623047
2026-07-17 16:05:01,gpu45,0,14,25.0,1417.32,0.0,53.7695,42.7435,220416.45294189453,210557.03338623047
2026-07-17 16:05:01,gpu45,0,15,27.0,1417.39,0.0,53.7695,42.7435,220416.45294189453,210557.03338623047
2026-07-17 16:05:01,gpu45,0,16,26.0,1417.65,0.0,53.7695,42.7435,220416.45294189453,210557.03338623047
2026-07-17 16:05:01,gpu45,0,17,27.0,1416.91,0.0,53.7695,42.7435,220416.45294189453,210557.03338623047
2026-07-17 16:05:01,gpu45,0,18,27.0,1418.32,0.0,53.7695,42.7435,220416.45294189453,210557.03338623047
2026-07-17 16:05:01,gpu45,0,19,24.0,1416.92,0.0,53.7695,42.7435,220416.45294189453,210557.03338623047
2026-07-17 16:05:01,gpu45,0,20,24.0,1422.49,0.0,53.7695,42.7435,220416.45294189453,210557.03338623047
2026-07-17 16:05:01,gpu45,0,21,25.0,1419.46,0.0,53.7695,42.7435,220416.45294189453,210557.03338623047
2026-07-17 16:05:01,gpu45,0,22,26.0,1415.97,0.0,53.7695,42.7435,220416.45294189453,210557.03338623047
2026-07-17 16:05:01,gpu45,0,23,29.0,1418.69,0.0,53.7695,42.7435,220416.45294189453,210557.03338623047
2026-07-17 16:05:01,gpu45,1,0,30.0,1452.81,0.0,64.8346,39.5165,76332.1768798828,85248.41284179688
2026-07-17 16:05:01,gpu45,1,1,30.0,1456.95,0.0,64.8346,39.5165,76332.1768798828,85248.41284179688
2026-07-17 16:05:01,gpu45,1,2,31.0,1452.74,0.0,64.8346,39.5165,76332.1768798828,85248.41284179688
2026-07-17 16:05:01,gpu45,1,3,27.0,1454.12,0.0,64.8346,39.5165,76332.1768798828,85248.41284179688
2026-07-17 16:05:01,gpu45,1,4,29.0,1458.2,0.0,64.8346,39.5165,76332.1768798828,85248.41284179688
2026-07-17 16:05:01,gpu45,1,5,30.0,1455.99,0.0,64.8346,39.5165,76332.1768798828,85248.41284179688
2026-07-17 16:05:01,gpu45,1,6,35.0,1452.59,0.0,64.8346,39.5165,76332.1768798828,85248.41284179688
2026-07-17 16:05:01,gpu45,1,7,28.0,1455.58,0.0,64.8346,39.5165,76332.1768798828,85248.41284179688
2026-07-17 16:05:01,gpu45,1,8,27.0,1451.54,0.0,64.8346,39.5165,76332.1768798828,85248.41284179688
2026-07-17 16:05:01,gpu45,1,9,27.0,1453.53,0.0,64.8346,39.5165,76332.1768798828,85248.41284179688
2026-07-17 16:05:01,gpu45,1,10,28.0,1452.25,0.0,64.8346,39.5165,76332.1768798828,85248.41284179688
2026-07-17 16:05:01,gpu45,1,11,29.0,1452.65,0.0,64.8346,39.5165,76332.1768798828,85248.41284179688
2026-07-17 16:05:01,gpu45,1,12,29.0,1450.57,0.0,64.8346,39.5165,76332.1768798828,85248.41284179688
2026-07-17 16:05:01,gpu45,1,13,27.0,1453.88,0.0,64.8346,39.5165,76332.1768798828,85248.41284179688
2026-07-17 16:05:01,gpu45,1,14,29.0,1452.74,0.0,64.8346,39.5165,76332.1768798828,85248.41284179688
2026-07-17 16:05:01,gpu45,1,15,30.0,1453.47,0.0,64.8346,39.5165,76332.1768798828,85248.41284179688
2026-07-17 16:05:01,gpu45,1,16,30.0,1453.4,0.0,64.8346,39.5165,76332.1768798828,85248.41284179688
2026-07-17 16:05:01,gpu45,1,17,26.0,1453.35,0.0,64.8346,39.5165,76332.1768798828,85248.41284179688
2026-07-17 16:05:01,gpu45,1,18,30.0,1454.92,0.0,64.8346,39.5165,76332.1768798828,85248.41284179688
2026-07-17 16:05:01,gpu45,1,19,26.0,1454.02,0.0,64.8346,39.5165,76332.1768798828,85248.41284179688
2026-07-17 16:05:01,gpu45,1,20,27.0,1453.21,0.0,64.8346,39.5165,76332.1768798828,85248.41284179688
2026-07-17 16:05:01,gpu45,1,21,28.0,1454.45,0.0,64.8346,39.5165,76332.1768798828,85248.41284179688
2026-07-17 16:05:01,gpu45,1,22,29.0,1451.31,0.0,64.8346,39.5165,76332.1768798828,85248.41284179688
2026-07-17 16:05:01,gpu45,1,23,30.0,1453.26,0.0,64.8346,39.5165,76332.1768798828,85248.41284179688
2026-07-17 16:10:01,cn21,0,0,26.0,1707.14,0.02,35.1214,29.8173,120687.44024658203,121305.0453491211
2026-07-17 16:10:01,cn21,0,1,27.0,1765.29,0.0,35.1214,29.8173,120687.44024658203,121305.0453491211
2026-07-17 16:10:01,cn21,0,2,26.0,1777.35,0.0,35.1214,29.8173,120687.44024658203,121305.0453491211
2026-07-17 16:10:01,cn21,0,3,23.0,1774.3,0.0,35.1214,29.8173,120687.44024658203,121305.0453491211
2026-07-17 16:10:01,cn21,0,4,24.0,1741.64,0.0,35.1214,29.8173,120687.44024658203,121305.0453491211
2026-07-17 16:10:01,cn21,0,5,26.0,1743.23,0.0,35.1214,29.8173,120687.44024658203,121305.0453491211
2026-07-17 16:10:01,cn21,0,6,27.0,1734.02,0.0,35.1214,29.8173,120687.44024658203,121305.0453491211
2026-07-17 16:10:01,cn21,0,7,24.0,1736.4,0.0,35.1214,29.8173,120687.44024658203,121305.0453491211
2026-07-17 16:10:01,cn21,0,8,28.0,1692.94,0.0,35.1214,29.8173,120687.44024658203,121305.0453491211
2026-07-17 16:10:01,cn21,0,9,28.0,1693.86,0.0,35.1214,29.8173,120687.44024658203,121305.0453491211
2026-07-17 16:10:01,cn21,0,10,29.0,1602.93,0.0,35.1214,29.8173,120687.44024658203,121305.0453491211
2026-07-17 16:10:01,cn21,0,11,29.0,1705.74,0.0,35.1214,29.8173,120687.44024658203,121305.0453491211
2026-07-17 16:10:01,cn21,0,12,26.0,1674.61,0.0,35.1214,29.8173,120687.44024658203,121305.0453491211
2026-07-17 16:10:01,cn21,0,13,24.0,1645.93,0.0,35.1214,29.8173,120687.44024658203,121305.0453491211
2026-07-17 16:10:01,cn21,0,14,25.0,1628.39,0.0,35.1214,29.8173,120687.44024658203,121305.0453491211
2026-07-17 16:10:01,cn21,0,15,27.0,1655.98,0.0,35.1214,29.8173,120687.44024658203,121305.0453491211
2026-07-17 16:10:01,cn21,0,16,27.0,1641.67,0.0,35.1214,29.8173,120687.44024658203,121305.0453491211
2026-07-17 16:10:01,cn21,0,17,25.0,1646.78,0.0,35.1214,29.8173,120687.44024658203,121305.0453491211
2026-07-17 16:10:01,cn21,0,18,28.0,1457.75,0.0,35.1214,29.8173,120687.44024658203,121305.0453491211
2026-07-17 16:10:01,cn21,0,19,22.0,1627.28,0.99,35.1214,29.8173,120687.44024658203,121305.0453491211
2026-07-17 16:10:01,cn21,0,20,25.0,1660.66,0.0,35.1214,29.8173,120687.44024658203,121305.0453491211
2026-07-17 16:10:01,cn21,0,21,26.0,1645.03,0.0,35.1214,29.8173,120687.44024658203,121305.0453491211
2026-07-17 16:10:01,cn21,0,22,27.0,1643.16,0.0,35.1214,29.8173,120687.44024658203,121305.0453491211
2026-07-17 16:10:01,cn21,0,23,26.0,1630.1,0.0,35.1214,29.8173,120687.44024658203,121305.0453491211
2026-07-17 16:10:01,cn21,1,0,33.0,1555.54,0.0,39.2287,50.2894,30671.74725341797,163626.75811767578
2026-07-17 16:10:01,cn21,1,1,30.0,1621.73,0.0,39.2287,50.2894,30671.74725341797,163626.75811767578
2026-07-17 16:10:01,cn21,1,2,27.0,1627.26,0.0,39.2287,50.2894,30671.74725341797,163626.75811767578
2026-07-17 16:10:01,cn21,1,3,26.0,1641.19,0.0,39.2287,50.2894,30671.74725341797,163626.75811767578
2026-07-17 16:10:01,cn21,1,4,26.0,1623.54,0.0,39.2287,50.2894,30671.74725341797,163626.75811767578
2026-07-17 16:10:01,cn21,1,5,29.0,1581.15,0.0,39.2287,50.2894,30671.74725341797,163626.75811767578
2026-07-17 16:10:01,cn21,1,6,34.0,1645.55,0.0,39.2287,50.2894,30671.74725341797,163626.75811767578
2026-07-17 16:10:01,cn21,1,7,26.0,1631.82,0.0,39.2287,50.2894,30671.74725341797,163626.75811767578
2026-07-17 16:10:01,cn21,1,8,26.0,1549.03,0.0,39.2287,50.2894,30671.74725341797,163626.75811767578
2026-07-17 16:10:01,cn21,1,9,26.0,1515.37,0.0,39.2287,50.2894,30671.74725341797,163626.75811767578
2026-07-17 16:10:01,cn21,1,10,28.0,1580.29,0.0,39.2287,50.2894,30671.74725341797,163626.75811767578
2026-07-17 16:10:01,cn21,1,11,30.0,1543.97,0.0,39.2287,50.2894,30671.74725341797,163626.75811767578
2026-07-17 16:10:01,cn21,1,12,31.0,1395.12,0.0,39.2287,50.2894,30671.74725341797,163626.75811767578
2026-07-17 16:10:01,cn21,1,13,28.0,1383.16,0.0,39.2287,50.2894,30671.74725341797,163626.75811767578
2026-07-17 16:10:01,cn21,1,14,27.0,1552.92,0.0,39.2287,50.2894,30671.74725341797,163626.75811767578
2026-07-17 16:10:01,cn21,1,15,28.0,1474.58,0.0,39.2287,50.2894,30671.74725341797,163626.75811767578
2026-07-17 16:10:01,cn21,1,16,28.0,1559.43,0.0,39.2287,50.2894,30671.74725341797,163626.75811767578
2026-07-17 16:10:01,cn21,1,17,29.0,1538.12,0.0,39.2287,50.2894,30671.74725341797,163626.75811767578
2026-07-17 16:10:01,cn21,1,18,28.0,1453.09,0.0,39.2287,50.2894,30671.74725341797,163626.75811767578
2026-07-17 16:10:01,cn21,1,19,26.0,1472.4,0.0,39.2287,50.2894,30671.74725341797,163626.75811767578
2026-07-17 16:10:01,cn21,1,20,27.0,1304.57,0.0,39.2287,50.2894,30671.74725341797,163626.75811767578
2026-07-17 16:10:01,cn21,1,21,28.0,1358.86,0.0,39.2287,50.2894,30671.74725341797,163626.75811767578
2026-07-17 16:10:01,cn21,1,22,30.0,1345.2,0.0,39.2287,50.2894,30671.74725341797,163626.75811767578
2026-07-17 16:10:01,cn21,1,23,30.0,1457.69,0.0,39.2287,50.2894,30671.74725341797,163626.75811767578
2026-07-17 16:10:01,gpu45,0,0,29.0,1431.31,0.02,53.577,42.3289,236469.14166259766,223341.0565185547
2026-07-17 16:10:01,gpu45,0,1,28.0,1431.89,0.0,53.577,42.3289,236469.14166259766,223341.0565185547
2026-07-17 16:10:01,gpu45,0,2,29.0,1428.25,0.0,53.577,42.3289,236469.14166259766,223341.0565185547
2026-07-17 16:10:01,gpu45,0,3,25.0,1423.51,0.0,53.577,42.3289,236469.14166259766,223341.0565185547
2026-07-17 16:10:01,gpu45,0,4,25.0,1418.96,0.0,53.577,42.3289,236469.14166259766,223341.0565185547
2026-07-17 16:10:01,gpu45,0,5,27.0,1417.38,0.0,53.577,42.3289,236469.14166259766,223341.0565185547
2026-07-17 16:10:01,gpu45,0,6,28.0,1417.52,0.0,53.577,42.3289,236469.14166259766,223341.0565185547
2026-07-17 16:10:01,gpu45,0,7,25.0,1421.68,0.0,53.577,42.3289,236469.14166259766,223341.0565185547
2026-07-17 16:10:01,gpu45,0,8,26.0,1415.38,0.0,53.577,42.3289,236469.14166259766,223341.0565185547
2026-07-17 16:10:01,gpu45,0,9,26.0,1419.86,0.0,53.577,42.3289,236469.14166259766,223341.0565185547
2026-07-17 16:10:01,gpu45,0,10,28.0,1415.34,0.0,53.577,42.3289,236469.14166259766,223341.0565185547
2026-07-17 16:10:01,gpu45,0,11,28.0,1417.15,0.0,53.577,42.3289,236469.14166259766,223341.0565185547
2026-07-17 16:10:01,gpu45,0,12,26.0,1418.36,0.0,53.577,42.3289,236469.14166259766,223341.0565185547
2026-07-17 16:10:01,gpu45,0,13,26.0,1412.55,0.0,53.577,42.3289,236469.14166259766,223341.0565185547
2026-07-17 16:10:01,gpu45,0,14,26.0,1417.32,0.0,53.577,42.3289,236469.14166259766,223341.0565185547
2026-07-17 16:10:01,gpu45,0,15,27.0,1417.39,0.0,53.577,42.3289,236469.14166259766,223341.0565185547
2026-07-17 16:10:01,gpu45,0,16,26.0,1417.65,0.0,53.577,42.3289,236469.14166259766,223341.0565185547
2026-07-17 16:10:01,gpu45,0,17,27.0,1416.91,0.0,53.577,42.3289,236469.14166259766,223341.0565185547
2026-07-17 16:10:01,gpu45,0,18,28.0,1418.32,0.0,53.577,42.3289,236469.14166259766,223341.0565185547
2026-07-17 16:10:01,gpu45,0,19,25.0,1416.91,0.0,53.577,42.3289,236469.14166259766,223341.0565185547
2026-07-17 16:10:01,gpu45,0,20,26.0,1422.49,0.0,53.577,42.3289,236469.14166259766,223341.0565185547
2026-07-17 16:10:01,gpu45,0,21,25.0,1419.46,0.0,53.577,42.3289,236469.14166259766,223341.0565185547
2026-07-17 16:10:01,gpu45,0,22,28.0,1415.97,0.0,53.577,42.3289,236469.14166259766,223341.0565185547
2026-07-17 16:10:01,gpu45,0,23,29.0,1418.69,0.0,53.577,42.3289,236469.14166259766,223341.0565185547
2026-07-17 16:10:01,gpu45,1,0,31.0,1452.81,0.0,64.6987,39.2102,91822.55682373047,96341.6380004883
2026-07-17 16:10:01,gpu45,1,1,30.0,1456.95,0.0,64.6987,39.2102,91822.55682373047,96341.6380004883
2026-07-17 16:10:01,gpu45,1,2,32.0,1452.74,0.0,64.6987,39.2102,91822.55682373047,96341.6380004883
2026-07-17 16:10:01,gpu45,1,3,28.0,1454.11,0.0,64.6987,39.2102,91822.55682373047,96341.6380004883
2026-07-17 16:10:01,gpu45,1,4,30.0,1458.2,0.0,64.6987,39.2102,91822.55682373047,96341.6380004883
2026-07-17 16:10:01,gpu45,1,5,29.0,1455.99,0.0,64.6987,39.2102,91822.55682373047,96341.6380004883
2026-07-17 16:10:01,gpu45,1,6,31.0,1452.59,0.0,64.6987,39.2102,91822.55682373047,96341.6380004883
2026-07-17 16:10:01,gpu45,1,7,28.0,1455.57,0.0,64.6987,39.2102,91822.55682373047,96341.6380004883
2026-07-17 16:10:01,gpu45,1,8,30.0,1451.54,0.0,64.6987,39.2102,91822.55682373047,96341.6380004883
2026-07-17 16:10:01,gpu45,1,9,28.0,1453.52,0.0,64.6987,39.2102,91822.55682373047,96341.6380004883
2026-07-17 16:10:01,gpu45,1,10,29.0,1452.25,0.0,64.6987,39.2102,91822.55682373047,96341.6380004883
2026-07-17 16:10:01,gpu45,1,11,30.0,1452.65,0.0,64.6987,39.2102,91822.55682373047,96341.6380004883
2026-07-17 16:10:01,gpu45,1,12,30.0,1450.57,0.0,64.6987,39.2102,91822.55682373047,96341.6380004883
2026-07-17 16:10:01,gpu45,1,13,28.0,1453.87,0.0,64.6987,39.2102,91822.55682373047,96341.6380004883
2026-07-17 16:10:01,gpu45,1,14,30.0,1452.74,0.99,64.6987,39.2102,91822.55682373047,96341.6380004883
2026-07-17 16:10:01,gpu45,1,15,31.0,1453.47,0.0,64.6987,39.2102,91822.55682373047,96341.6380004883
2026-07-17 16:10:01,gpu45,1,16,30.0,1453.4,0.0,64.6987,39.2102,91822.55682373047,96341.6380004883
2026-07-17 16:10:01,gpu45,1,17,27.0,1453.35,0.0,64.6987,39.2102,91822.55682373047,96341.6380004883
2026-07-17 16:10:01,gpu45,1,18,31.0,1454.92,0.0,64.6987,39.2102,91822.55682373047,96341.6380004883
2026-07-17 16:10:01,gpu45,1,19,27.0,1454.02,0.0,64.6987,39.2102,91822.55682373047,96341.6380004883
2026-07-17 16:10:01,gpu45,1,20,28.0,1453.21,0.0,64.6987,39.2102,91822.55682373047,96341.6380004883
2026-07-17 16:10:01,gpu45,1,21,29.0,1454.44,0.0,64.6987,39.2102,91822.55682373047,96341.6380004883
2026-07-17 16:10:01,gpu45,1,22,30.0,1451.3,0.0,64.6987,39.2102,91822.55682373047,96341.6380004883
2026-07-17 16:10:01,gpu45,1,23,30.0,1453.26,0.0,64.6987,39.2102,91822.55682373047,96341.6380004883
2026-07-17 16:15:01,cn21,0,0,25.0,1707.13,0.02,35.3768,29.3873,125333.15155029297,126693.2261352539
2026-07-17 16:15:01,cn21,0,1,27.0,1765.29,0.0,35.3768,29.3873,125333.15155029297,126693.2261352539
2026-07-17 16:15:01,cn21,0,2,26.0,1777.35,0.0,35.3768,29.3873,125333.15155029297,126693.2261352539
2026-07-17 16:15:01,cn21,0,3,23.0,1774.3,0.0,35.3768,29.3873,125333.15155029297,126693.2261352539
2026-07-17 16:15:01,cn21,0,4,25.0,1741.64,0.0,35.3768,29.3873,125333.15155029297,126693.2261352539
2026-07-17 16:15:01,cn21,0,5,26.0,1743.22,0.0,35.3768,29.3873,125333.15155029297,126693.2261352539
2026-07-17 16:15:01,cn21,0,6,27.0,1734.02,0.0,35.3768,29.3873,125333.15155029297,126693.2261352539
2026-07-17 16:15:01,cn21,0,7,24.0,1736.4,0.0,35.3768,29.3873,125333.15155029297,126693.2261352539
2026-07-17 16:15:01,cn21,0,8,28.0,1692.93,0.0,35.3768,29.3873,125333.15155029297,126693.2261352539
2026-07-17 16:15:01,cn21,0,9,28.0,1693.86,0.0,35.3768,29.3873,125333.15155029297,126693.2261352539
2026-07-17 16:15:01,cn21,0,10,29.0,1602.93,0.0,35.3768,29.3873,125333.15155029297,126693.2261352539
2026-07-17 16:15:01,cn21,0,11,29.0,1705.74,0.0,35.3768,29.3873,125333.15155029297,126693.2261352539
2026-07-17 16:15:01,cn21,0,12,26.0,1674.61,0.0,35.3768,29.3873,125333.15155029297,126693.2261352539
2026-07-17 16:15:01,cn21,0,13,24.0,1645.93,0.0,35.3768,29.3873,125333.15155029297,126693.2261352539
2026-07-17 16:15:01,cn21,0,14,25.0,1628.39,0.0,35.3768,29.3873,125333.15155029297,126693.2261352539
2026-07-17 16:15:01,cn21,0,15,27.0,1655.94,0.0,35.3768,29.3873,125333.15155029297,126693.2261352539
2026-07-17 16:15:01,cn21,0,16,26.0,1641.66,0.0,35.3768,29.3873,125333.15155029297,126693.2261352539
2026-07-17 16:15:01,cn21,0,17,25.0,1646.77,0.0,35.3768,29.3873,125333.15155029297,126693.2261352539
2026-07-17 16:15:01,cn21,0,18,28.0,1457.68,0.0,35.3768,29.3873,125333.15155029297,126693.2261352539
2026-07-17 16:15:01,cn21,0,19,23.0,1627.28,0.0,35.3768,29.3873,125333.15155029297,126693.2261352539
2026-07-17 16:15:01,cn21,0,20,25.0,1660.65,0.0,35.3768,29.3873,125333.15155029297,126693.2261352539
2026-07-17 16:15:01,cn21,0,21,26.0,1645.03,0.0,35.3768,29.3873,125333.15155029297,126693.2261352539
2026-07-17 16:15:01,cn21,0,22,27.0,1643.15,0.0,35.3768,29.3873,125333.15155029297,126693.2261352539
2026-07-17 16:15:01,cn21,0,23,26.0,1630.1,0.0,35.3768,29.3873,125333.15155029297,126693.2261352539
2026-07-17 16:15:01,cn21,1,0,33.0,1555.54,0.0,39.6164,49.8276,34475.584228515625,173042.83489990234
2026-07-17 16:15:01,cn21,1,1,31.0,1621.72,0.0,39.6164,49.8276,34475.584228515625,173042.83489990234
2026-07-17 16:15:01,cn21,1,2,27.0,1627.68,0.0,39.6164,49.8276,34475.584228515625,173042.83489990234
2026-07-17 16:15:01,cn21,1,3,26.0,1641.41,0.0,39.6164,49.8276,34475.584228515625,173042.83489990234
2026-07-17 16:15:01,cn21,1,4,25.0,1623.63,0.0,39.6164,49.8276,34475.584228515625,173042.83489990234
2026-07-17 16:15:01,cn21,1,5,27.0,1581.28,0.0,39.6164,49.8276,34475.584228515625,173042.83489990234
2026-07-17 16:15:01,cn21,1,6,28.0,1645.54,0.0,39.6164,49.8276,34475.584228515625,173042.83489990234
2026-07-17 16:15:01,cn21,1,7,27.0,1631.61,0.0,39.6164,49.8276,34475.584228515625,173042.83489990234
2026-07-17 16:15:01,cn21,1,8,27.0,1549.02,0.0,39.6164,49.8276,34475.584228515625,173042.83489990234
2026-07-17 16:15:01,cn21,1,9,26.0,1515.37,0.0,39.6164,49.8276,34475.584228515625,173042.83489990234
2026-07-17 16:15:01,cn21,1,10,28.0,1580.06,0.0,39.6164,49.8276,34475.584228515625,173042.83489990234
2026-07-17 16:15:01,cn21,1,11,29.0,1544.15,0.99,39.6164,49.8276,34475.584228515625,173042.83489990234
2026-07-17 16:15:01,cn21,1,12,31.0,1395.12,0.0,39.6164,49.8276,34475.584228515625,173042.83489990234
2026-07-17 16:15:01,cn21,1,13,32.0,1383.71,0.0,39.6164,49.8276,34475.584228515625,173042.83489990234
2026-07-17 16:15:01,cn21,1,14,27.0,1552.92,0.0,39.6164,49.8276,34475.584228515625,173042.83489990234
2026-07-17 16:15:01,cn21,1,15,28.0,1474.93,0.0,39.6164,49.8276,34475.584228515625,173042.83489990234
2026-07-17 16:15:01,cn21,1,16,28.0,1559.42,0.0,39.6164,49.8276,34475.584228515625,173042.83489990234
2026-07-17 16:15:01,cn21,1,17,29.0,1538.12,0.0,39.6164,49.8276,34475.584228515625,173042.83489990234
2026-07-17 16:15:01,cn21,1,18,27.0,1453.09,0.0,39.6164,49.8276,34475.584228515625,173042.83489990234
2026-07-17 16:15:01,cn21,1,19,26.0,1472.39,0.0,39.6164,49.8276,34475.584228515625,173042.83489990234
2026-07-17 16:15:01,cn21,1,20,26.0,1304.56,0.0,39.6164,49.8276,34475.584228515625,173042.83489990234
2026-07-17 16:15:01,cn21,1,21,28.0,1358.86,0.0,39.6164,49.8276,34475.584228515625,173042.83489990234
2026-07-17 16:15:01,cn21,1,22,29.0,1345.19,0.0,39.6164,49.8276,34475.584228515625,173042.83489990234
2026-07-17 16:15:01,cn21,1,23,28.0,1457.69,0.0,39.6164,49.8276,34475.584228515625,173042.83489990234
2026-07-17 16:15:01,gpu45,0,0,29.0,1431.3,0.0,53.3573,43.5535,252493.49481201172,236178.72290039062
2026-07-17 16:15:01,gpu45,0,1,28.0,1431.89,0.0,53.3573,43.5535,252493.49481201172,236178.72290039062
2026-07-17 16:15:01,gpu45,0,2,29.0,1428.25,0.0,53.3573,43.5535,252493.49481201172,236178.72290039062
2026-07-17 16:15:01,gpu45,0,3,25.0,1423.51,0.0,53.3573,43.5535,252493.49481201172,236178.72290039062
2026-07-17 16:15:01,gpu45,0,4,26.0,1418.96,0.0,53.3573,43.5535,252493.49481201172,236178.72290039062
2026-07-17 16:15:01,gpu45,0,5,27.0,1417.38,0.0,53.3573,43.5535,252493.49481201172,236178.72290039062
2026-07-17 16:15:01,gpu45,0,6,28.0,1417.52,0.0,53.3573,43.5535,252493.49481201172,236178.72290039062
2026-07-17 16:15:01,gpu45,0,7,25.0,1421.68,0.0,53.3573,43.5535,252493.49481201172,236178.72290039062
2026-07-17 16:15:01,gpu45,0,8,26.0,1415.38,0.0,53.3573,43.5535,252493.49481201172,236178.72290039062
2026-07-17 16:15:01,gpu45,0,9,26.0,1419.86,0.0,53.3573,43.5535,252493.49481201172,236178.72290039062
2026-07-17 16:15:01,gpu45,0,10,28.0,1415.33,0.0,53.3573,43.5535,252493.49481201172,236178.72290039062
2026-07-17 16:15:01,gpu45,0,11,28.0,1417.14,0.0,53.3573,43.5535,252493.49481201172,236178.72290039062
2026-07-17 16:15:01,gpu45,0,12,26.0,1418.36,0.0,53.3573,43.5535,252493.49481201172,236178.72290039062
2026-07-17 16:15:01,gpu45,0,13,26.0,1412.55,0.0,53.3573,43.5535,252493.49481201172,236178.72290039062
2026-07-17 16:15:01,gpu45,0,14,26.0,1417.32,0.0,53.3573,43.5535,252493.49481201172,236178.72290039062
2026-07-17 16:15:01,gpu45,0,15,27.0,1417.39,0.0,53.3573,43.5535,252493.49481201172,236178.72290039062
2026-07-17 16:15:01,gpu45,0,16,26.0,1417.65,0.0,53.3573,43.5535,252493.49481201172,236178.72290039062
2026-07-17 16:15:01,gpu45,0,17,27.0,1416.91,0.0,53.3573,43.5535,252493.49481201172,236178.72290039062
2026-07-17 16:15:01,gpu45,0,18,28.0,1418.32,0.0,53.3573,43.5535,252493.49481201172,236178.72290039062
2026-07-17 16:15:01,gpu45,0,19,25.0,1416.91,0.0,53.3573,43.5535,252493.49481201172,236178.72290039062
2026-07-17 16:15:01,gpu45,0,20,25.0,1422.48,0.0,53.3573,43.5535,252493.49481201172,236178.72290039062
2026-07-17 16:15:01,gpu45,0,21,25.0,1419.46,0.0,53.3573,43.5535,252493.49481201172,236178.72290039062
2026-07-17 16:15:01,gpu45,0,22,27.0,1415.97,0.0,53.3573,43.5535,252493.49481201172,236178.72290039062
2026-07-17 16:15:01,gpu45,0,23,29.0,1418.69,0.0,53.3573,43.5535,252493.49481201172,236178.72290039062
2026-07-17 16:15:01,gpu45,1,0,31.0,1452.81,0.0,64.7765,39.4851,107321.19635009766,107501.39953613281
2026-07-17 16:15:01,gpu45,1,1,30.0,1456.95,0.0,64.7765,39.4851,107321.19635009766,107501.39953613281
2026-07-17 16:15:01,gpu45,1,2,31.0,1452.74,0.0,64.7765,39.4851,107321.19635009766,107501.39953613281
2026-07-17 16:15:01,gpu45,1,3,28.0,1454.11,0.0,64.7765,39.4851,107321.19635009766,107501.39953613281
2026-07-17 16:15:01,gpu45,1,4,30.0,1458.2,0.0,64.7765,39.4851,107321.19635009766,107501.39953613281
2026-07-17 16:15:01,gpu45,1,5,30.0,1455.98,0.0,64.7765,39.4851,107321.19635009766,107501.39953613281
2026-07-17 16:15:01,gpu45,1,6,30.0,1452.59,0.0,64.7765,39.4851,107321.19635009766,107501.39953613281
2026-07-17 16:15:01,gpu45,1,7,28.0,1455.57,0.0,64.7765,39.4851,107321.19635009766,107501.39953613281
2026-07-17 16:15:01,gpu45,1,8,28.0,1451.54,0.0,64.7765,39.4851,107321.19635009766,107501.39953613281
2026-07-17 16:15:01,gpu45,1,9,28.0,1453.52,0.0,64.7765,39.4851,107321.19635009766,107501.39953613281
2026-07-17 16:15:01,gpu45,1,10,29.0,1452.25,0.0,64.7765,39.4851,107321.19635009766,107501.39953613281
2026-07-17 16:15:01,gpu45,1,11,32.0,1452.65,0.0,64.7765,39.4851,107321.19635009766,107501.39953613281
2026-07-17 16:15:01,gpu45,1,12,30.0,1450.57,0.0,64.7765,39.4851,107321.19635009766,107501.39953613281
2026-07-17 16:15:01,gpu45,1,13,28.0,1453.87,0.0,64.7765,39.4851,107321.19635009766,107501.39953613281
2026-07-17 16:15:01,gpu45,1,14,30.0,1452.73,0.0,64.7765,39.4851,107321.19635009766,107501.39953613281
2026-07-17 16:15:01,gpu45,1,15,31.0,1453.46,0.0,64.7765,39.4851,107321.19635009766,107501.39953613281
2026-07-17 16:15:01,gpu45,1,16,30.0,1453.39,0.0,64.7765,39.4851,107321.19635009766,107501.39953613281
2026-07-17 16:15:01,gpu45,1,17,27.0,1453.35,0.0,64.7765,39.4851,107321.19635009766,107501.39953613281
2026-07-17 16:15:01,gpu45,1,18,30.0,1454.91,0.0,64.7765,39.4851,107321.19635009766,107501.39953613281
2026-07-17 16:15:01,gpu45,1,19,26.0,1454.02,0.0,64.7765,39.4851,107321.19635009766,107501.39953613281
2026-07-17 16:15:01,gpu45,1,20,28.0,1453.21,0.0,64.7765,39.4851,107321.19635009766,107501.39953613281
2026-07-17 16:15:01,gpu45,1,21,29.0,1454.44,0.0,64.7765,39.4851,107321.19635009766,107501.39953613281
2026-07-17 16:15:01,gpu45,1,22,30.0,1451.3,0.0,64.7765,39.4851,107321.19635009766,107501.39953613281
2026-07-17 16:15:01,gpu45,1,23,31.0,1453.26,0.0,64.7765,39.4851,107321.19635009766,107501.39953613281
2026-07-17 16:20:01,cn21,0,0,25.0,1707.12,0.04,35.1852,29.6137,129959.07623291016,131971.13793945312
2026-07-17 16:20:01,cn21,0,1,27.0,1765.28,0.0,35.1852,29.6137,129959.07623291016,131971.13793945312
2026-07-17 16:20:01,cn21,0,2,27.0,1777.35,0.0,35.1852,29.6137,129959.07623291016,131971.13793945312
2026-07-17 16:20:01,cn21,0,3,23.0,1774.29,0.0,35.1852,29.6137,129959.07623291016,131971.13793945312
2026-07-17 16:20:01,cn21,0,4,25.0,1741.63,0.0,35.1852,29.6137,129959.07623291016,131971.13793945312
2026-07-17 16:20:01,cn21,0,5,26.0,1743.22,0.0,35.1852,29.6137,129959.07623291016,131971.13793945312
2026-07-17 16:20:01,cn21,0,6,27.0,1734.02,0.0,35.1852,29.6137,129959.07623291016,131971.13793945312
2026-07-17 16:20:01,cn21,0,7,24.0,1736.4,0.0,35.1852,29.6137,129959.07623291016,131971.13793945312
2026-07-17 16:20:01,cn21,0,8,28.0,1692.93,0.0,35.1852,29.6137,129959.07623291016,131971.13793945312
2026-07-17 16:20:01,cn21,0,9,28.0,1693.85,0.0,35.1852,29.6137,129959.07623291016,131971.13793945312
2026-07-17 16:20:01,cn21,0,10,28.0,1602.92,0.0,35.1852,29.6137,129959.07623291016,131971.13793945312
2026-07-17 16:20:01,cn21,0,11,29.0,1705.73,0.0,35.1852,29.6137,129959.07623291016,131971.13793945312
2026-07-17 16:20:01,cn21,0,12,26.0,1674.61,0.0,35.1852,29.6137,129959.07623291016,131971.13793945312
2026-07-17 16:20:01,cn21,0,13,24.0,1645.92,0.0,35.1852,29.6137,129959.07623291016,131971.13793945312
2026-07-17 16:20:01,cn21,0,14,25.0,1628.38,0.0,35.1852,29.6137,129959.07623291016,131971.13793945312
2026-07-17 16:20:01,cn21,0,15,27.0,1655.9,0.0,35.1852,29.6137,129959.07623291016,131971.13793945312
2026-07-17 16:20:01,cn21,0,16,27.0,1641.66,0.0,35.1852,29.6137,129959.07623291016,131971.13793945312
2026-07-17 16:20:01,cn21,0,17,25.0,1646.77,0.0,35.1852,29.6137,129959.07623291016,131971.13793945312
2026-07-17 16:20:01,cn21,0,18,28.0,1457.63,0.0,35.1852,29.6137,129959.07623291016,131971.13793945312
2026-07-17 16:20:01,cn21,0,19,23.0,1627.25,0.0,35.1852,29.6137,129959.07623291016,131971.13793945312
2026-07-17 16:20:01,cn21,0,20,25.0,1660.65,0.0,35.1852,29.6137,129959.07623291016,131971.13793945312
2026-07-17 16:20:01,cn21,0,21,26.0,1645.02,0.0,35.1852,29.6137,129959.07623291016,131971.13793945312
2026-07-17 16:20:01,cn21,0,22,27.0,1643.15,0.0,35.1852,29.6137,129959.07623291016,131971.13793945312
2026-07-17 16:20:01,cn21,0,23,26.0,1630.09,0.0,35.1852,29.6137,129959.07623291016,131971.13793945312
2026-07-17 16:20:01,cn21,1,0,34.0,1555.57,0.0,39.9495,49.5677,38360.8169555664,182355.74114990234
2026-07-17 16:20:01,cn21,1,1,31.0,1621.7,0.0,39.9495,49.5677,38360.8169555664,182355.74114990234
2026-07-17 16:20:01,cn21,1,2,29.0,1627.67,0.0,39.9495,49.5677,38360.8169555664,182355.74114990234
2026-07-17 16:20:01,cn21,1,3,26.0,1641.41,0.0,39.9495,49.5677,38360.8169555664,182355.74114990234
2026-07-17 16:20:01,cn21,1,4,26.0,1623.72,0.0,39.9495,49.5677,38360.8169555664,182355.74114990234
2026-07-17 16:20:01,cn21,1,5,27.0,1581.28,0.0,39.9495,49.5677,38360.8169555664,182355.74114990234
2026-07-17 16:20:01,cn21,1,6,27.0,1645.54,0.0,39.9495,49.5677,38360.8169555664,182355.74114990234
2026-07-17 16:20:01,cn21,1,7,26.0,1631.4,0.0,39.9495,49.5677,38360.8169555664,182355.74114990234
2026-07-17 16:20:01,cn21,1,8,27.0,1549.02,0.0,39.9495,49.5677,38360.8169555664,182355.74114990234
2026-07-17 16:20:01,cn21,1,9,26.0,1515.37,0.0,39.9495,49.5677,38360.8169555664,182355.74114990234
2026-07-17 16:20:01,cn21,1,10,30.0,1580.04,0.0,39.9495,49.5677,38360.8169555664,182355.74114990234
2026-07-17 16:20:01,cn21,1,11,29.0,1544.89,0.0,39.9495,49.5677,38360.8169555664,182355.74114990234
2026-07-17 16:20:01,cn21,1,12,31.0,1395.11,0.0,39.9495,49.5677,38360.8169555664,182355.74114990234
2026-07-17 16:20:01,cn21,1,13,29.0,1384.79,0.0,39.9495,49.5677,38360.8169555664,182355.74114990234
2026-07-17 16:20:01,cn21,1,14,28.0,1553.45,0.0,39.9495,49.5677,38360.8169555664,182355.74114990234
2026-07-17 16:20:01,cn21,1,15,28.0,1475.27,0.0,39.9495,49.5677,38360.8169555664,182355.74114990234
2026-07-17 16:20:01,cn21,1,16,29.0,1559.42,0.0,39.9495,49.5677,38360.8169555664,182355.74114990234
2026-07-17 16:20:01,cn21,1,17,29.0,1537.85,0.99,39.9495,49.5677,38360.8169555664,182355.74114990234
2026-07-17 16:20:01,cn21,1,18,27.0,1453.09,0.99,39.9495,49.5677,38360.8169555664,182355.74114990234
2026-07-17 16:20:01,cn21,1,19,26.0,1472.38,0.0,39.9495,49.5677,38360.8169555664,182355.74114990234
2026-07-17 16:20:01,cn21,1,20,26.0,1304.54,0.0,39.9495,49.5677,38360.8169555664,182355.74114990234
2026-07-17 16:20:01,cn21,1,21,28.0,1358.85,0.0,39.9495,49.5677,38360.8169555664,182355.74114990234
2026-07-17 16:20:01,cn21,1,22,29.0,1345.18,0.0,39.9495,49.5677,38360.8169555664,182355.74114990234
2026-07-17 16:20:01,cn21,1,23,28.0,1457.7,0.0,39.9495,49.5677,38360.8169555664,182355.74114990234
2026-07-17 16:20:01,gpu45,0,0,30.0,1431.3,0.04,53.3899,43.4454,6365.836364746094,249002.82299804688
2026-07-17 16:20:01,gpu45,0,1,28.0,1431.89,0.0,53.3899,43.4454,6365.836364746094,249002.82299804688
2026-07-17 16:20:01,gpu45,0,2,29.0,1428.25,0.0,53.3899,43.4454,6365.836364746094,249002.82299804688
2026-07-17 16:20:01,gpu45,0,3,26.0,1423.5,0.0,53.3899,43.4454,6365.836364746094,249002.82299804688
2026-07-17 16:20:01,gpu45,0,4,26.0,1418.95,0.0,53.3899,43.4454,6365.836364746094,249002.82299804688
2026-07-17 16:20:01,gpu45,0,5,27.0,1417.37,0.0,53.3899,43.4454,6365.836364746094,249002.82299804688
2026-07-17 16:20:01,gpu45,0,6,29.0,1417.51,0.0,53.3899,43.4454,6365.836364746094,249002.82299804688
2026-07-17 16:20:01,gpu45,0,7,26.0,1421.68,0.0,53.3899,43.4454,6365.836364746094,249002.82299804688
2026-07-17 16:20:01,gpu45,0,8,26.0,1415.38,0.0,53.3899,43.4454,6365.836364746094,249002.82299804688
2026-07-17 16:20:01,gpu45,0,9,27.0,1419.85,0.0,53.3899,43.4454,6365.836364746094,249002.82299804688
2026-07-17 16:20:01,gpu45,0,10,29.0,1415.33,0.0,53.3899,43.4454,6365.836364746094,249002.82299804688
2026-07-17 16:20:01,gpu45,0,11,28.0,1417.14,0.0,53.3899,43.4454,6365.836364746094,249002.82299804688
2026-07-17 16:20:01,gpu45,0,12,27.0,1418.35,0.99,53.3899,43.4454,6365.836364746094,249002.82299804688
2026-07-17 16:20:01,gpu45,0,13,26.0,1412.55,0.0,53.3899,43.4454,6365.836364746094,249002.82299804688
2026-07-17 16:20:01,gpu45,0,14,27.0,1417.32,0.0,53.3899,43.4454,6365.836364746094,249002.82299804688
2026-07-17 16:20:01,gpu45,0,15,28.0,1417.39,0.0,53.3899,43.4454,6365.836364746094,249002.82299804688
2026-07-17 16:20:01,gpu45,0,16,27.0,1417.64,0.0,53.3899,43.4454,6365.836364746094,249002.82299804688
2026-07-17 16:20:01,gpu45,0,17,27.0,1416.91,1.0,53.3899,43.4454,6365.836364746094,249002.82299804688
2026-07-17 16:20:01,gpu45,0,18,28.0,1418.32,0.0,53.3899,43.4454,6365.836364746094,249002.82299804688
2026-07-17 16:20:01,gpu45,0,19,25.0,1416.91,0.0,53.3899,43.4454,6365.836364746094,249002.82299804688
2026-07-17 16:20:01,gpu45,0,20,25.0,1422.48,0.0,53.3899,43.4454,6365.836364746094,249002.82299804688
2026-07-17 16:20:01,gpu45,0,21,25.0,1419.46,0.0,53.3899,43.4454,6365.836364746094,249002.82299804688
2026-07-17 16:20:01,gpu45,0,22,28.0,1415.97,0.0,53.3899,43.4454,6365.836364746094,249002.82299804688
2026-07-17 16:20:01,gpu45,0,23,30.0,1418.69,0.0,53.3899,43.4454,6365.836364746094,249002.82299804688
2026-07-17 16:20:01,gpu45,1,0,31.0,1452.81,0.0,64.7965,39.7961,122809.3828125,118600.1240234375
2026-07-17 16:20:01,gpu45,1,1,31.0,1456.94,0.0,64.7965,39.7961,122809.3828125,118600.1240234375
2026-07-17 16:20:01,gpu45,1,2,31.0,1452.74,0.0,64.7965,39.7961,122809.3828125,118600.1240234375
2026-07-17 16:20:01,gpu45,1,3,28.0,1454.11,0.0,64.7965,39.7961,122809.3828125,118600.1240234375
2026-07-17 16:20:01,gpu45,1,4,30.0,1458.2,0.0,64.7965,39.7961,122809.3828125,118600.1240234375
2026-07-17 16:20:01,gpu45,1,5,33.0,1455.98,0.0,64.7965,39.7961,122809.3828125,118600.1240234375
2026-07-17 16:20:01,gpu45,1,6,31.0,1452.59,0.0,64.7965,39.7961,122809.3828125,118600.1240234375
2026-07-17 16:20:01,gpu45,1,7,28.0,1455.57,0.0,64.7965,39.7961,122809.3828125,118600.1240234375
2026-07-17 16:20:01,gpu45,1,8,28.0,1451.53,0.0,64.7965,39.7961,122809.3828125,118600.1240234375
2026-07-17 16:20:01,gpu45,1,9,28.0,1453.52,0.0,64.7965,39.7961,122809.3828125,118600.1240234375
2026-07-17 16:20:01,gpu45,1,10,30.0,1452.24,0.0,64.7965,39.7961,122809.3828125,118600.1240234375
2026-07-17 16:20:01,gpu45,1,11,30.0,1452.64,0.0,64.7965,39.7961,122809.3828125,118600.1240234375
2026-07-17 16:20:01,gpu45,1,12,30.0,1450.56,0.0,64.7965,39.7961,122809.3828125,118600.1240234375
2026-07-17 16:20:01,gpu45,1,13,28.0,1453.87,0.0,64.7965,39.7961,122809.3828125,118600.1240234375
2026-07-17 16:20:01,gpu45,1,14,30.0,1452.73,0.0,64.7965,39.7961,122809.3828125,118600.1240234375
2026-07-17 16:20:01,gpu45,1,15,31.0,1453.46,0.0,64.7965,39.7961,122809.3828125,118600.1240234375
2026-07-17 16:20:01,gpu45,1,16,30.0,1453.39,0.0,64.7965,39.7961,122809.3828125,118600.1240234375
2026-07-17 16:20:01,gpu45,1,17,28.0,1453.35,0.0,64.7965,39.7961,122809.3828125,118600.1240234375
2026-07-17 16:20:01,gpu45,1,18,31.0,1454.91,0.0,64.7965,39.7961,122809.3828125,118600.1240234375
2026-07-17 16:20:01,gpu45,1,19,27.0,1454.02,0.0,64.7965,39.7961,122809.3828125,118600.1240234375
2026-07-17 16:20:01,gpu45,1,20,28.0,1453.21,0.0,64.7965,39.7961,122809.3828125,118600.1240234375
2026-07-17 16:20:01,gpu45,1,21,30.0,1454.44,0.0,64.7965,39.7961,122809.3828125,118600.1240234375
2026-07-17 16:20:01,gpu45,1,22,30.0,1451.3,0.0,64.7965,39.7961,122809.3828125,118600.1240234375
2026-07-17 16:20:01,gpu45,1,23,31.0,1453.26,0.0,64.7965,39.7961,122809.3828125,118600.1240234375
